"动作入口","入口序号","参数","声明状态","通道采样数","最小值","最大值","首值","末值",">0采样区间",">0.5采样区间"
"anon/angry01","1","PARAM_HAND_L_01_001","已声明","150","0","1","0","1","0.8–4.967s","0.833–4.967s"
"anon/angry01","1","PARAM_HAND_L_02_001","已声明","1","0","0","0","0","",""
"anon/angry01","1","PARAM_HAND_L_03_001","已声明","1","0","0","0","0","",""
"anon/angry01","1","PARAM_HAND_L_04_001","已声明","1","0","0","0","0","",""
"anon/angry01","1","PARAM_HAND_L_05_001","已声明","150","0","1","1","0","0–0.867s","0–0.8s"
"anon/angry01","1","PARAM_HAND_L_06_001","已声明","1","0","0","0","0","",""
"anon/angry01","1","PARAM_HAND_L_07_001","已声明","1","0","0","0","0","",""
"anon/angry01","1","PARAM_HAND_R_01_001","已声明","150","0","1","0","1","0.8–4.967s","0.833–4.967s"
"anon/angry01","1","PARAM_HAND_R_02_001","已声明","1","0","0","0","0","",""
"anon/angry01","1","PARAM_HAND_R_03_001","已声明","1","0","0","0","0","",""
"anon/angry01","1","PARAM_HAND_R_04_001","已声明","1","0","0","0","0","",""
"anon/angry01","1","PARAM_HAND_R_05_001","已声明","150","0","1","1","0","0–0.867s","0–0.8s"
"anon/angry01","1","PARAM_HAND_R_06_001","已声明","1","0","0","0","0","",""
"anon/angry01","1","PARAM_HAND_R_09_001","已声明","1","0","0","0","0","",""
"anon/angry02","1","PARAM_HAND_L_01_001","已声明","1","0","0","0","0","",""
"anon/angry02","1","PARAM_HAND_L_02_001","已声明","1","0","0","0","0","",""
"anon/angry02","1","PARAM_HAND_L_03_001","已声明","1","0","0","0","0","",""
"anon/angry02","1","PARAM_HAND_L_04_001","已声明","1","0","0","0","0","",""
"anon/angry02","1","PARAM_HAND_L_05_001","已声明","1","0","0","0","0","",""
"anon/angry02","1","PARAM_HAND_L_06_001","已声明","1","0","0","0","0","",""
"anon/angry02","1","PARAM_HAND_L_07_001","已声明","1","1","1","1","1","0–6.467s","0–6.467s"
"anon/angry02","1","PARAM_HAND_R_01_001","已声明","1","0","0","0","0","",""
"anon/angry02","1","PARAM_HAND_R_02_001","已声明","1","0","0","0","0","",""
"anon/angry02","1","PARAM_HAND_R_03_001","已声明","1","0","0","0","0","",""
"anon/angry02","1","PARAM_HAND_R_04_001","已声明","1","0","0","0","0","",""
"anon/angry02","1","PARAM_HAND_R_05_001","已声明","1","0","0","0","0","",""
"anon/angry02","1","PARAM_HAND_R_06_001","已声明","1","0","0","0","0","",""
"anon/angry02","1","PARAM_HAND_R_09_001","已声明","1","1","1","1","1","0–6.467s","0–6.467s"
"anon/angry03","1","PARAM_HAND_L_01_001","已声明","195","0","1","0","1","0.7–6.467s","0.7–6.467s"
"anon/angry03","1","PARAM_HAND_L_02_001","已声明","1","0","0","0","0","",""
"anon/angry03","1","PARAM_HAND_L_03_001","已声明","1","0","0","0","0","",""
"anon/angry03","1","PARAM_HAND_L_04_001","已声明","1","0","0","0","0","",""
"anon/angry03","1","PARAM_HAND_L_05_001","已声明","195","0","1","1","0","0–0.7s","0–0.667s"
"anon/angry03","1","PARAM_HAND_L_06_001","已声明","1","0","0","0","0","",""
"anon/angry03","1","PARAM_HAND_L_07_001","已声明","1","0","0","0","0","",""
"anon/angry03","1","PARAM_HAND_R_01_001","已声明","195","0","1","0","1","0.7–6.467s","0.7–6.467s"
"anon/angry03","1","PARAM_HAND_R_02_001","已声明","1","0","0","0","0","",""
"anon/angry03","1","PARAM_HAND_R_03_001","已声明","1","0","0","0","0","",""
"anon/angry03","1","PARAM_HAND_R_04_001","已声明","1","0","0","0","0","",""
"anon/angry03","1","PARAM_HAND_R_05_001","已声明","195","0","1","1","0","0–0.7s","0–0.667s"
"anon/angry03","1","PARAM_HAND_R_06_001","已声明","1","0","0","0","0","",""
"anon/angry03","1","PARAM_HAND_R_09_001","已声明","1","0","0","0","0","",""
"anon/angry04","1","PARAM_HAND_L_01_001","已声明","1","1","1","1","1","0–7.967s","0–7.967s"
"anon/angry04","1","PARAM_HAND_L_02_001","已声明","1","0","0","0","0","",""
"anon/angry04","1","PARAM_HAND_L_03_001","已声明","1","0","0","0","0","",""
"anon/angry04","1","PARAM_HAND_L_04_001","已声明","1","0","0","0","0","",""
"anon/angry04","1","PARAM_HAND_L_05_001","已声明","1","0","0","0","0","",""
"anon/angry04","1","PARAM_HAND_L_06_001","已声明","1","0","0","0","0","",""
"anon/angry04","1","PARAM_HAND_L_07_001","已声明","1","0","0","0","0","",""
"anon/angry04","1","PARAM_HAND_R_01_001","已声明","1","1","1","1","1","0–7.967s","0–7.967s"
"anon/angry04","1","PARAM_HAND_R_02_001","已声明","1","0","0","0","0","",""
"anon/angry04","1","PARAM_HAND_R_03_001","已声明","1","0","0","0","0","",""
"anon/angry04","1","PARAM_HAND_R_04_001","已声明","1","0","0","0","0","",""
"anon/angry04","1","PARAM_HAND_R_05_001","已声明","1","0","0","0","0","",""
"anon/angry04","1","PARAM_HAND_R_06_001","已声明","1","0","0","0","0","",""
"anon/angry04","1","PARAM_HAND_R_09_001","已声明","1","0","0","0","0","",""
"anon/bye01","1","PARAM_HAND_L_01_001","已声明","1","1","1","1","1","0–6.467s","0–6.467s"
"anon/bye01","1","PARAM_HAND_L_02_001","已声明","1","0","0","0","0","",""
"anon/bye01","1","PARAM_HAND_L_03_001","已声明","1","0","0","0","0","",""
"anon/bye01","1","PARAM_HAND_L_04_001","已声明","1","0","0","0","0","",""
"anon/bye01","1","PARAM_HAND_L_05_001","已声明","1","0","0","0","0","",""
"anon/bye01","1","PARAM_HAND_L_06_001","已声明","1","0","0","0","0","",""
"anon/bye01","1","PARAM_HAND_L_07_001","已声明","1","0","0","0","0","",""
"anon/bye01","1","PARAM_HAND_R_01_001","已声明","1","0","0","0","0","",""
"anon/bye01","1","PARAM_HAND_R_02_001","已声明","1","0","0","0","0","",""
"anon/bye01","1","PARAM_HAND_R_03_001","已声明","1","0","0","0","0","",""
"anon/bye01","1","PARAM_HAND_R_04_001","已声明","1","1","1","1","1","0–6.467s","0–6.467s"
"anon/bye01","1","PARAM_HAND_R_05_001","已声明","1","0","0","0","0","",""
"anon/bye01","1","PARAM_HAND_R_06_001","已声明","1","0","0","0","0","",""
"anon/bye01","1","PARAM_HAND_R_09_001","已声明","1","0","0","0","0","",""
"anon/cry01","1","PARAM_HAND_L_01_001","已声明","1","0","0","0","0","",""
"anon/cry01","1","PARAM_HAND_L_02_001","已声明","1","0","0","0","0","",""
"anon/cry01","1","PARAM_HAND_L_03_001","已声明","1","0","0","0","0","",""
"anon/cry01","1","PARAM_HAND_L_04_001","已声明","1","0","0","0","0","",""
"anon/cry01","1","PARAM_HAND_L_05_001","已声明","1","1","1","1","1","0–6.467s","0–6.467s"
"anon/cry01","1","PARAM_HAND_L_06_001","已声明","1","0","0","0","0","",""
"anon/cry01","1","PARAM_HAND_L_07_001","已声明","1","0","0","0","0","",""
"anon/cry01","1","PARAM_HAND_R_01_001","已声明","1","0","0","0","0","",""
"anon/cry01","1","PARAM_HAND_R_02_001","已声明","1","0","0","0","0","",""
"anon/cry01","1","PARAM_HAND_R_03_001","已声明","1","0","0","0","0","",""
"anon/cry01","1","PARAM_HAND_R_04_001","已声明","1","0","0","0","0","",""
"anon/cry01","1","PARAM_HAND_R_05_001","已声明","1","1","1","1","1","0–6.467s","0–6.467s"
"anon/cry01","1","PARAM_HAND_R_06_001","已声明","1","0","0","0","0","",""
"anon/cry01","1","PARAM_HAND_R_09_001","已声明","1","0","0","0","0","",""
"anon/cry02","1","PARAM_HAND_L_01_001","已声明","1","0","0","0","0","",""
"anon/cry02","1","PARAM_HAND_L_02_001","已声明","1","0","0","0","0","",""
"anon/cry02","1","PARAM_HAND_L_03_001","已声明","1","0","0","0","0","",""
"anon/cry02","1","PARAM_HAND_L_04_001","已声明","1","0","0","0","0","",""
"anon/cry02","1","PARAM_HAND_L_05_001","已声明","1","0","0","0","0","",""
"anon/cry02","1","PARAM_HAND_L_06_001","已声明","1","1","1","1","1","0–4.967s","0–4.967s"
"anon/cry02","1","PARAM_HAND_L_07_001","已声明","1","0","0","0","0","",""
"anon/cry02","1","PARAM_HAND_R_01_001","已声明","1","0","0","0","0","",""
"anon/cry02","1","PARAM_HAND_R_02_001","已声明","1","0","0","0","0","",""
"anon/cry02","1","PARAM_HAND_R_03_001","已声明","1","0","0","0","0","",""
"anon/cry02","1","PARAM_HAND_R_04_001","已声明","1","0","0","0","0","",""
"anon/cry02","1","PARAM_HAND_R_05_001","已声明","1","0","0","0","0","",""
"anon/cry02","1","PARAM_HAND_R_06_001","已声明","1","1","1","1","1","0–4.967s","0–4.967s"
"anon/cry02","1","PARAM_HAND_R_09_001","已声明","1","0","0","0","0","",""
"anon/gacha_b2024_01","1","PARAM_HAND_L_01_001","已声明","1","0","0","0","0","",""
"anon/gacha_b2024_01","1","PARAM_HAND_L_02_001","已声明","1","0","0","0","0","",""
"anon/gacha_b2024_01","1","PARAM_HAND_L_03_001","已声明","1","0","0","0","0","",""
"anon/gacha_b2024_01","1","PARAM_HAND_L_04_001","已声明","1","0","0","0","0","",""
"anon/gacha_b2024_01","1","PARAM_HAND_L_05_001","已声明","1","1","1","1","1","0–6.467s","0–6.467s"
"anon/gacha_b2024_01","1","PARAM_HAND_L_06_001","已声明","1","0","0","0","0","",""
"anon/gacha_b2024_01","1","PARAM_HAND_L_07_001","已声明","1","0","0","0","0","",""
"anon/gacha_b2024_01","1","PARAM_HAND_R_01_001","已声明","1","1","1","1","1","0–6.467s","0–6.467s"
"anon/gacha_b2024_01","1","PARAM_HAND_R_02_001","已声明","1","0","0","0","0","",""
"anon/gacha_b2024_01","1","PARAM_HAND_R_03_001","已声明","1","0","0","0","0","",""
"anon/gacha_b2024_01","1","PARAM_HAND_R_04_001","已声明","1","0","0","0","0","",""
"anon/gacha_b2024_01","1","PARAM_HAND_R_05_001","已声明","1","0","0","0","0","",""
"anon/gacha_b2024_01","1","PARAM_HAND_R_06_001","已声明","1","0","0","0","0","",""
"anon/gacha_b2024_01","1","PARAM_HAND_R_09_001","已声明","1","0","0","0","0","",""
"anon/gacha_c_a_01","1","PARAM_HAND_L_01_001","已声明","180","0","1","1","0","0–2.333s","0–2.233s"
"anon/gacha_c_a_01","1","PARAM_HAND_L_02_001","已声明","180","0","1","0","1","2.2–5.967s","2.3–5.967s"
"anon/gacha_c_a_01","1","PARAM_HAND_L_03_001","已声明","1","0","0","0","0","",""
"anon/gacha_c_a_01","1","PARAM_HAND_L_04_001","已声明","1","0","0","0","0","",""
"anon/gacha_c_a_01","1","PARAM_HAND_L_05_001","已声明","1","0","0","0","0","",""
"anon/gacha_c_a_01","1","PARAM_HAND_L_06_001","已声明","1","0","0","0","0","",""
"anon/gacha_c_a_01","1","PARAM_HAND_L_07_001","已声明","1","0","0","0","0","",""
"anon/gacha_c_a_01","1","PARAM_HAND_R_01_001","已声明","1","0","0","0","0","",""
"anon/gacha_c_a_01","1","PARAM_HAND_R_02_001","已声明","180","0","1","0","1","2.2–5.967s","2.3–5.967s"
"anon/gacha_c_a_01","1","PARAM_HAND_R_03_001","已声明","1","0","0","0","0","",""
"anon/gacha_c_a_01","1","PARAM_HAND_R_04_001","已声明","1","0","0","0","0","",""
"anon/gacha_c_a_01","1","PARAM_HAND_R_05_001","已声明","180","0","1","0.96","0","0–2.333s","0–2.233s"
"anon/gacha_c_a_01","1","PARAM_HAND_R_06_001","已声明","1","0","0","0","0","",""
"anon/gacha_c_a_01","1","PARAM_HAND_R_09_001","已声明","1","0","0","0","0","",""
"anon/gacha_df3_01","1","PARAM_HAND_L_01_001","已声明","1","0","0","0","0","",""
"anon/gacha_df3_01","1","PARAM_HAND_L_02_001","已声明","1","0","0","0","0","",""
"anon/gacha_df3_01","1","PARAM_HAND_L_03_001","已声明","1","0","0","0","0","",""
"anon/gacha_df3_01","1","PARAM_HAND_L_04_001","已声明","1","0","0","0","0","",""
"anon/gacha_df3_01","1","PARAM_HAND_L_05_001","已声明","1","1","1","1","1","0–6.467s","0–6.467s"
"anon/gacha_df3_01","1","PARAM_HAND_L_06_001","已声明","1","0","0","0","0","",""
"anon/gacha_df3_01","1","PARAM_HAND_L_07_001","已声明","1","0","0","0","0","",""
"anon/gacha_df3_01","1","PARAM_HAND_R_01_001","已声明","1","1","1","1","1","0–6.467s","0–6.467s"
"anon/gacha_df3_01","1","PARAM_HAND_R_02_001","已声明","1","0","0","0","0","",""
"anon/gacha_df3_01","1","PARAM_HAND_R_03_001","已声明","1","0","0","0","0","",""
"anon/gacha_df3_01","1","PARAM_HAND_R_04_001","已声明","1","0","0","0","0","",""
"anon/gacha_df3_01","1","PARAM_HAND_R_05_001","已声明","1","0","0","0","0","",""
"anon/gacha_df3_01","1","PARAM_HAND_R_06_001","已声明","1","0","0","0","0","",""
"anon/gacha_df3_01","1","PARAM_HAND_R_09_001","已声明","1","0","0","0","0","",""
"anon/gacha_e235_01","1","PARAM_HAND_L_01_001","已声明","1","1","1","1","1","0–7.967s","0–7.967s"
"anon/gacha_e235_01","1","PARAM_HAND_L_02_001","已声明","1","0","0","0","0","",""
"anon/gacha_e235_01","1","PARAM_HAND_L_03_001","已声明","1","0","0","0","0","",""
"anon/gacha_e235_01","1","PARAM_HAND_L_04_001","已声明","1","0","0","0","0","",""
"anon/gacha_e235_01","1","PARAM_HAND_L_05_001","已声明","1","0","0","0","0","",""
"anon/gacha_e235_01","1","PARAM_HAND_L_06_001","已声明","1","0","0","0","0","",""
"anon/gacha_e235_01","1","PARAM_HAND_L_07_001","已声明","1","0","0","0","0","",""
"anon/gacha_e235_01","1","PARAM_HAND_R_01_001","已声明","1","0","0","0","0","",""
"anon/gacha_e235_01","1","PARAM_HAND_R_02_001","已声明","1","0","0","0","0","",""
"anon/gacha_e235_01","1","PARAM_HAND_R_03_001","已声明","1","0","0","0","0","",""
"anon/gacha_e235_01","1","PARAM_HAND_R_04_001","已声明","1","0","0","0","0","",""
"anon/gacha_e235_01","1","PARAM_HAND_R_05_001","已声明","1","1","1","1","1","0–7.967s","0–7.967s"
"anon/gacha_e235_01","1","PARAM_HAND_R_06_001","已声明","1","0","0","0","0","",""
"anon/gacha_e235_01","1","PARAM_HAND_R_09_001","已声明","1","0","0","0","0","",""
"anon/gacha_e253_01","1","PARAM_HAND_L_01_001","已声明","312","0","1","0","1","6.8–10.367s","7.033–10.367s"
"anon/gacha_e253_01","1","PARAM_HAND_L_02_001","已声明","312","0","1","1","0","0–3.533s","0–3.333s"
"anon/gacha_e253_01","1","PARAM_HAND_L_03_001","已声明","1","0","0","0","0","",""
"anon/gacha_e253_01","1","PARAM_HAND_L_04_001","已声明","1","0","0","0","0","",""
"anon/gacha_e253_01","1","PARAM_HAND_L_05_001","已声明","312","0","1","0","0","4.067–7.233s","4.167–7s"
"anon/gacha_e253_01","1","PARAM_HAND_L_06_001","已声明","1","0","0","0","0","",""
"anon/gacha_e253_01","1","PARAM_HAND_L_07_001","已声明","312","0","1","0","0","3.2–4.267s","3.4–4.133s"
"anon/gacha_e253_01","1","PARAM_HAND_R_01_001","已声明","312","0","1","0","1","6.8–10.367s","7.033–10.367s"
"anon/gacha_e253_01","1","PARAM_HAND_R_02_001","已声明","312","0","1","1","0","0–3.533s","0–3.333s"
"anon/gacha_e253_01","1","PARAM_HAND_R_03_001","已声明","1","0","0","0","0","",""
"anon/gacha_e253_01","1","PARAM_HAND_R_04_001","已声明","1","0","0","0","0","",""
"anon/gacha_e253_01","1","PARAM_HAND_R_05_001","已声明","312","0","1","0","0","4.067–7.233s","4.167–7s"
"anon/gacha_e253_01","1","PARAM_HAND_R_06_001","已声明","1","0","0","0","0","",""
"anon/gacha_e253_01","1","PARAM_HAND_R_09_001","已声明","312","0","1","0","0","3.2–4.267s","3.4–4.133s"
"anon/idle01","1","PARAM_HAND_L_01_001","已声明","1","1","1","1","1","0–5.967s","0–5.967s"
"anon/idle01","1","PARAM_HAND_L_02_001","已声明","1","0","0","0","0","",""
"anon/idle01","1","PARAM_HAND_L_03_001","已声明","1","0","0","0","0","",""
"anon/idle01","1","PARAM_HAND_L_04_001","已声明","1","0","0","0","0","",""
"anon/idle01","1","PARAM_HAND_L_05_001","已声明","1","0","0","0","0","",""
"anon/idle01","1","PARAM_HAND_L_06_001","已声明","1","0","0","0","0","",""
"anon/idle01","1","PARAM_HAND_L_07_001","已声明","1","0","0","0","0","",""
"anon/idle01","1","PARAM_HAND_R_01_001","已声明","1","1","1","1","1","0–5.967s","0–5.967s"
"anon/idle01","1","PARAM_HAND_R_02_001","已声明","1","0","0","0","0","",""
"anon/idle01","1","PARAM_HAND_R_03_001","已声明","1","0","0","0","0","",""
"anon/idle01","1","PARAM_HAND_R_04_001","已声明","1","0","0","0","0","",""
"anon/idle01","1","PARAM_HAND_R_05_001","已声明","1","0","0","0","0","",""
"anon/idle01","1","PARAM_HAND_R_06_001","已声明","1","0","0","0","0","",""
"anon/idle01","1","PARAM_HAND_R_09_001","已声明","1","0","0","0","0","",""
"anon/kandou01","1","PARAM_HAND_L_01_001","已声明","1","0","0","0","0","",""
"anon/kandou01","1","PARAM_HAND_L_02_001","已声明","1","0","0","0","0","",""
"anon/kandou01","1","PARAM_HAND_L_03_001","已声明","1","0","0","0","0","",""
"anon/kandou01","1","PARAM_HAND_L_04_001","已声明","1","0","0","0","0","",""
"anon/kandou01","1","PARAM_HAND_L_05_001","已声明","1","0","0","0","0","",""
"anon/kandou01","1","PARAM_HAND_L_06_001","已声明","1","1","1","1","1","0–8.967s","0–8.967s"
"anon/kandou01","1","PARAM_HAND_L_07_001","已声明","1","0","0","0","0","",""
"anon/kandou01","1","PARAM_HAND_R_01_001","已声明","1","0","0","0","0","",""
"anon/kandou01","1","PARAM_HAND_R_02_001","已声明","1","0","0","0","0","",""
"anon/kandou01","1","PARAM_HAND_R_03_001","已声明","1","0","0","0","0","",""
"anon/kandou01","1","PARAM_HAND_R_04_001","已声明","1","0","0","0","0","",""
"anon/kandou01","1","PARAM_HAND_R_05_001","已声明","1","0","0","0","0","",""
"anon/kandou01","1","PARAM_HAND_R_06_001","已声明","1","1","1","1","1","0–8.967s","0–8.967s"
"anon/kandou01","1","PARAM_HAND_R_09_001","已声明","1","0","0","0","0","",""
"anon/kandou02","1","PARAM_HAND_L_01_001","已声明","1","0","0","0","0","",""
"anon/kandou02","1","PARAM_HAND_L_02_001","已声明","1","0","0","0","0","",""
"anon/kandou02","1","PARAM_HAND_L_03_001","已声明","1","0","0","0","0","",""
"anon/kandou02","1","PARAM_HAND_L_04_001","已声明","1","0","0","0","0","",""
"anon/kandou02","1","PARAM_HAND_L_05_001","已声明","1","0","0","0","0","",""
"anon/kandou02","1","PARAM_HAND_L_06_001","已声明","1","0","0","0","0","",""
"anon/kandou02","1","PARAM_HAND_L_07_001","已声明","1","1","1","1","1","0–8.967s","0–8.967s"
"anon/kandou02","1","PARAM_HAND_R_01_001","已声明","1","0","0","0","0","",""
"anon/kandou02","1","PARAM_HAND_R_02_001","已声明","1","0","0","0","0","",""
"anon/kandou02","1","PARAM_HAND_R_03_001","已声明","1","0","0","0","0","",""
"anon/kandou02","1","PARAM_HAND_R_04_001","已声明","1","0","0","0","0","",""
"anon/kandou02","1","PARAM_HAND_R_05_001","已声明","1","1","1","1","1","0–8.967s","0–8.967s"
"anon/kandou02","1","PARAM_HAND_R_06_001","已声明","1","0","0","0","0","",""
"anon/kandou02","1","PARAM_HAND_R_09_001","已声明","1","0","0","0","0","",""
"anon/kime01","1","PARAM_HAND_L_01_001","已声明","1","0","0","0","0","",""
"anon/kime01","1","PARAM_HAND_L_02_001","已声明","1","1","1","1","1","0–5.967s","0–5.967s"
"anon/kime01","1","PARAM_HAND_L_03_001","已声明","1","0","0","0","0","",""
"anon/kime01","1","PARAM_HAND_L_04_001","已声明","1","0","0","0","0","",""
"anon/kime01","1","PARAM_HAND_L_05_001","已声明","1","0","0","0","0","",""
"anon/kime01","1","PARAM_HAND_L_06_001","已声明","1","0","0","0","0","",""
"anon/kime01","1","PARAM_HAND_L_07_001","已声明","1","0","0","0","0","",""
"anon/kime01","1","PARAM_HAND_R_01_001","已声明","1","0","0","0","0","",""
"anon/kime01","1","PARAM_HAND_R_02_001","已声明","1","1","1","1","1","0–5.967s","0–5.967s"
"anon/kime01","1","PARAM_HAND_R_03_001","已声明","1","0","0","0","0","",""
"anon/kime01","1","PARAM_HAND_R_04_001","已声明","1","0","0","0","0","",""
"anon/kime01","1","PARAM_HAND_R_05_001","已声明","1","0","0","0","0","",""
"anon/kime01","1","PARAM_HAND_R_06_001","已声明","1","0","0","0","0","",""
"anon/kime01","1","PARAM_HAND_R_09_001","已声明","1","0","0","0","0","",""
"anon/kime02","1","PARAM_HAND_L_01_001","已声明","1","1","1","1","1","0–6.967s","0–6.967s"
"anon/kime02","1","PARAM_HAND_L_02_001","已声明","1","0","0","0","0","",""
"anon/kime02","1","PARAM_HAND_L_03_001","已声明","1","0","0","0","0","",""
"anon/kime02","1","PARAM_HAND_L_04_001","已声明","1","0","0","0","0","",""
"anon/kime02","1","PARAM_HAND_L_05_001","已声明","1","0","0","0","0","",""
"anon/kime02","1","PARAM_HAND_L_06_001","已声明","1","0","0","0","0","",""
"anon/kime02","1","PARAM_HAND_L_07_001","已声明","1","0","0","0","0","",""
"anon/kime02","1","PARAM_HAND_R_01_001","已声明","1","0","0","0","0","",""
"anon/kime02","1","PARAM_HAND_R_02_001","已声明","1","0","0","0","0","",""
"anon/kime02","1","PARAM_HAND_R_03_001","已声明","1","0","0","0","0","",""
"anon/kime02","1","PARAM_HAND_R_04_001","已声明","1","0","0","0","0","",""
"anon/kime02","1","PARAM_HAND_R_05_001","已声明","210","0","1","0","1","1.4–6.967s","1.433–6.967s"
"anon/kime02","1","PARAM_HAND_R_06_001","已声明","1","0","0","0","0","",""
"anon/kime02","1","PARAM_HAND_R_09_001","已声明","210","0","1","1","0","0–1.467s","0–1.4s"
"anon/nf_left01","1","PARAM_HAND_L_01_001","已声明","1","0","0","0","0","",""
"anon/nf_left01","1","PARAM_HAND_L_02_001","已声明","1","0","0","0","0","",""
"anon/nf_left01","1","PARAM_HAND_L_03_001","已声明","1","0","0","0","0","",""
"anon/nf_left01","1","PARAM_HAND_L_04_001","已声明","1","0","0","0","0","",""
"anon/nf_left01","1","PARAM_HAND_L_05_001","已声明","1","0","0","0","0","",""
"anon/nf_left01","1","PARAM_HAND_L_06_001","已声明","1","0","0","0","0","",""
"anon/nf_left01","1","PARAM_HAND_L_07_001","已声明","1","1","1","1","1","0–6.467s","0–6.467s"
"anon/nf_left01","1","PARAM_HAND_R_01_001","已声明","1","1","1","1","1","0–6.467s","0–6.467s"
"anon/nf_left01","1","PARAM_HAND_R_02_001","已声明","1","0","0","0","0","",""
"anon/nf_left01","1","PARAM_HAND_R_03_001","已声明","1","0","0","0","0","",""
"anon/nf_left01","1","PARAM_HAND_R_04_001","已声明","1","0","0","0","0","",""
"anon/nf_left01","1","PARAM_HAND_R_05_001","已声明","1","0","0","0","0","",""
"anon/nf_left01","1","PARAM_HAND_R_06_001","已声明","1","0","0","0","0","",""
"anon/nf_left01","1","PARAM_HAND_R_09_001","已声明","1","0","0","0","0","",""
"anon/nf_right01","1","PARAM_HAND_L_01_001","已声明","1","0","0","0","0","",""
"anon/nf_right01","1","PARAM_HAND_L_02_001","已声明","1","0","0","0","0","",""
"anon/nf_right01","1","PARAM_HAND_L_03_001","已声明","1","0","0","0","0","",""
"anon/nf_right01","1","PARAM_HAND_L_04_001","已声明","1","0","0","0","0","",""
"anon/nf_right01","1","PARAM_HAND_L_05_001","已声明","1","0","0","0","0","",""
"anon/nf_right01","1","PARAM_HAND_L_06_001","已声明","1","0","0","0","0","",""
"anon/nf_right01","1","PARAM_HAND_L_07_001","已声明","1","1","1","1","1","0–6.967s","0–6.967s"
"anon/nf_right01","1","PARAM_HAND_R_01_001","已声明","1","0","0","0","0","",""
"anon/nf_right01","1","PARAM_HAND_R_02_001","已声明","1","1","1","1","1","0–6.967s","0–6.967s"
"anon/nf_right01","1","PARAM_HAND_R_03_001","已声明","1","0","0","0","0","",""
"anon/nf_right01","1","PARAM_HAND_R_04_001","已声明","1","0","0","0","0","",""
"anon/nf_right01","1","PARAM_HAND_R_05_001","已声明","1","0","0","0","0","",""
"anon/nf_right01","1","PARAM_HAND_R_06_001","已声明","1","0","0","0","0","",""
"anon/nf_right01","1","PARAM_HAND_R_09_001","已声明","1","0","0","0","0","",""
"anon/nf01","1","PARAM_HAND_L_01_001","已声明","1","1","1","1","1","0–6.967s","0–6.967s"
"anon/nf01","1","PARAM_HAND_L_02_001","已声明","1","0","0","0","0","",""
"anon/nf01","1","PARAM_HAND_L_03_001","已声明","1","0","0","0","0","",""
"anon/nf01","1","PARAM_HAND_L_04_001","已声明","1","0","0","0","0","",""
"anon/nf01","1","PARAM_HAND_L_05_001","已声明","1","0","0","0","0","",""
"anon/nf01","1","PARAM_HAND_L_06_001","已声明","1","0","0","0","0","",""
"anon/nf01","1","PARAM_HAND_L_07_001","已声明","1","0","0","0","0","",""
"anon/nf01","1","PARAM_HAND_R_01_001","已声明","1","0","0","0","0","",""
"anon/nf01","1","PARAM_HAND_R_02_001","已声明","1","0","0","0","0","",""
"anon/nf01","1","PARAM_HAND_R_03_001","已声明","1","0","0","0","0","",""
"anon/nf01","1","PARAM_HAND_R_04_001","已声明","1","0","0","0","0","",""
"anon/nf01","1","PARAM_HAND_R_05_001","已声明","1","1","1","1","1","0–6.967s","0–6.967s"
"anon/nf01","1","PARAM_HAND_R_06_001","已声明","1","0","0","0","0","",""
"anon/nf01","1","PARAM_HAND_R_09_001","已声明","1","0","0","0","0","",""
"anon/nf02","1","PARAM_HAND_L_01_001","已声明","1","1","1","1","1","0–5.467s","0–5.467s"
"anon/nf02","1","PARAM_HAND_L_02_001","已声明","1","0","0","0","0","",""
"anon/nf02","1","PARAM_HAND_L_03_001","已声明","1","0","0","0","0","",""
"anon/nf02","1","PARAM_HAND_L_04_001","已声明","1","0","0","0","0","",""
"anon/nf02","1","PARAM_HAND_L_05_001","已声明","1","0","0","0","0","",""
"anon/nf02","1","PARAM_HAND_L_06_001","已声明","1","0","0","0","0","",""
"anon/nf02","1","PARAM_HAND_L_07_001","已声明","1","0","0","0","0","",""
"anon/nf02","1","PARAM_HAND_R_01_001","已声明","1","0","0","0","0","",""
"anon/nf02","1","PARAM_HAND_R_02_001","已声明","1","1","1","1","1","0–5.467s","0–5.467s"
"anon/nf02","1","PARAM_HAND_R_03_001","已声明","1","0","0","0","0","",""
"anon/nf02","1","PARAM_HAND_R_04_001","已声明","1","0","0","0","0","",""
"anon/nf02","1","PARAM_HAND_R_05_001","已声明","1","0","0","0","0","",""
"anon/nf02","1","PARAM_HAND_R_06_001","已声明","1","0","0","0","0","",""
"anon/nf02","1","PARAM_HAND_R_09_001","已声明","1","0","0","0","0","",""
"anon/nf03","1","PARAM_HAND_L_01_001","已声明","1","0","0","0","0","",""
"anon/nf03","1","PARAM_HAND_L_02_001","已声明","1","0","0","0","0","",""
"anon/nf03","1","PARAM_HAND_L_03_001","已声明","1","0","0","0","0","",""
"anon/nf03","1","PARAM_HAND_L_04_001","已声明","1","0","0","0","0","",""
"anon/nf03","1","PARAM_HAND_L_05_001","已声明","1","0","0","0","0","",""
"anon/nf03","1","PARAM_HAND_L_06_001","已声明","1","0","0","0","0","",""
"anon/nf03","1","PARAM_HAND_L_07_001","已声明","1","1","1","1","1","0–6.967s","0–6.967s"
"anon/nf03","1","PARAM_HAND_R_01_001","已声明","1","1","1","1","1","0–6.967s","0–6.967s"
"anon/nf03","1","PARAM_HAND_R_02_001","已声明","1","0","0","0","0","",""
"anon/nf03","1","PARAM_HAND_R_03_001","已声明","1","0","0","0","0","",""
"anon/nf03","1","PARAM_HAND_R_04_001","已声明","1","0","0","0","0","",""
"anon/nf03","1","PARAM_HAND_R_05_001","已声明","1","0","0","0","0","",""
"anon/nf03","1","PARAM_HAND_R_06_001","已声明","1","0","0","0","0","",""
"anon/nf03","1","PARAM_HAND_R_09_001","已声明","1","0","0","0","0","",""
"anon/nf04","1","PARAM_HAND_L_01_001","已声明","1","1","1","1","1","0–7.467s","0–7.467s"
"anon/nf04","1","PARAM_HAND_L_02_001","已声明","1","0","0","0","0","",""
"anon/nf04","1","PARAM_HAND_L_03_001","已声明","1","0","0","0","0","",""
"anon/nf04","1","PARAM_HAND_L_04_001","已声明","1","0","0","0","0","",""
"anon/nf04","1","PARAM_HAND_L_05_001","已声明","1","0","0","0","0","",""
"anon/nf04","1","PARAM_HAND_L_06_001","已声明","1","0","0","0","0","",""
"anon/nf04","1","PARAM_HAND_L_07_001","已声明","1","0","0","0","0","",""
"anon/nf04","1","PARAM_HAND_R_01_001","已声明","1","1","1","1","1","0–7.467s","0–7.467s"
"anon/nf04","1","PARAM_HAND_R_02_001","已声明","1","0","0","0","0","",""
"anon/nf04","1","PARAM_HAND_R_03_001","已声明","1","0","0","0","0","",""
"anon/nf04","1","PARAM_HAND_R_04_001","已声明","1","0","0","0","0","",""
"anon/nf04","1","PARAM_HAND_R_05_001","已声明","1","0","0","0","0","",""
"anon/nf04","1","PARAM_HAND_R_06_001","已声明","1","0","0","0","0","",""
"anon/nf04","1","PARAM_HAND_R_09_001","已声明","1","0","0","0","0","",""
"anon/nf05","1","PARAM_HAND_L_01_001","已声明","1","0","0","0","0","",""
"anon/nf05","1","PARAM_HAND_L_02_001","已声明","1","1","1","1","1","0–6.967s","0–6.967s"
"anon/nf05","1","PARAM_HAND_L_03_001","已声明","1","0","0","0","0","",""
"anon/nf05","1","PARAM_HAND_L_04_001","已声明","1","0","0","0","0","",""
"anon/nf05","1","PARAM_HAND_L_05_001","已声明","1","0","0","0","0","",""
"anon/nf05","1","PARAM_HAND_L_06_001","已声明","1","0","0","0","0","",""
"anon/nf05","1","PARAM_HAND_L_07_001","已声明","1","0","0","0","0","",""
"anon/nf05","1","PARAM_HAND_R_01_001","已声明","1","0","0","0","0","",""
"anon/nf05","1","PARAM_HAND_R_02_001","已声明","1","0","0","0","0","",""
"anon/nf05","1","PARAM_HAND_R_03_001","已声明","1","0","0","0","0","",""
"anon/nf05","1","PARAM_HAND_R_04_001","已声明","1","0","0","0","0","",""
"anon/nf05","1","PARAM_HAND_R_05_001","已声明","1","1","1","1","1","0–6.967s","0–6.967s"
"anon/nf05","1","PARAM_HAND_R_06_001","已声明","1","0","0","0","0","",""
"anon/nf05","1","PARAM_HAND_R_09_001","已声明","1","0","0","0","0","",""
"anon/nnf03","1","PARAM_HAND_L_01_001","已声明","1","0","0","0","0","",""
"anon/nnf03","1","PARAM_HAND_L_02_001","已声明","1","0","0","0","0","",""
"anon/nnf03","1","PARAM_HAND_L_03_001","已声明","1","0","0","0","0","",""
"anon/nnf03","1","PARAM_HAND_L_04_001","已声明","1","0","0","0","0","",""
"anon/nnf03","1","PARAM_HAND_L_05_001","已声明","1","0","0","0","0","",""
"anon/nnf03","1","PARAM_HAND_L_06_001","已声明","1","0","0","0","0","",""
"anon/nnf03","1","PARAM_HAND_L_07_001","已声明","1","1","1","1","1","0–6.933s","0–6.933s"
"anon/nnf03","1","PARAM_HAND_R_01_001","已声明","1","1","1","1","1","0–6.933s","0–6.933s"
"anon/nnf03","1","PARAM_HAND_R_02_001","已声明","1","0","0","0","0","",""
"anon/nnf03","1","PARAM_HAND_R_03_001","已声明","1","0","0","0","0","",""
"anon/nnf03","1","PARAM_HAND_R_04_001","已声明","1","0","0","0","0","",""
"anon/nnf03","1","PARAM_HAND_R_05_001","已声明","1","0","0","0","0","",""
"anon/nnf03","1","PARAM_HAND_R_06_001","已声明","1","0","0","0","0","",""
"anon/nnf03","1","PARAM_HAND_R_09_001","已声明","1","0","0","0","0","",""
"anon/nnf04","1","PARAM_HAND_L_01_001","已声明","1","1","1","1","1","0–7.467s","0–7.467s"
"anon/nnf04","1","PARAM_HAND_L_02_001","已声明","1","0","0","0","0","",""
"anon/nnf04","1","PARAM_HAND_L_03_001","已声明","1","0","0","0","0","",""
"anon/nnf04","1","PARAM_HAND_L_04_001","已声明","1","0","0","0","0","",""
"anon/nnf04","1","PARAM_HAND_L_05_001","已声明","1","0","0","0","0","",""
"anon/nnf04","1","PARAM_HAND_L_06_001","已声明","1","0","0","0","0","",""
"anon/nnf04","1","PARAM_HAND_L_07_001","已声明","1","0","0","0","0","",""
"anon/nnf04","1","PARAM_HAND_R_01_001","已声明","1","1","1","1","1","0–7.467s","0–7.467s"
"anon/nnf04","1","PARAM_HAND_R_02_001","已声明","1","0","0","0","0","",""
"anon/nnf04","1","PARAM_HAND_R_03_001","已声明","1","0","0","0","0","",""
"anon/nnf04","1","PARAM_HAND_R_04_001","已声明","1","0","0","0","0","",""
"anon/nnf04","1","PARAM_HAND_R_05_001","已声明","1","0","0","0","0","",""
"anon/nnf04","1","PARAM_HAND_R_06_001","已声明","1","0","0","0","0","",""
"anon/nnf04","1","PARAM_HAND_R_09_001","已声明","1","0","0","0","0","",""
"anon/nnf05","1","PARAM_HAND_L_01_001","已声明","1","0","0","0","0","",""
"anon/nnf05","1","PARAM_HAND_L_02_001","已声明","1","1","1","1","1","0–6.967s","0–6.967s"
"anon/nnf05","1","PARAM_HAND_L_03_001","已声明","1","0","0","0","0","",""
"anon/nnf05","1","PARAM_HAND_L_04_001","已声明","1","0","0","0","0","",""
"anon/nnf05","1","PARAM_HAND_L_05_001","已声明","1","0","0","0","0","",""
"anon/nnf05","1","PARAM_HAND_L_06_001","已声明","1","0","0","0","0","",""
"anon/nnf05","1","PARAM_HAND_L_07_001","已声明","1","0","0","0","0","",""
"anon/nnf05","1","PARAM_HAND_R_01_001","已声明","1","0","0","0","0","",""
"anon/nnf05","1","PARAM_HAND_R_02_001","已声明","1","0","0","0","0","",""
"anon/nnf05","1","PARAM_HAND_R_03_001","已声明","1","0","0","0","0","",""
"anon/nnf05","1","PARAM_HAND_R_04_001","已声明","1","0","0","0","0","",""
"anon/nnf05","1","PARAM_HAND_R_05_001","已声明","1","1","1","1","1","0–6.967s","0–6.967s"
"anon/nnf05","1","PARAM_HAND_R_06_001","已声明","1","0","0","0","0","",""
"anon/nnf05","1","PARAM_HAND_R_09_001","已声明","1","0","0","0","0","",""
"anon/sad01","1","PARAM_HAND_L_01_001","已声明","1","1","1","1","1","0–5.967s","0–5.967s"
"anon/sad01","1","PARAM_HAND_L_02_001","已声明","1","0","0","0","0","",""
"anon/sad01","1","PARAM_HAND_L_03_001","已声明","1","0","0","0","0","",""
"anon/sad01","1","PARAM_HAND_L_04_001","已声明","1","0","0","0","0","",""
"anon/sad01","1","PARAM_HAND_L_05_001","已声明","1","0","0","0","0","",""
"anon/sad01","1","PARAM_HAND_L_06_001","已声明","1","0","0","0","0","",""
"anon/sad01","1","PARAM_HAND_L_07_001","已声明","1","0","0","0","0","",""
"anon/sad01","1","PARAM_HAND_R_01_001","已声明","1","1","1","1","1","0–5.967s","0–5.967s"
"anon/sad01","1","PARAM_HAND_R_02_001","已声明","1","0","0","0","0","",""
"anon/sad01","1","PARAM_HAND_R_03_001","已声明","1","0","0","0","0","",""
"anon/sad01","1","PARAM_HAND_R_04_001","已声明","1","0","0","0","0","",""
"anon/sad01","1","PARAM_HAND_R_05_001","已声明","1","0","0","0","0","",""
"anon/sad01","1","PARAM_HAND_R_06_001","已声明","1","0","0","0","0","",""
"anon/sad01","1","PARAM_HAND_R_09_001","已声明","1","0","0","0","0","",""
"anon/sad02","1","PARAM_HAND_L_01_001","已声明","1","1","1","1","1","0–8.467s","0–8.467s"
"anon/sad02","1","PARAM_HAND_L_02_001","已声明","1","0","0","0","0","",""
"anon/sad02","1","PARAM_HAND_L_03_001","已声明","1","0","0","0","0","",""
"anon/sad02","1","PARAM_HAND_L_04_001","已声明","1","0","0","0","0","",""
"anon/sad02","1","PARAM_HAND_L_05_001","已声明","1","0","0","0","0","",""
"anon/sad02","1","PARAM_HAND_L_06_001","已声明","1","0","0","0","0","",""
"anon/sad02","1","PARAM_HAND_L_07_001","已声明","1","0","0","0","0","",""
"anon/sad02","1","PARAM_HAND_R_01_001","已声明","1","0","0","0","0","",""
"anon/sad02","1","PARAM_HAND_R_02_001","已声明","1","0","0","0","0","",""
"anon/sad02","1","PARAM_HAND_R_03_001","已声明","1","0","0","0","0","",""
"anon/sad02","1","PARAM_HAND_R_04_001","已声明","1","0","0","0","0","",""
"anon/sad02","1","PARAM_HAND_R_05_001","已声明","255","0","1","0","1","1.9–8.467s","1.9–8.467s"
"anon/sad02","1","PARAM_HAND_R_06_001","已声明","1","0","0","0","0","",""
"anon/sad02","1","PARAM_HAND_R_09_001","已声明","255","0","1","1","0","0–1.9s","0–1.867s"
"anon/serious01","1","PARAM_HAND_L_01_001","已声明","1","1","1","1","1","0–7.967s","0–7.967s"
"anon/serious01","1","PARAM_HAND_L_02_001","已声明","1","0","0","0","0","",""
"anon/serious01","1","PARAM_HAND_L_03_001","已声明","1","0","0","0","0","",""
"anon/serious01","1","PARAM_HAND_L_04_001","已声明","1","0","0","0","0","",""
"anon/serious01","1","PARAM_HAND_L_05_001","已声明","1","0","0","0","0","",""
"anon/serious01","1","PARAM_HAND_L_06_001","已声明","1","0","0","0","0","",""
"anon/serious01","1","PARAM_HAND_L_07_001","已声明","1","0","0","0","0","",""
"anon/serious01","1","PARAM_HAND_R_01_001","已声明","1","0","0","0","0","",""
"anon/serious01","1","PARAM_HAND_R_02_001","已声明","1","0","0","0","0","",""
"anon/serious01","1","PARAM_HAND_R_03_001","已声明","1","0","0","0","0","",""
"anon/serious01","1","PARAM_HAND_R_04_001","已声明","1","0","0","0","0","",""
"anon/serious01","1","PARAM_HAND_R_05_001","已声明","1","1","1","1","1","0–7.967s","0–7.967s"
"anon/serious01","1","PARAM_HAND_R_06_001","已声明","1","0","0","0","0","",""
"anon/serious01","1","PARAM_HAND_R_09_001","已声明","1","0","0","0","0","",""
"anon/serious02","1","PARAM_HAND_L_01_001","已声明","1","0","0","0","0","",""
"anon/serious02","1","PARAM_HAND_L_02_001","已声明","1","0","0","0","0","",""
"anon/serious02","1","PARAM_HAND_L_03_001","已声明","1","0","0","0","0","",""
"anon/serious02","1","PARAM_HAND_L_04_001","已声明","1","0","0","0","0","",""
"anon/serious02","1","PARAM_HAND_L_05_001","已声明","1","0","0","0","0","",""
"anon/serious02","1","PARAM_HAND_L_06_001","已声明","1","0","0","0","0","",""
"anon/serious02","1","PARAM_HAND_L_07_001","已声明","1","1","1","1","1","0–8.967s","0–8.967s"
"anon/serious02","1","PARAM_HAND_R_01_001","已声明","1","0","0","0","0","",""
"anon/serious02","1","PARAM_HAND_R_02_001","已声明","1","0","0","0","0","",""
"anon/serious02","1","PARAM_HAND_R_03_001","已声明","1","0","0","0","0","",""
"anon/serious02","1","PARAM_HAND_R_04_001","已声明","1","0","0","0","0","",""
"anon/serious02","1","PARAM_HAND_R_05_001","已声明","1","1","1","1","1","0–8.967s","0–8.967s"
"anon/serious02","1","PARAM_HAND_R_06_001","已声明","1","0","0","0","0","",""
"anon/serious02","1","PARAM_HAND_R_09_001","已声明","1","0","0","0","0","",""
"anon/shame01","1","PARAM_HAND_L_01_001","已声明","1","1","1","1","1","0–7.967s","0–7.967s"
"anon/shame01","1","PARAM_HAND_L_02_001","已声明","1","0","0","0","0","",""
"anon/shame01","1","PARAM_HAND_L_03_001","已声明","1","0","0","0","0","",""
"anon/shame01","1","PARAM_HAND_L_04_001","已声明","1","0","0","0","0","",""
"anon/shame01","1","PARAM_HAND_L_05_001","已声明","1","0","0","0","0","",""
"anon/shame01","1","PARAM_HAND_L_06_001","已声明","1","0","0","0","0","",""
"anon/shame01","1","PARAM_HAND_L_07_001","已声明","1","0","0","0","0","",""
"anon/shame01","1","PARAM_HAND_R_01_001","已声明","1","1","1","1","1","0–7.967s","0–7.967s"
"anon/shame01","1","PARAM_HAND_R_02_001","已声明","1","0","0","0","0","",""
"anon/shame01","1","PARAM_HAND_R_03_001","已声明","1","0","0","0","0","",""
"anon/shame01","1","PARAM_HAND_R_04_001","已声明","1","0","0","0","0","",""
"anon/shame01","1","PARAM_HAND_R_05_001","已声明","1","0","0","0","0","",""
"anon/shame01","1","PARAM_HAND_R_06_001","已声明","1","0","0","0","0","",""
"anon/shame01","1","PARAM_HAND_R_09_001","已声明","1","0","0","0","0","",""
"anon/shame02","1","PARAM_HAND_L_01_001","已声明","1","1","1","1","1","0–7.967s","0–7.967s"
"anon/shame02","1","PARAM_HAND_L_02_001","已声明","1","0","0","0","0","",""
"anon/shame02","1","PARAM_HAND_L_03_001","已声明","1","0","0","0","0","",""
"anon/shame02","1","PARAM_HAND_L_04_001","已声明","1","0","0","0","0","",""
"anon/shame02","1","PARAM_HAND_L_05_001","已声明","1","0","0","0","0","",""
"anon/shame02","1","PARAM_HAND_L_06_001","已声明","1","0","0","0","0","",""
"anon/shame02","1","PARAM_HAND_L_07_001","已声明","1","0","0","0","0","",""
"anon/shame02","1","PARAM_HAND_R_01_001","已声明","1","0","0","0","0","",""
"anon/shame02","1","PARAM_HAND_R_02_001","已声明","1","1","1","1","1","0–7.967s","0–7.967s"
"anon/shame02","1","PARAM_HAND_R_03_001","已声明","1","0","0","0","0","",""
"anon/shame02","1","PARAM_HAND_R_04_001","已声明","1","0","0","0","0","",""
"anon/shame02","1","PARAM_HAND_R_05_001","已声明","1","0","0","0","0","",""
"anon/shame02","1","PARAM_HAND_R_06_001","已声明","1","0","0","0","0","",""
"anon/shame02","1","PARAM_HAND_R_09_001","已声明","1","0","0","0","0","",""
"anon/smile01","1","PARAM_HAND_L_01_001","已声明","180","0","1","1","0","0–2.333s","0–2.233s"
"anon/smile01","1","PARAM_HAND_L_02_001","已声明","180","0","1","0","1","2.2–5.967s","2.3–5.967s"
"anon/smile01","1","PARAM_HAND_L_03_001","已声明","1","0","0","0","0","",""
"anon/smile01","1","PARAM_HAND_L_04_001","已声明","1","0","0","0","0","",""
"anon/smile01","1","PARAM_HAND_L_05_001","已声明","1","0","0","0","0","",""
"anon/smile01","1","PARAM_HAND_L_06_001","已声明","1","0","0","0","0","",""
"anon/smile01","1","PARAM_HAND_L_07_001","已声明","1","0","0","0","0","",""
"anon/smile01","1","PARAM_HAND_R_01_001","已声明","1","0","0","0","0","",""
"anon/smile01","1","PARAM_HAND_R_02_001","已声明","180","0","1","0","1","2.2–5.967s","2.3–5.967s"
"anon/smile01","1","PARAM_HAND_R_03_001","已声明","1","0","0","0","0","",""
"anon/smile01","1","PARAM_HAND_R_04_001","已声明","1","0","0","0","0","",""
"anon/smile01","1","PARAM_HAND_R_05_001","已声明","180","0","1","0.96","0","0–2.333s","0–2.233s"
"anon/smile01","1","PARAM_HAND_R_06_001","已声明","1","0","0","0","0","",""
"anon/smile01","1","PARAM_HAND_R_09_001","已声明","1","0","0","0","0","",""
"anon/smile01_ingameV2_01","1","PARAM_HAND_L_01_001","已声明","312","0","1","0","1","6.8–10.367s","7.033–10.367s"
"anon/smile01_ingameV2_01","1","PARAM_HAND_L_02_001","已声明","312","0","1","1","0","0–3.533s","0–3.333s"
"anon/smile01_ingameV2_01","1","PARAM_HAND_L_03_001","已声明","1","0","0","0","0","",""
"anon/smile01_ingameV2_01","1","PARAM_HAND_L_04_001","已声明","1","0","0","0","0","",""
"anon/smile01_ingameV2_01","1","PARAM_HAND_L_05_001","已声明","312","0","1","0","0","4.067–7.233s","4.167–7s"
"anon/smile01_ingameV2_01","1","PARAM_HAND_L_06_001","已声明","1","0","0","0","0","",""
"anon/smile01_ingameV2_01","1","PARAM_HAND_L_07_001","已声明","312","0","1","0","0","3.2–4.267s","3.4–4.133s"
"anon/smile01_ingameV2_01","1","PARAM_HAND_R_01_001","已声明","312","0","1","0","1","6.8–10.367s","7.033–10.367s"
"anon/smile01_ingameV2_01","1","PARAM_HAND_R_02_001","已声明","312","0","1","1","0","0–3.533s","0–3.333s"
"anon/smile01_ingameV2_01","1","PARAM_HAND_R_03_001","已声明","1","0","0","0","0","",""
"anon/smile01_ingameV2_01","1","PARAM_HAND_R_04_001","已声明","1","0","0","0","0","",""
"anon/smile01_ingameV2_01","1","PARAM_HAND_R_05_001","已声明","312","0","1","0","0","4.067–7.233s","4.167–7s"
"anon/smile01_ingameV2_01","1","PARAM_HAND_R_06_001","已声明","1","0","0","0","0","",""
"anon/smile01_ingameV2_01","1","PARAM_HAND_R_09_001","已声明","312","0","1","0","0","3.2–4.267s","3.4–4.133s"
"anon/smile01_ingameV2_02","1","PARAM_HAND_L_01_001","已声明","1","1","1","1","1","0–7.967s","0–7.967s"
"anon/smile01_ingameV2_02","1","PARAM_HAND_L_02_001","已声明","1","0","0","0","0","",""
"anon/smile01_ingameV2_02","1","PARAM_HAND_L_03_001","已声明","1","0","0","0","0","",""
"anon/smile01_ingameV2_02","1","PARAM_HAND_L_04_001","已声明","1","0","0","0","0","",""
"anon/smile01_ingameV2_02","1","PARAM_HAND_L_05_001","已声明","1","0","0","0","0","",""
"anon/smile01_ingameV2_02","1","PARAM_HAND_L_06_001","已声明","1","0","0","0","0","",""
"anon/smile01_ingameV2_02","1","PARAM_HAND_L_07_001","已声明","1","0","0","0","0","",""
"anon/smile01_ingameV2_02","1","PARAM_HAND_R_01_001","已声明","1","0","0","0","0","",""
"anon/smile01_ingameV2_02","1","PARAM_HAND_R_02_001","已声明","1","0","0","0","0","",""
"anon/smile01_ingameV2_02","1","PARAM_HAND_R_03_001","已声明","1","0","0","0","0","",""
"anon/smile01_ingameV2_02","1","PARAM_HAND_R_04_001","已声明","1","0","0","0","0","",""
"anon/smile01_ingameV2_02","1","PARAM_HAND_R_05_001","已声明","1","1","1","1","1","0–7.967s","0–7.967s"
"anon/smile01_ingameV2_02","1","PARAM_HAND_R_06_001","已声明","1","0","0","0","0","",""
"anon/smile01_ingameV2_02","1","PARAM_HAND_R_09_001","已声明","1","0","0","0","0","",""
"anon/smile02","1","PARAM_HAND_L_01_001","已声明","1","0","0","0","0","",""
"anon/smile02","1","PARAM_HAND_L_02_001","已声明","1","0","0","0","0","",""
"anon/smile02","1","PARAM_HAND_L_03_001","已声明","1","0","0","0","0","",""
"anon/smile02","1","PARAM_HAND_L_04_001","已声明","1","0","0","0","0","",""
"anon/smile02","1","PARAM_HAND_L_05_001","已声明","1","1","1","1","1","0–6.467s","0–6.467s"
"anon/smile02","1","PARAM_HAND_L_06_001","已声明","1","0","0","0","0","",""
"anon/smile02","1","PARAM_HAND_L_07_001","已声明","1","0","0","0","0","",""
"anon/smile02","1","PARAM_HAND_R_01_001","已声明","1","1","1","1","1","0–6.467s","0–6.467s"
"anon/smile02","1","PARAM_HAND_R_02_001","已声明","1","0","0","0","0","",""
"anon/smile02","1","PARAM_HAND_R_03_001","已声明","1","0","0","0","0","",""
"anon/smile02","1","PARAM_HAND_R_04_001","已声明","1","0","0","0","0","",""
"anon/smile02","1","PARAM_HAND_R_05_001","已声明","1","0","0","0","0","",""
"anon/smile02","1","PARAM_HAND_R_06_001","已声明","1","0","0","0","0","",""
"anon/smile02","1","PARAM_HAND_R_09_001","已声明","1","0","0","0","0","",""
"anon/smile03","1","PARAM_HAND_L_01_001","已声明","1","1","1","1","1","0–6.967s","0–6.967s"
"anon/smile03","1","PARAM_HAND_L_02_001","已声明","1","0","0","0","0","",""
"anon/smile03","1","PARAM_HAND_L_03_001","已声明","1","0","0","0","0","",""
"anon/smile03","1","PARAM_HAND_L_04_001","已声明","1","0","0","0","0","",""
"anon/smile03","1","PARAM_HAND_L_05_001","已声明","1","0","0","0","0","",""
"anon/smile03","1","PARAM_HAND_L_06_001","已声明","1","0","0","0","0","",""
"anon/smile03","1","PARAM_HAND_L_07_001","已声明","1","0","0","0","0","",""
"anon/smile03","1","PARAM_HAND_R_01_001","已声明","1","1","1","1","1","0–6.967s","0–6.967s"
"anon/smile03","1","PARAM_HAND_R_02_001","已声明","1","0","0","0","0","",""
"anon/smile03","1","PARAM_HAND_R_03_001","已声明","1","0","0","0","0","",""
"anon/smile03","1","PARAM_HAND_R_04_001","已声明","1","0","0","0","0","",""
"anon/smile03","1","PARAM_HAND_R_05_001","已声明","1","0","0","0","0","",""
"anon/smile03","1","PARAM_HAND_R_06_001","已声明","1","0","0","0","0","",""
"anon/smile03","1","PARAM_HAND_R_09_001","已声明","1","0","0","0","0","",""
"anon/smile04","1","PARAM_HAND_L_01_001","已声明","1","1","1","1","1","0–8.967s","0–8.967s"
"anon/smile04","1","PARAM_HAND_L_02_001","已声明","1","0","0","0","0","",""
"anon/smile04","1","PARAM_HAND_L_03_001","已声明","1","0","0","0","0","",""
"anon/smile04","1","PARAM_HAND_L_04_001","已声明","1","0","0","0","0","",""
"anon/smile04","1","PARAM_HAND_L_05_001","已声明","1","0","0","0","0","",""
"anon/smile04","1","PARAM_HAND_L_06_001","已声明","1","0","0","0","0","",""
"anon/smile04","1","PARAM_HAND_L_07_001","已声明","1","0","0","0","0","",""
"anon/smile04","1","PARAM_HAND_R_01_001","已声明","1","1","1","1","1","0–8.967s","0–8.967s"
"anon/smile04","1","PARAM_HAND_R_02_001","已声明","1","0","0","0","0","",""
"anon/smile04","1","PARAM_HAND_R_03_001","已声明","1","0","0","0","0","",""
"anon/smile04","1","PARAM_HAND_R_04_001","已声明","1","0","0","0","0","",""
"anon/smile04","1","PARAM_HAND_R_05_001","已声明","1","0","0","0","0","",""
"anon/smile04","1","PARAM_HAND_R_06_001","已声明","1","0","0","0","0","",""
"anon/smile04","1","PARAM_HAND_R_09_001","已声明","1","0","0","0","0","",""
"anon/surprised01","1","PARAM_HAND_L_01_001","已声明","1","1","1","1","1","0–7.467s","0–7.467s"
"anon/surprised01","1","PARAM_HAND_L_02_001","已声明","1","0","0","0","0","",""
"anon/surprised01","1","PARAM_HAND_L_03_001","已声明","1","0","0","0","0","",""
"anon/surprised01","1","PARAM_HAND_L_04_001","已声明","1","0","0","0","0","",""
"anon/surprised01","1","PARAM_HAND_L_05_001","已声明","1","0","0","0","0","",""
"anon/surprised01","1","PARAM_HAND_L_06_001","已声明","1","0","0","0","0","",""
"anon/surprised01","1","PARAM_HAND_L_07_001","已声明","1","0","0","0","0","",""
"anon/surprised01","1","PARAM_HAND_R_01_001","已声明","1","1","1","1","1","0–7.467s","0–7.467s"
"anon/surprised01","1","PARAM_HAND_R_02_001","已声明","1","0","0","0","0","",""
"anon/surprised01","1","PARAM_HAND_R_03_001","已声明","1","0","0","0","0","",""
"anon/surprised01","1","PARAM_HAND_R_04_001","已声明","1","0","0","0","0","",""
"anon/surprised01","1","PARAM_HAND_R_05_001","已声明","1","0","0","0","0","",""
"anon/surprised01","1","PARAM_HAND_R_06_001","已声明","1","0","0","0","0","",""
"anon/surprised01","1","PARAM_HAND_R_09_001","已声明","1","0","0","0","0","",""
"anon/thinking01","1","PARAM_HAND_L_01_001","已声明","1","0","0","0","0","",""
"anon/thinking01","1","PARAM_HAND_L_02_001","已声明","1","0","0","0","0","",""
"anon/thinking01","1","PARAM_HAND_L_03_001","已声明","1","0","0","0","0","",""
"anon/thinking01","1","PARAM_HAND_L_04_001","已声明","1","0","0","0","0","",""
"anon/thinking01","1","PARAM_HAND_L_05_001","已声明","1","0","0","0","0","",""
"anon/thinking01","1","PARAM_HAND_L_06_001","已声明","1","0","0","0","0","",""
"anon/thinking01","1","PARAM_HAND_L_07_001","已声明","1","1","1","1","1","0–9.967s","0–9.967s"
"anon/thinking01","1","PARAM_HAND_R_01_001","已声明","1","0","0","0","0","",""
"anon/thinking01","1","PARAM_HAND_R_02_001","已声明","1","0","0","0","0","",""
"anon/thinking01","1","PARAM_HAND_R_03_001","已声明","1","0","0","0","0","",""
"anon/thinking01","1","PARAM_HAND_R_04_001","已声明","1","0","0","0","0","",""
"anon/thinking01","1","PARAM_HAND_R_05_001","已声明","1","0","0","0","0","",""
"anon/thinking01","1","PARAM_HAND_R_06_001","已声明","1","0","0","0","0","",""
"anon/thinking01","1","PARAM_HAND_R_09_001","已声明","1","1","1","1","1","0–9.967s","0–9.967s"
"anon/thinking02","1","PARAM_HAND_L_01_001","已声明","1","0","0","0","0","",""
"anon/thinking02","1","PARAM_HAND_L_02_001","已声明","1","0","0","0","0","",""
"anon/thinking02","1","PARAM_HAND_L_03_001","已声明","1","0","0","0","0","",""
"anon/thinking02","1","PARAM_HAND_L_04_001","已声明","1","0","0","0","0","",""
"anon/thinking02","1","PARAM_HAND_L_05_001","已声明","1","0","0","0","0","",""
"anon/thinking02","1","PARAM_HAND_L_06_001","已声明","1","0","0","0","0","",""
"anon/thinking02","1","PARAM_HAND_L_07_001","已声明","1","1","1","1","1","0–9.967s","0–9.967s"
"anon/thinking02","1","PARAM_HAND_R_01_001","已声明","1","0","0","0","0","",""
"anon/thinking02","1","PARAM_HAND_R_02_001","已声明","1","0","0","0","0","",""
"anon/thinking02","1","PARAM_HAND_R_03_001","已声明","1","0","0","0","0","",""
"anon/thinking02","1","PARAM_HAND_R_04_001","已声明","1","0","0","0","0","",""
"anon/thinking02","1","PARAM_HAND_R_05_001","已声明","1","0","0","0","0","",""
"anon/thinking02","1","PARAM_HAND_R_06_001","已声明","1","0","0","0","0","",""
"anon/thinking02","1","PARAM_HAND_R_09_001","已声明","1","1","1","1","1","0–9.967s","0–9.967s"
"anon/thinking03","1","PARAM_HAND_L_01_001","已声明","1","0","0","0","0","",""
"anon/thinking03","1","PARAM_HAND_L_02_001","已声明","1","0","0","0","0","",""
"anon/thinking03","1","PARAM_HAND_L_03_001","已声明","1","0","0","0","0","",""
"anon/thinking03","1","PARAM_HAND_L_04_001","已声明","1","0","0","0","0","",""
"anon/thinking03","1","PARAM_HAND_L_05_001","已声明","1","0","0","0","0","",""
"anon/thinking03","1","PARAM_HAND_L_06_001","已声明","1","0","0","0","0","",""
"anon/thinking03","1","PARAM_HAND_L_07_001","已声明","1","1","1","1","1","0–8.967s","0–8.967s"
"anon/thinking03","1","PARAM_HAND_R_01_001","已声明","1","0","0","0","0","",""
"anon/thinking03","1","PARAM_HAND_R_02_001","已声明","1","0","0","0","0","",""
"anon/thinking03","1","PARAM_HAND_R_03_001","已声明","1","0","0","0","0","",""
"anon/thinking03","1","PARAM_HAND_R_04_001","已声明","1","0","0","0","0","",""
"anon/thinking03","1","PARAM_HAND_R_05_001","已声明","1","0","0","0","0","",""
"anon/thinking03","1","PARAM_HAND_R_06_001","已声明","1","0","0","0","0","",""
"anon/thinking03","1","PARAM_HAND_R_09_001","已声明","1","1","1","1","1","0–8.967s","0–8.967s"
"anon/wink01","1","PARAM_HAND_L_01_001","已声明","1","1","1","1","1","0–7.467s","0–7.467s"
"anon/wink01","1","PARAM_HAND_L_02_001","已声明","1","0","0","0","0","",""
"anon/wink01","1","PARAM_HAND_L_03_001","已声明","1","0","0","0","0","",""
"anon/wink01","1","PARAM_HAND_L_04_001","已声明","1","0","0","0","0","",""
"anon/wink01","1","PARAM_HAND_L_05_001","已声明","1","0","0","0","0","",""
"anon/wink01","1","PARAM_HAND_L_06_001","已声明","1","0","0","0","0","",""
"anon/wink01","1","PARAM_HAND_L_07_001","已声明","1","0","0","0","0","",""
"anon/wink01","1","PARAM_HAND_R_01_001","已声明","1","0","0","0","0","",""
"anon/wink01","1","PARAM_HAND_R_02_001","已声明","1","0","0","0","0","",""
"anon/wink01","1","PARAM_HAND_R_03_001","已声明","1","0","0","0","0","",""
"anon/wink01","1","PARAM_HAND_R_04_001","已声明","1","0","0","0","0","",""
"anon/wink01","1","PARAM_HAND_R_05_001","已声明","225","0","1","0","1","1.3–7.467s","1.333–7.467s"
"anon/wink01","1","PARAM_HAND_R_06_001","已声明","1","0","0","0","0","",""
"anon/wink01","1","PARAM_HAND_R_09_001","已声明","225","0","1","1","0","0–1.333s","0–1.3s"
"mana/angry01","1","PARAM_HAND_L_01_001","已声明","1","1","1","1","1","0–3.8s","0–3.8s"
"mana/angry01","1","PARAM_HAND_L_02_001","已声明","1","0","0","0","0","",""
"mana/angry01","1","PARAM_HAND_L_03_001","已声明","1","0","0","0","0","",""
"mana/angry01","1","PARAM_HAND_L_04_001","已声明","1","0","0","0","0","",""
"mana/angry01","1","PARAM_HAND_L_05_001","已声明","1","0","0","0","0","",""
"mana/angry01","1","PARAM_HAND_L_06_001","已声明","1","0","0","0","0","",""
"mana/angry01","1","PARAM_HAND_L_07_001","已声明","1","0","0","0","0","",""
"mana/angry01","1","PARAM_HAND_R_01_001","已声明","1","1","1","1","1","0–3.8s","0–3.8s"
"mana/angry01","1","PARAM_HAND_R_02_001","已声明","1","0","0","0","0","",""
"mana/angry01","1","PARAM_HAND_R_03_001","已声明","1","0","0","0","0","",""
"mana/angry01","1","PARAM_HAND_R_04_001","已声明","1","0","0","0","0","",""
"mana/angry01","1","PARAM_HAND_R_05_001","已声明","1","0","0","0","0","",""
"mana/angry01","1","PARAM_HAND_R_06_001","已声明","1","0","0","0","0","",""
"mana/angry01","1","PARAM_HAND_R_09_001","已声明","1","0","0","0","0","",""
"mana/bye01","1","PARAM_HAND_L_01_001","已声明","1","0","0","0","0","",""
"mana/bye01","1","PARAM_HAND_L_02_001","已声明","1","0","0","0","0","",""
"mana/bye01","1","PARAM_HAND_L_03_001","已声明","1","0","0","0","0","",""
"mana/bye01","1","PARAM_HAND_L_04_001","已声明","1","1","1","1","1","0–3.6s","0–3.6s"
"mana/bye01","1","PARAM_HAND_L_05_001","已声明","1","0","0","0","0","",""
"mana/bye01","1","PARAM_HAND_L_06_001","已声明","1","0","0","0","0","",""
"mana/bye01","1","PARAM_HAND_L_07_001","已声明","1","0","0","0","0","",""
"mana/bye01","1","PARAM_HAND_R_01_001","已声明","1","0","0","0","0","",""
"mana/bye01","1","PARAM_HAND_R_02_001","已声明","1","0","0","0","0","",""
"mana/bye01","1","PARAM_HAND_R_03_001","已声明","1","0","0","0","0","",""
"mana/bye01","1","PARAM_HAND_R_04_001","已声明","1","1","1","1","1","0–3.6s","0–3.6s"
"mana/bye01","1","PARAM_HAND_R_05_001","已声明","1","0","0","0","0","",""
"mana/bye01","1","PARAM_HAND_R_06_001","已声明","1","0","0","0","0","",""
"mana/bye01","1","PARAM_HAND_R_09_001","已声明","1","0","0","0","0","",""
"mana/cry01","1","PARAM_HAND_L_01_001","已声明","1","0","0","0","0","",""
"mana/cry01","1","PARAM_HAND_L_02_001","已声明","1","0","0","0","0","",""
"mana/cry01","1","PARAM_HAND_L_03_001","已声明","1","0","0","0","0","",""
"mana/cry01","1","PARAM_HAND_L_04_001","已声明","1","0","0","0","0","",""
"mana/cry01","1","PARAM_HAND_L_05_001","已声明","117","0","1","0","1","0.933–3.867s","1–3.867s"
"mana/cry01","1","PARAM_HAND_L_06_001","已声明","1","0","0","0","0","",""
"mana/cry01","1","PARAM_HAND_L_07_001","已声明","117","0","1","1","0","0–1.067s","0–1s"
"mana/cry01","1","PARAM_HAND_R_01_001","已声明","1","0","0","0","0","",""
"mana/cry01","1","PARAM_HAND_R_02_001","已声明","1","0","0","0","0","",""
"mana/cry01","1","PARAM_HAND_R_03_001","已声明","1","0","0","0","0","",""
"mana/cry01","1","PARAM_HAND_R_04_001","已声明","1","0","0","0","0","",""
"mana/cry01","1","PARAM_HAND_R_05_001","已声明","117","0","1","0","1","0.833–3.867s","0.9–3.867s"
"mana/cry01","1","PARAM_HAND_R_06_001","已声明","1","0","0","0","0","",""
"mana/cry01","1","PARAM_HAND_R_09_001","已声明","117","0","1","1","0","0–0.967s","0–0.9s"
"mana/eeto01","1","PARAM_HAND_L_01_001","已声明","1","0","0","0","0","",""
"mana/eeto01","1","PARAM_HAND_L_02_001","已声明","1","0","0","0","0","",""
"mana/eeto01","1","PARAM_HAND_L_03_001","已声明","1","0","0","0","0","",""
"mana/eeto01","1","PARAM_HAND_L_04_001","已声明","1","0","0","0","0","",""
"mana/eeto01","1","PARAM_HAND_L_05_001","已声明","1","0","0","0","0","",""
"mana/eeto01","1","PARAM_HAND_L_06_001","已声明","1","0","0","0","0","",""
"mana/eeto01","1","PARAM_HAND_L_07_001","已声明","1","1","1","1","1","0–4.367s","0–4.367s"
"mana/eeto01","1","PARAM_HAND_R_01_001","已声明","1","0","0","0","0","",""
"mana/eeto01","1","PARAM_HAND_R_02_001","已声明","1","0","0","0","0","",""
"mana/eeto01","1","PARAM_HAND_R_03_001","已声明","1","0","0","0","0","",""
"mana/eeto01","1","PARAM_HAND_R_04_001","已声明","1","0","0","0","0","",""
"mana/eeto01","1","PARAM_HAND_R_05_001","已声明","1","0","0","0","0","",""
"mana/eeto01","1","PARAM_HAND_R_06_001","已声明","1","0","0","0","0","",""
"mana/eeto01","1","PARAM_HAND_R_09_001","已声明","1","1","1","1","1","0–4.367s","0–4.367s"
"mana/gattsu01","1","PARAM_HAND_L_01_001","已声明","1","0","0","0","0","",""
"mana/gattsu01","1","PARAM_HAND_L_02_001","已声明","1","0","0","0","0","",""
"mana/gattsu01","1","PARAM_HAND_L_03_001","已声明","1","0","0","0","0","",""
"mana/gattsu01","1","PARAM_HAND_L_04_001","已声明","1","0","0","0","0","",""
"mana/gattsu01","1","PARAM_HAND_L_05_001","已声明","1","1","1","1","1","0–3.667s","0–3.667s"
"mana/gattsu01","1","PARAM_HAND_L_06_001","已声明","1","0","0","0","0","",""
"mana/gattsu01","1","PARAM_HAND_L_07_001","已声明","1","0","0","0","0","",""
"mana/gattsu01","1","PARAM_HAND_R_01_001","已声明","1","0","0","0","0","",""
"mana/gattsu01","1","PARAM_HAND_R_02_001","已声明","1","0","0","0","0","",""
"mana/gattsu01","1","PARAM_HAND_R_03_001","已声明","1","0","0","0","0","",""
"mana/gattsu01","1","PARAM_HAND_R_04_001","已声明","1","0","0","0","0","",""
"mana/gattsu01","1","PARAM_HAND_R_05_001","已声明","1","1","1","1","1","0–3.667s","0–3.667s"
"mana/gattsu01","1","PARAM_HAND_R_06_001","已声明","1","0","0","0","0","",""
"mana/gattsu01","1","PARAM_HAND_R_09_001","已声明","1","0","0","0","0","",""
"mana/idle01","1","PARAM_HAND_L_01_001","已声明","1","1","1","1","1","0–5.967s","0–5.967s"
"mana/idle01","1","PARAM_HAND_L_02_001","已声明","1","0","0","0","0","",""
"mana/idle01","1","PARAM_HAND_L_03_001","已声明","1","0","0","0","0","",""
"mana/idle01","1","PARAM_HAND_L_04_001","已声明","1","0","0","0","0","",""
"mana/idle01","1","PARAM_HAND_L_05_001","已声明","1","0","0","0","0","",""
"mana/idle01","1","PARAM_HAND_L_06_001","已声明","1","0","0","0","0","",""
"mana/idle01","1","PARAM_HAND_L_07_001","已声明","1","0","0","0","0","",""
"mana/idle01","1","PARAM_HAND_R_01_001","已声明","1","1","1","1","1","0–5.967s","0–5.967s"
"mana/idle01","1","PARAM_HAND_R_02_001","已声明","1","0","0","0","0","",""
"mana/idle01","1","PARAM_HAND_R_03_001","已声明","1","0","0","0","0","",""
"mana/idle01","1","PARAM_HAND_R_04_001","已声明","1","0","0","0","0","",""
"mana/idle01","1","PARAM_HAND_R_05_001","已声明","1","0","0","0","0","",""
"mana/idle01","1","PARAM_HAND_R_06_001","已声明","1","0","0","0","0","",""
"mana/idle01","1","PARAM_HAND_R_09_001","已声明","1","0","0","0","0","",""
"mana/jaan01","1","PARAM_HAND_L_01_001","已声明","1","0","0","0","0","",""
"mana/jaan01","1","PARAM_HAND_L_02_001","已声明","1","0","0","0","0","",""
"mana/jaan01","1","PARAM_HAND_L_03_001","已声明","1","0","0","0","0","",""
"mana/jaan01","1","PARAM_HAND_L_04_001","已声明","119","0","1","0","1","0.733–3.933s","0.833–3.933s"
"mana/jaan01","1","PARAM_HAND_L_05_001","已声明","119","0","1","1","0","0–0.9s","0–0.8s"
"mana/jaan01","1","PARAM_HAND_L_06_001","已声明","1","0","0","0","0","",""
"mana/jaan01","1","PARAM_HAND_L_07_001","已声明","1","0","0","0","0","",""
"mana/jaan01","1","PARAM_HAND_R_01_001","已声明","1","0","0","0","0","",""
"mana/jaan01","1","PARAM_HAND_R_02_001","已声明","1","0","0","0","0","",""
"mana/jaan01","1","PARAM_HAND_R_03_001","已声明","1","0","0","0","0","",""
"mana/jaan01","1","PARAM_HAND_R_04_001","已声明","119","0","1","0","1","0.733–3.933s","0.833–3.933s"
"mana/jaan01","1","PARAM_HAND_R_05_001","已声明","119","0","1","1","0","0–0.9s","0–0.8s"
"mana/jaan01","1","PARAM_HAND_R_06_001","已声明","1","0","0","0","0","",""
"mana/jaan01","1","PARAM_HAND_R_09_001","已声明","1","0","0","0","0","",""
"mana/nf_left01","1","PARAM_HAND_L_01_001","已声明","1","1","1","1","1","0–3.633s","0–3.633s"
"mana/nf_left01","1","PARAM_HAND_L_02_001","已声明","1","0","0","0","0","",""
"mana/nf_left01","1","PARAM_HAND_L_03_001","已声明","1","0","0","0","0","",""
"mana/nf_left01","1","PARAM_HAND_L_04_001","已声明","1","0","0","0","0","",""
"mana/nf_left01","1","PARAM_HAND_L_05_001","已声明","1","0","0","0","0","",""
"mana/nf_left01","1","PARAM_HAND_L_06_001","已声明","1","0","0","0","0","",""
"mana/nf_left01","1","PARAM_HAND_L_07_001","已声明","1","0","0","0","0","",""
"mana/nf_left01","1","PARAM_HAND_R_01_001","已声明","1","0","0","0","0","",""
"mana/nf_left01","1","PARAM_HAND_R_02_001","已声明","1","0","0","0","0","",""
"mana/nf_left01","1","PARAM_HAND_R_03_001","已声明","1","0","0","0","0","",""
"mana/nf_left01","1","PARAM_HAND_R_04_001","已声明","1","0","0","0","0","",""
"mana/nf_left01","1","PARAM_HAND_R_05_001","已声明","1","1","1","1","1","0–3.633s","0–3.633s"
"mana/nf_left01","1","PARAM_HAND_R_06_001","已声明","1","0","0","0","0","",""
"mana/nf_left01","1","PARAM_HAND_R_09_001","已声明","1","0","0","0","0","",""
"mana/nf_right01","1","PARAM_HAND_L_01_001","已声明","1","1","1","1","1","0–3.6s","0–3.6s"
"mana/nf_right01","1","PARAM_HAND_L_02_001","已声明","1","0","0","0","0","",""
"mana/nf_right01","1","PARAM_HAND_L_03_001","已声明","1","0","0","0","0","",""
"mana/nf_right01","1","PARAM_HAND_L_04_001","已声明","1","0","0","0","0","",""
"mana/nf_right01","1","PARAM_HAND_L_05_001","已声明","1","0","0","0","0","",""
"mana/nf_right01","1","PARAM_HAND_L_06_001","已声明","1","0","0","0","0","",""
"mana/nf_right01","1","PARAM_HAND_L_07_001","已声明","1","0","0","0","0","",""
"mana/nf_right01","1","PARAM_HAND_R_01_001","已声明","1","1","1","1","1","0–3.6s","0–3.6s"
"mana/nf_right01","1","PARAM_HAND_R_02_001","已声明","1","0","0","0","0","",""
"mana/nf_right01","1","PARAM_HAND_R_03_001","已声明","1","0","0","0","0","",""
"mana/nf_right01","1","PARAM_HAND_R_04_001","已声明","1","0","0","0","0","",""
"mana/nf_right01","1","PARAM_HAND_R_05_001","已声明","1","0","0","0","0","",""
"mana/nf_right01","1","PARAM_HAND_R_06_001","已声明","1","0","0","0","0","",""
"mana/nf_right01","1","PARAM_HAND_R_09_001","已声明","1","0","0","0","0","",""
"mana/nf01","1","PARAM_HAND_L_01_001","已声明","1","1","1","1","1","0–4.267s","0–4.267s"
"mana/nf01","1","PARAM_HAND_L_02_001","已声明","1","0","0","0","0","",""
"mana/nf01","1","PARAM_HAND_L_03_001","已声明","1","0","0","0","0","",""
"mana/nf01","1","PARAM_HAND_L_04_001","已声明","1","0","0","0","0","",""
"mana/nf01","1","PARAM_HAND_L_05_001","已声明","1","0","0","0","0","",""
"mana/nf01","1","PARAM_HAND_L_06_001","已声明","1","0","0","0","0","",""
"mana/nf01","1","PARAM_HAND_L_07_001","已声明","1","0","0","0","0","",""
"mana/nf01","1","PARAM_HAND_R_01_001","已声明","1","1","1","1","1","0–4.267s","0–4.267s"
"mana/nf01","1","PARAM_HAND_R_02_001","已声明","1","0","0","0","0","",""
"mana/nf01","1","PARAM_HAND_R_03_001","已声明","1","0","0","0","0","",""
"mana/nf01","1","PARAM_HAND_R_04_001","已声明","1","0","0","0","0","",""
"mana/nf01","1","PARAM_HAND_R_05_001","已声明","1","0","0","0","0","",""
"mana/nf01","1","PARAM_HAND_R_06_001","已声明","1","0","0","0","0","",""
"mana/nf01","1","PARAM_HAND_R_09_001","已声明","1","0","0","0","0","",""
"mana/nf02","1","PARAM_HAND_L_01_001","已声明","1","0","0","0","0","",""
"mana/nf02","1","PARAM_HAND_L_02_001","已声明","1","0","0","0","0","",""
"mana/nf02","1","PARAM_HAND_L_03_001","已声明","1","0","0","0","0","",""
"mana/nf02","1","PARAM_HAND_L_04_001","已声明","1","0","0","0","0","",""
"mana/nf02","1","PARAM_HAND_L_05_001","已声明","1","1","1","1","1","0–3.633s","0–3.633s"
"mana/nf02","1","PARAM_HAND_L_06_001","已声明","1","0","0","0","0","",""
"mana/nf02","1","PARAM_HAND_L_07_001","已声明","1","0","0","0","0","",""
"mana/nf02","1","PARAM_HAND_R_01_001","已声明","1","1","1","1","1","0–3.633s","0–3.633s"
"mana/nf02","1","PARAM_HAND_R_02_001","已声明","1","0","0","0","0","",""
"mana/nf02","1","PARAM_HAND_R_03_001","已声明","1","0","0","0","0","",""
"mana/nf02","1","PARAM_HAND_R_04_001","已声明","1","0","0","0","0","",""
"mana/nf02","1","PARAM_HAND_R_05_001","已声明","1","0","0","0","0","",""
"mana/nf02","1","PARAM_HAND_R_06_001","已声明","1","0","0","0","0","",""
"mana/nf02","1","PARAM_HAND_R_09_001","已声明","1","0","0","0","0","",""
"mana/nf03","1","PARAM_HAND_L_01_001","已声明","1","0","0","0","0","",""
"mana/nf03","1","PARAM_HAND_L_02_001","已声明","1","0","0","0","0","",""
"mana/nf03","1","PARAM_HAND_L_03_001","已声明","1","0","0","0","0","",""
"mana/nf03","1","PARAM_HAND_L_04_001","已声明","1","0","0","0","0","",""
"mana/nf03","1","PARAM_HAND_L_05_001","已声明","1","0","0","0","0","",""
"mana/nf03","1","PARAM_HAND_L_06_001","已声明","1","0","0","0","0","",""
"mana/nf03","1","PARAM_HAND_L_07_001","已声明","1","1","1","1","1","0–4.267s","0–4.267s"
"mana/nf03","1","PARAM_HAND_R_01_001","已声明","1","1","1","1","1","0–4.267s","0–4.267s"
"mana/nf03","1","PARAM_HAND_R_02_001","已声明","1","0","0","0","0","",""
"mana/nf03","1","PARAM_HAND_R_03_001","已声明","1","0","0","0","0","",""
"mana/nf03","1","PARAM_HAND_R_04_001","已声明","1","0","0","0","0","",""
"mana/nf03","1","PARAM_HAND_R_05_001","已声明","1","0","0","0","0","",""
"mana/nf03","1","PARAM_HAND_R_06_001","已声明","1","0","0","0","0","",""
"mana/nf03","1","PARAM_HAND_R_09_001","已声明","1","0","0","0","0","",""
"mana/nf04","1","PARAM_HAND_L_01_001","已声明","1","1","1","1","1","0–3.6s","0–3.6s"
"mana/nf04","1","PARAM_HAND_L_02_001","已声明","1","0","0","0","0","",""
"mana/nf04","1","PARAM_HAND_L_03_001","已声明","1","0","0","0","0","",""
"mana/nf04","1","PARAM_HAND_L_04_001","已声明","1","0","0","0","0","",""
"mana/nf04","1","PARAM_HAND_L_05_001","已声明","1","0","0","0","0","",""
"mana/nf04","1","PARAM_HAND_L_06_001","已声明","1","0","0","0","0","",""
"mana/nf04","1","PARAM_HAND_L_07_001","已声明","1","0","0","0","0","",""
"mana/nf04","1","PARAM_HAND_R_01_001","已声明","1","1","1","1","1","0–3.6s","0–3.6s"
"mana/nf04","1","PARAM_HAND_R_02_001","已声明","1","0","0","0","0","",""
"mana/nf04","1","PARAM_HAND_R_03_001","已声明","1","0","0","0","0","",""
"mana/nf04","1","PARAM_HAND_R_04_001","已声明","1","0","0","0","0","",""
"mana/nf04","1","PARAM_HAND_R_05_001","已声明","1","0","0","0","0","",""
"mana/nf04","1","PARAM_HAND_R_06_001","已声明","1","0","0","0","0","",""
"mana/nf04","1","PARAM_HAND_R_09_001","已声明","1","0","0","0","0","",""
"mana/nf05","1","PARAM_HAND_L_01_001","已声明","1","0","0","0","0","",""
"mana/nf05","1","PARAM_HAND_L_02_001","已声明","1","0","0","0","0","",""
"mana/nf05","1","PARAM_HAND_L_03_001","已声明","1","0","0","0","0","",""
"mana/nf05","1","PARAM_HAND_L_04_001","已声明","1","0","0","0","0","",""
"mana/nf05","1","PARAM_HAND_L_05_001","已声明","1","1","1","1","1","0–4.467s","0–4.467s"
"mana/nf05","1","PARAM_HAND_L_06_001","已声明","1","0","0","0","0","",""
"mana/nf05","1","PARAM_HAND_L_07_001","已声明","1","0","0","0","0","",""
"mana/nf05","1","PARAM_HAND_R_01_001","已声明","1","0","0","0","0","",""
"mana/nf05","1","PARAM_HAND_R_02_001","已声明","1","0","0","0","0","",""
"mana/nf05","1","PARAM_HAND_R_03_001","已声明","1","0","0","0","0","",""
"mana/nf05","1","PARAM_HAND_R_04_001","已声明","1","0","0","0","0","",""
"mana/nf05","1","PARAM_HAND_R_05_001","已声明","1","1","1","1","1","0–4.467s","0–4.467s"
"mana/nf05","1","PARAM_HAND_R_06_001","已声明","1","0","0","0","0","",""
"mana/nf05","1","PARAM_HAND_R_09_001","已声明","1","0","0","0","0","",""
"mana/nnf_left01","1","PARAM_HAND_L_01_001","已声明","1","1","1","1","1","0–3.633s","0–3.633s"
"mana/nnf_left01","1","PARAM_HAND_L_02_001","已声明","1","0","0","0","0","",""
"mana/nnf_left01","1","PARAM_HAND_L_03_001","已声明","1","0","0","0","0","",""
"mana/nnf_left01","1","PARAM_HAND_L_04_001","已声明","1","0","0","0","0","",""
"mana/nnf_left01","1","PARAM_HAND_L_05_001","已声明","1","0","0","0","0","",""
"mana/nnf_left01","1","PARAM_HAND_L_06_001","已声明","1","0","0","0","0","",""
"mana/nnf_left01","1","PARAM_HAND_L_07_001","已声明","1","0","0","0","0","",""
"mana/nnf_left01","1","PARAM_HAND_R_01_001","已声明","1","0","0","0","0","",""
"mana/nnf_left01","1","PARAM_HAND_R_02_001","已声明","1","0","0","0","0","",""
"mana/nnf_left01","1","PARAM_HAND_R_03_001","已声明","1","0","0","0","0","",""
"mana/nnf_left01","1","PARAM_HAND_R_04_001","已声明","1","0","0","0","0","",""
"mana/nnf_left01","1","PARAM_HAND_R_05_001","已声明","1","1","1","1","1","0–3.633s","0–3.633s"
"mana/nnf_left01","1","PARAM_HAND_R_06_001","已声明","1","0","0","0","0","",""
"mana/nnf_left01","1","PARAM_HAND_R_09_001","已声明","1","0","0","0","0","",""
"mana/nnf_right01","1","PARAM_HAND_L_01_001","已声明","1","1","1","1","1","0–3.6s","0–3.6s"
"mana/nnf_right01","1","PARAM_HAND_L_02_001","已声明","1","0","0","0","0","",""
"mana/nnf_right01","1","PARAM_HAND_L_03_001","已声明","1","0","0","0","0","",""
"mana/nnf_right01","1","PARAM_HAND_L_04_001","已声明","1","0","0","0","0","",""
"mana/nnf_right01","1","PARAM_HAND_L_05_001","已声明","1","0","0","0","0","",""
"mana/nnf_right01","1","PARAM_HAND_L_06_001","已声明","1","0","0","0","0","",""
"mana/nnf_right01","1","PARAM_HAND_L_07_001","已声明","1","0","0","0","0","",""
"mana/nnf_right01","1","PARAM_HAND_R_01_001","已声明","1","1","1","1","1","0–3.6s","0–3.6s"
"mana/nnf_right01","1","PARAM_HAND_R_02_001","已声明","1","0","0","0","0","",""
"mana/nnf_right01","1","PARAM_HAND_R_03_001","已声明","1","0","0","0","0","",""
"mana/nnf_right01","1","PARAM_HAND_R_04_001","已声明","1","0","0","0","0","",""
"mana/nnf_right01","1","PARAM_HAND_R_05_001","已声明","1","0","0","0","0","",""
"mana/nnf_right01","1","PARAM_HAND_R_06_001","已声明","1","0","0","0","0","",""
"mana/nnf_right01","1","PARAM_HAND_R_09_001","已声明","1","0","0","0","0","",""
"mana/nnf01","1","PARAM_HAND_L_01_001","已声明","1","1","1","1","1","0–4.267s","0–4.267s"
"mana/nnf01","1","PARAM_HAND_L_02_001","已声明","1","0","0","0","0","",""
"mana/nnf01","1","PARAM_HAND_L_03_001","已声明","1","0","0","0","0","",""
"mana/nnf01","1","PARAM_HAND_L_04_001","已声明","1","0","0","0","0","",""
"mana/nnf01","1","PARAM_HAND_L_05_001","已声明","1","0","0","0","0","",""
"mana/nnf01","1","PARAM_HAND_L_06_001","已声明","1","0","0","0","0","",""
"mana/nnf01","1","PARAM_HAND_L_07_001","已声明","1","0","0","0","0","",""
"mana/nnf01","1","PARAM_HAND_R_01_001","已声明","1","1","1","1","1","0–4.267s","0–4.267s"
"mana/nnf01","1","PARAM_HAND_R_02_001","已声明","1","0","0","0","0","",""
"mana/nnf01","1","PARAM_HAND_R_03_001","已声明","1","0","0","0","0","",""
"mana/nnf01","1","PARAM_HAND_R_04_001","已声明","1","0","0","0","0","",""
"mana/nnf01","1","PARAM_HAND_R_05_001","已声明","1","0","0","0","0","",""
"mana/nnf01","1","PARAM_HAND_R_06_001","已声明","1","0","0","0","0","",""
"mana/nnf01","1","PARAM_HAND_R_09_001","已声明","1","0","0","0","0","",""
"mana/nnf02","1","PARAM_HAND_L_01_001","已声明","1","0","0","0","0","",""
"mana/nnf02","1","PARAM_HAND_L_02_001","已声明","1","0","0","0","0","",""
"mana/nnf02","1","PARAM_HAND_L_03_001","已声明","1","0","0","0","0","",""
"mana/nnf02","1","PARAM_HAND_L_04_001","已声明","1","0","0","0","0","",""
"mana/nnf02","1","PARAM_HAND_L_05_001","已声明","1","1","1","1","1","0–3.633s","0–3.633s"
"mana/nnf02","1","PARAM_HAND_L_06_001","已声明","1","0","0","0","0","",""
"mana/nnf02","1","PARAM_HAND_L_07_001","已声明","1","0","0","0","0","",""
"mana/nnf02","1","PARAM_HAND_R_01_001","已声明","1","1","1","1","1","0–3.633s","0–3.633s"
"mana/nnf02","1","PARAM_HAND_R_02_001","已声明","1","0","0","0","0","",""
"mana/nnf02","1","PARAM_HAND_R_03_001","已声明","1","0","0","0","0","",""
"mana/nnf02","1","PARAM_HAND_R_04_001","已声明","1","0","0","0","0","",""
"mana/nnf02","1","PARAM_HAND_R_05_001","已声明","1","0","0","0","0","",""
"mana/nnf02","1","PARAM_HAND_R_06_001","已声明","1","0","0","0","0","",""
"mana/nnf02","1","PARAM_HAND_R_09_001","已声明","1","0","0","0","0","",""
"mana/nnf03","1","PARAM_HAND_L_01_001","已声明","1","0","0","0","0","",""
"mana/nnf03","1","PARAM_HAND_L_02_001","已声明","1","0","0","0","0","",""
"mana/nnf03","1","PARAM_HAND_L_03_001","已声明","1","0","0","0","0","",""
"mana/nnf03","1","PARAM_HAND_L_04_001","已声明","1","0","0","0","0","",""
"mana/nnf03","1","PARAM_HAND_L_05_001","已声明","1","0","0","0","0","",""
"mana/nnf03","1","PARAM_HAND_L_06_001","已声明","1","0","0","0","0","",""
"mana/nnf03","1","PARAM_HAND_L_07_001","已声明","1","1","1","1","1","0–4.267s","0–4.267s"
"mana/nnf03","1","PARAM_HAND_R_01_001","已声明","1","1","1","1","1","0–4.267s","0–4.267s"
"mana/nnf03","1","PARAM_HAND_R_02_001","已声明","1","0","0","0","0","",""
"mana/nnf03","1","PARAM_HAND_R_03_001","已声明","1","0","0","0","0","",""
"mana/nnf03","1","PARAM_HAND_R_04_001","已声明","1","0","0","0","0","",""
"mana/nnf03","1","PARAM_HAND_R_05_001","已声明","1","0","0","0","0","",""
"mana/nnf03","1","PARAM_HAND_R_06_001","已声明","1","0","0","0","0","",""
"mana/nnf03","1","PARAM_HAND_R_09_001","已声明","1","0","0","0","0","",""
"mana/nnf04","1","PARAM_HAND_L_01_001","已声明","1","1","1","1","1","0–3.6s","0–3.6s"
"mana/nnf04","1","PARAM_HAND_L_02_001","已声明","1","0","0","0","0","",""
"mana/nnf04","1","PARAM_HAND_L_03_001","已声明","1","0","0","0","0","",""
"mana/nnf04","1","PARAM_HAND_L_04_001","已声明","1","0","0","0","0","",""
"mana/nnf04","1","PARAM_HAND_L_05_001","已声明","1","0","0","0","0","",""
"mana/nnf04","1","PARAM_HAND_L_06_001","已声明","1","0","0","0","0","",""
"mana/nnf04","1","PARAM_HAND_L_07_001","已声明","1","0","0","0","0","",""
"mana/nnf04","1","PARAM_HAND_R_01_001","已声明","1","1","1","1","1","0–3.6s","0–3.6s"
"mana/nnf04","1","PARAM_HAND_R_02_001","已声明","1","0","0","0","0","",""
"mana/nnf04","1","PARAM_HAND_R_03_001","已声明","1","0","0","0","0","",""
"mana/nnf04","1","PARAM_HAND_R_04_001","已声明","1","0","0","0","0","",""
"mana/nnf04","1","PARAM_HAND_R_05_001","已声明","1","0","0","0","0","",""
"mana/nnf04","1","PARAM_HAND_R_06_001","已声明","1","0","0","0","0","",""
"mana/nnf04","1","PARAM_HAND_R_09_001","已声明","1","0","0","0","0","",""
"mana/nnf05","1","PARAM_HAND_L_01_001","已声明","1","0","0","0","0","",""
"mana/nnf05","1","PARAM_HAND_L_02_001","已声明","1","0","0","0","0","",""
"mana/nnf05","1","PARAM_HAND_L_03_001","已声明","1","0","0","0","0","",""
"mana/nnf05","1","PARAM_HAND_L_04_001","已声明","1","0","0","0","0","",""
"mana/nnf05","1","PARAM_HAND_L_05_001","已声明","1","1","1","1","1","0–4.467s","0–4.467s"
"mana/nnf05","1","PARAM_HAND_L_06_001","已声明","1","0","0","0","0","",""
"mana/nnf05","1","PARAM_HAND_L_07_001","已声明","1","0","0","0","0","",""
"mana/nnf05","1","PARAM_HAND_R_01_001","已声明","1","0","0","0","0","",""
"mana/nnf05","1","PARAM_HAND_R_02_001","已声明","1","0","0","0","0","",""
"mana/nnf05","1","PARAM_HAND_R_03_001","已声明","1","0","0","0","0","",""
"mana/nnf05","1","PARAM_HAND_R_04_001","已声明","1","0","0","0","0","",""
"mana/nnf05","1","PARAM_HAND_R_05_001","已声明","1","1","1","1","1","0–4.467s","0–4.467s"
"mana/nnf05","1","PARAM_HAND_R_06_001","已声明","1","0","0","0","0","",""
"mana/nnf05","1","PARAM_HAND_R_09_001","已声明","1","0","0","0","0","",""
"mana/sad01","1","PARAM_HAND_L_01_001","已声明","1","1","1","1","1","0–3.3s","0–3.3s"
"mana/sad01","1","PARAM_HAND_L_02_001","已声明","1","0","0","0","0","",""
"mana/sad01","1","PARAM_HAND_L_03_001","已声明","1","0","0","0","0","",""
"mana/sad01","1","PARAM_HAND_L_04_001","已声明","1","0","0","0","0","",""
"mana/sad01","1","PARAM_HAND_L_05_001","已声明","1","0","0","0","0","",""
"mana/sad01","1","PARAM_HAND_L_06_001","已声明","1","0","0","0","0","",""
"mana/sad01","1","PARAM_HAND_L_07_001","已声明","1","0","0","0","0","",""
"mana/sad01","1","PARAM_HAND_R_01_001","已声明","1","1","1","1","1","0–3.3s","0–3.3s"
"mana/sad01","1","PARAM_HAND_R_02_001","已声明","1","0","0","0","0","",""
"mana/sad01","1","PARAM_HAND_R_03_001","已声明","1","0","0","0","0","",""
"mana/sad01","1","PARAM_HAND_R_04_001","已声明","1","0","0","0","0","",""
"mana/sad01","1","PARAM_HAND_R_05_001","已声明","1","0","0","0","0","",""
"mana/sad01","1","PARAM_HAND_R_06_001","已声明","1","0","0","0","0","",""
"mana/sad01","1","PARAM_HAND_R_09_001","已声明","1","0","0","0","0","",""
"mana/shame01","1","PARAM_HAND_L_01_001","已声明","1","1","1","1","1","0–4.6s","0–4.6s"
"mana/shame01","1","PARAM_HAND_L_02_001","已声明","1","0","0","0","0","",""
"mana/shame01","1","PARAM_HAND_L_03_001","已声明","1","0","0","0","0","",""
"mana/shame01","1","PARAM_HAND_L_04_001","已声明","1","0","0","0","0","",""
"mana/shame01","1","PARAM_HAND_L_05_001","已声明","1","0","0","0","0","",""
"mana/shame01","1","PARAM_HAND_L_06_001","已声明","1","0","0","0","0","",""
"mana/shame01","1","PARAM_HAND_L_07_001","已声明","1","0","0","0","0","",""
"mana/shame01","1","PARAM_HAND_R_01_001","已声明","1","0","0","0","0","",""
"mana/shame01","1","PARAM_HAND_R_02_001","已声明","1","0","0","0","0","",""
"mana/shame01","1","PARAM_HAND_R_03_001","已声明","1","0","0","0","0","",""
"mana/shame01","1","PARAM_HAND_R_04_001","已声明","1","0","0","0","0","",""
"mana/shame01","1","PARAM_HAND_R_05_001","已声明","1","0","0","0","0","",""
"mana/shame01","1","PARAM_HAND_R_06_001","已声明","1","0","0","0","0","",""
"mana/shame01","1","PARAM_HAND_R_09_001","已声明","1","1","1","1","1","0–4.6s","0–4.6s"
"mana/smile01","1","PARAM_HAND_L_01_001","已声明","1","1","1","1","1","0–3.9s","0–3.9s"
"mana/smile01","1","PARAM_HAND_L_02_001","已声明","1","0","0","0","0","",""
"mana/smile01","1","PARAM_HAND_L_03_001","已声明","1","0","0","0","0","",""
"mana/smile01","1","PARAM_HAND_L_04_001","已声明","1","0","0","0","0","",""
"mana/smile01","1","PARAM_HAND_L_05_001","已声明","1","0","0","0","0","",""
"mana/smile01","1","PARAM_HAND_L_06_001","已声明","1","0","0","0","0","",""
"mana/smile01","1","PARAM_HAND_L_07_001","已声明","1","0","0","0","0","",""
"mana/smile01","1","PARAM_HAND_R_01_001","已声明","1","1","1","1","1","0–3.9s","0–3.9s"
"mana/smile01","1","PARAM_HAND_R_02_001","已声明","1","0","0","0","0","",""
"mana/smile01","1","PARAM_HAND_R_03_001","已声明","1","0","0","0","0","",""
"mana/smile01","1","PARAM_HAND_R_04_001","已声明","1","0","0","0","0","",""
"mana/smile01","1","PARAM_HAND_R_05_001","已声明","1","0","0","0","0","",""
"mana/smile01","1","PARAM_HAND_R_06_001","已声明","1","0","0","0","0","",""
"mana/smile01","1","PARAM_HAND_R_09_001","已声明","1","0","0","0","0","",""
"mana/smile02","1","PARAM_HAND_L_01_001","已声明","1","0","0","0","0","",""
"mana/smile02","1","PARAM_HAND_L_02_001","已声明","1","0","0","0","0","",""
"mana/smile02","1","PARAM_HAND_L_03_001","已声明","1","0","0","0","0","",""
"mana/smile02","1","PARAM_HAND_L_04_001","已声明","1","0","0","0","0","",""
"mana/smile02","1","PARAM_HAND_L_05_001","已声明","1","1","1","1","1","0–3.8s","0–3.8s"
"mana/smile02","1","PARAM_HAND_L_06_001","已声明","1","0","0","0","0","",""
"mana/smile02","1","PARAM_HAND_L_07_001","已声明","1","0","0","0","0","",""
"mana/smile02","1","PARAM_HAND_R_01_001","已声明","1","1","1","1","1","0–3.8s","0–3.8s"
"mana/smile02","1","PARAM_HAND_R_02_001","已声明","1","0","0","0","0","",""
"mana/smile02","1","PARAM_HAND_R_03_001","已声明","1","0","0","0","0","",""
"mana/smile02","1","PARAM_HAND_R_04_001","已声明","1","0","0","0","0","",""
"mana/smile02","1","PARAM_HAND_R_05_001","已声明","1","0","0","0","0","",""
"mana/smile02","1","PARAM_HAND_R_06_001","已声明","1","0","0","0","0","",""
"mana/smile02","1","PARAM_HAND_R_09_001","已声明","1","0","0","0","0","",""
"mana/smile03","1","PARAM_HAND_L_01_001","已声明","1","1","1","1","1","0–3.8s","0–3.8s"
"mana/smile03","1","PARAM_HAND_L_02_001","已声明","1","0","0","0","0","",""
"mana/smile03","1","PARAM_HAND_L_03_001","已声明","1","0","0","0","0","",""
"mana/smile03","1","PARAM_HAND_L_04_001","已声明","1","0","0","0","0","",""
"mana/smile03","1","PARAM_HAND_L_05_001","已声明","1","0","0","0","0","",""
"mana/smile03","1","PARAM_HAND_L_06_001","已声明","1","0","0","0","0","",""
"mana/smile03","1","PARAM_HAND_L_07_001","已声明","1","0","0","0","0","",""
"mana/smile03","1","PARAM_HAND_R_01_001","已声明","1","1","1","1","1","0–3.8s","0–3.8s"
"mana/smile03","1","PARAM_HAND_R_02_001","已声明","1","0","0","0","0","",""
"mana/smile03","1","PARAM_HAND_R_03_001","已声明","1","0","0","0","0","",""
"mana/smile03","1","PARAM_HAND_R_04_001","已声明","1","0","0","0","0","",""
"mana/smile03","1","PARAM_HAND_R_05_001","已声明","1","0","0","0","0","",""
"mana/smile03","1","PARAM_HAND_R_06_001","已声明","1","0","0","0","0","",""
"mana/smile03","1","PARAM_HAND_R_09_001","已声明","1","0","0","0","0","",""
"mana/surprised01","1","PARAM_HAND_L_01_001","已声明","1","1","1","1","1","0–4.2s","0–4.2s"
"mana/surprised01","1","PARAM_HAND_L_02_001","已声明","1","0","0","0","0","",""
"mana/surprised01","1","PARAM_HAND_L_03_001","已声明","1","0","0","0","0","",""
"mana/surprised01","1","PARAM_HAND_L_04_001","已声明","1","0","0","0","0","",""
"mana/surprised01","1","PARAM_HAND_L_05_001","已声明","1","0","0","0","0","",""
"mana/surprised01","1","PARAM_HAND_L_06_001","已声明","1","0","0","0","0","",""
"mana/surprised01","1","PARAM_HAND_L_07_001","已声明","1","0","0","0","0","",""
"mana/surprised01","1","PARAM_HAND_R_01_001","已声明","1","1","1","1","1","0–4.2s","0–4.2s"
"mana/surprised01","1","PARAM_HAND_R_02_001","已声明","1","0","0","0","0","",""
"mana/surprised01","1","PARAM_HAND_R_03_001","已声明","1","0","0","0","0","",""
"mana/surprised01","1","PARAM_HAND_R_04_001","已声明","1","0","0","0","0","",""
"mana/surprised01","1","PARAM_HAND_R_05_001","已声明","1","0","0","0","0","",""
"mana/surprised01","1","PARAM_HAND_R_06_001","已声明","1","0","0","0","0","",""
"mana/surprised01","1","PARAM_HAND_R_09_001","已声明","1","0","0","0","0","",""
"mutsumi/angry01","1","PARAM_HAND_L_01_001","已声明","1","1","1","1","1","0–4s","0–4s"
"mutsumi/angry01","1","PARAM_HAND_L_02_001","已声明","1","0","0","0","0","",""
"mutsumi/angry01","1","PARAM_HAND_L_03_001","已声明","1","0","0","0","0","",""
"mutsumi/angry01","1","PARAM_HAND_L_04_001","已声明","1","0","0","0","0","",""
"mutsumi/angry01","1","PARAM_HAND_L_05_001","已声明","1","0","0","0","0","",""
"mutsumi/angry01","1","PARAM_HAND_L_06_001","已声明","1","0","0","0","0","",""
"mutsumi/angry01","1","PARAM_HAND_L_07_001","已声明","1","0","0","0","0","",""
"mutsumi/angry01","1","PARAM_HAND_R_01_001","已声明","1","1","1","1","1","0–4s","0–4s"
"mutsumi/angry01","1","PARAM_HAND_R_02_001","已声明","1","0","0","0","0","",""
"mutsumi/angry01","1","PARAM_HAND_R_03_001","已声明","1","0","0","0","0","",""
"mutsumi/angry01","1","PARAM_HAND_R_04_001","已声明","1","0","0","0","0","",""
"mutsumi/angry01","1","PARAM_HAND_R_05_001","已声明","1","0","0","0","0","",""
"mutsumi/angry01","1","PARAM_HAND_R_06_001","已声明","1","0","0","0","0","",""
"mutsumi/angry01","1","PARAM_HAND_R_09_001","已声明","1","0","0","0","0","",""
"mutsumi/bow","1","PARAM_HAND_L_01_001","已声明","1","0","0","0","0","",""
"mutsumi/bow","1","PARAM_HAND_L_02_001","已声明","1","0","0","0","0","",""
"mutsumi/bow","1","PARAM_HAND_L_03_001","已声明","1","0","0","0","0","",""
"mutsumi/bow","1","PARAM_HAND_L_04_001","已声明","1","0","0","0","0","",""
"mutsumi/bow","1","PARAM_HAND_L_05_001","已声明","1","0","0","0","0","",""
"mutsumi/bow","1","PARAM_HAND_L_06_001","已声明","1","0","0","0","0","",""
"mutsumi/bow","1","PARAM_HAND_L_07_001","已声明","1","1","1","1","1","0–5.533s","0–5.533s"
"mutsumi/bow","1","PARAM_HAND_R_01_001","已声明","1","0","0","0","0","",""
"mutsumi/bow","1","PARAM_HAND_R_02_001","已声明","1","0","0","0","0","",""
"mutsumi/bow","1","PARAM_HAND_R_03_001","已声明","1","0","0","0","0","",""
"mutsumi/bow","1","PARAM_HAND_R_04_001","已声明","1","0","0","0","0","",""
"mutsumi/bow","1","PARAM_HAND_R_05_001","已声明","1","1","1","1","1","0–5.533s","0–5.533s"
"mutsumi/bow","1","PARAM_HAND_R_06_001","已声明","1","0","0","0","0","",""
"mutsumi/bow","1","PARAM_HAND_R_09_001","已声明","1","0","0","0","0","",""
"mutsumi/bye01","1","PARAM_HAND_L_01_001","已声明","1","1","1","1","1","0–5.533s","0–5.533s"
"mutsumi/bye01","1","PARAM_HAND_L_02_001","已声明","1","0","0","0","0","",""
"mutsumi/bye01","1","PARAM_HAND_L_03_001","已声明","1","0","0","0","0","",""
"mutsumi/bye01","1","PARAM_HAND_L_04_001","已声明","1","0","0","0","0","",""
"mutsumi/bye01","1","PARAM_HAND_L_05_001","已声明","1","0","0","0","0","",""
"mutsumi/bye01","1","PARAM_HAND_L_06_001","已声明","1","0","0","0","0","",""
"mutsumi/bye01","1","PARAM_HAND_L_07_001","已声明","1","0","0","0","0","",""
"mutsumi/bye01","1","PARAM_HAND_R_01_001","已声明","1","1","1","1","1","0–5.533s","0–5.533s"
"mutsumi/bye01","1","PARAM_HAND_R_02_001","已声明","1","0","0","0","0","",""
"mutsumi/bye01","1","PARAM_HAND_R_03_001","已声明","1","0","0","0","0","",""
"mutsumi/bye01","1","PARAM_HAND_R_04_001","已声明","1","0","0","0","0","",""
"mutsumi/bye01","1","PARAM_HAND_R_05_001","已声明","1","0","0","0","0","",""
"mutsumi/bye01","1","PARAM_HAND_R_06_001","已声明","1","0","0","0","0","",""
"mutsumi/bye01","1","PARAM_HAND_R_09_001","已声明","1","0","0","0","0","",""
"mutsumi/idle01","1","PARAM_HAND_L_01_001","已声明","1","1","1","1","1","0–6s","0–6s"
"mutsumi/idle01","1","PARAM_HAND_L_02_001","已声明","1","0","0","0","0","",""
"mutsumi/idle01","1","PARAM_HAND_L_03_001","已声明","1","0","0","0","0","",""
"mutsumi/idle01","1","PARAM_HAND_L_04_001","已声明","1","0","0","0","0","",""
"mutsumi/idle01","1","PARAM_HAND_L_05_001","已声明","1","0","0","0","0","",""
"mutsumi/idle01","1","PARAM_HAND_L_06_001","已声明","1","0","0","0","0","",""
"mutsumi/idle01","1","PARAM_HAND_L_07_001","已声明","1","0","0","0","0","",""
"mutsumi/idle01","1","PARAM_HAND_R_01_001","已声明","1","1","1","1","1","0–6s","0–6s"
"mutsumi/idle01","1","PARAM_HAND_R_02_001","已声明","1","0","0","0","0","",""
"mutsumi/idle01","1","PARAM_HAND_R_03_001","已声明","1","0","0","0","0","",""
"mutsumi/idle01","1","PARAM_HAND_R_04_001","已声明","1","0","0","0","0","",""
"mutsumi/idle01","1","PARAM_HAND_R_05_001","已声明","1","0","0","0","0","",""
"mutsumi/idle01","1","PARAM_HAND_R_06_001","已声明","1","0","0","0","0","",""
"mutsumi/idle01","1","PARAM_HAND_R_09_001","已声明","1","0","0","0","0","",""
"mutsumi/kime01","1","PARAM_HAND_L_01_001","已声明","1","0","0","0","0","",""
"mutsumi/kime01","1","PARAM_HAND_L_02_001","已声明","1","0","0","0","0","",""
"mutsumi/kime01","1","PARAM_HAND_L_03_001","已声明","1","0","0","0","0","",""
"mutsumi/kime01","1","PARAM_HAND_L_04_001","已声明","1","0","0","0","0","",""
"mutsumi/kime01","1","PARAM_HAND_L_05_001","已声明","1","1","1","1","1","0–4.367s","0–4.367s"
"mutsumi/kime01","1","PARAM_HAND_L_06_001","已声明","1","0","0","0","0","",""
"mutsumi/kime01","1","PARAM_HAND_L_07_001","已声明","1","0","0","0","0","",""
"mutsumi/kime01","1","PARAM_HAND_R_01_001","已声明","1","1","1","1","1","0–4.367s","0–4.367s"
"mutsumi/kime01","1","PARAM_HAND_R_02_001","已声明","1","0","0","0","0","",""
"mutsumi/kime01","1","PARAM_HAND_R_03_001","已声明","1","0","0","0","0","",""
"mutsumi/kime01","1","PARAM_HAND_R_04_001","已声明","1","0","0","0","0","",""
"mutsumi/kime01","1","PARAM_HAND_R_05_001","已声明","1","0","0","0","0","",""
"mutsumi/kime01","1","PARAM_HAND_R_06_001","已声明","1","0","0","0","0","",""
"mutsumi/kime01","1","PARAM_HAND_R_09_001","已声明","1","0","0","0","0","",""
"mutsumi/maskon/angry01","1","PARAM_HAND_L_01_001","已声明","1","1","1","1","1","0–4s","0–4s"
"mutsumi/maskon/angry01","1","PARAM_HAND_L_02_001","已声明","1","0","0","0","0","",""
"mutsumi/maskon/angry01","1","PARAM_HAND_L_03_001","已声明","1","0","0","0","0","",""
"mutsumi/maskon/angry01","1","PARAM_HAND_L_04_001","已声明","1","0","0","0","0","",""
"mutsumi/maskon/angry01","1","PARAM_HAND_L_05_001","已声明","1","0","0","0","0","",""
"mutsumi/maskon/angry01","1","PARAM_HAND_L_06_001","已声明","1","0","0","0","0","",""
"mutsumi/maskon/angry01","1","PARAM_HAND_L_07_001","已声明","1","0","0","0","0","",""
"mutsumi/maskon/angry01","1","PARAM_HAND_R_01_001","已声明","1","1","1","1","1","0–4s","0–4s"
"mutsumi/maskon/angry01","1","PARAM_HAND_R_02_001","已声明","1","0","0","0","0","",""
"mutsumi/maskon/angry01","1","PARAM_HAND_R_03_001","已声明","1","0","0","0","0","",""
"mutsumi/maskon/angry01","1","PARAM_HAND_R_04_001","已声明","1","0","0","0","0","",""
"mutsumi/maskon/angry01","1","PARAM_HAND_R_05_001","已声明","1","0","0","0","0","",""
"mutsumi/maskon/angry01","1","PARAM_HAND_R_06_001","已声明","1","0","0","0","0","",""
"mutsumi/maskon/angry01","1","PARAM_HAND_R_09_001","已声明","1","0","0","0","0","",""
"mutsumi/maskon/bow","1","PARAM_HAND_L_01_001","已声明","1","0","0","0","0","",""
"mutsumi/maskon/bow","1","PARAM_HAND_L_02_001","已声明","1","0","0","0","0","",""
"mutsumi/maskon/bow","1","PARAM_HAND_L_03_001","已声明","1","0","0","0","0","",""
"mutsumi/maskon/bow","1","PARAM_HAND_L_04_001","已声明","1","0","0","0","0","",""
"mutsumi/maskon/bow","1","PARAM_HAND_L_05_001","已声明","1","0","0","0","0","",""
"mutsumi/maskon/bow","1","PARAM_HAND_L_06_001","已声明","1","0","0","0","0","",""
"mutsumi/maskon/bow","1","PARAM_HAND_L_07_001","已声明","1","1","1","1","1","0–5.533s","0–5.533s"
"mutsumi/maskon/bow","1","PARAM_HAND_R_01_001","已声明","1","0","0","0","0","",""
"mutsumi/maskon/bow","1","PARAM_HAND_R_02_001","已声明","1","0","0","0","0","",""
"mutsumi/maskon/bow","1","PARAM_HAND_R_03_001","已声明","1","0","0","0","0","",""
"mutsumi/maskon/bow","1","PARAM_HAND_R_04_001","已声明","1","0","0","0","0","",""
"mutsumi/maskon/bow","1","PARAM_HAND_R_05_001","已声明","1","1","1","1","1","0–5.533s","0–5.533s"
"mutsumi/maskon/bow","1","PARAM_HAND_R_06_001","已声明","1","0","0","0","0","",""
"mutsumi/maskon/bow","1","PARAM_HAND_R_09_001","已声明","1","0","0","0","0","",""
"mutsumi/maskon/bye01","1","PARAM_HAND_L_01_001","已声明","1","1","1","1","1","0–5.533s","0–5.533s"
"mutsumi/maskon/bye01","1","PARAM_HAND_L_02_001","已声明","1","0","0","0","0","",""
"mutsumi/maskon/bye01","1","PARAM_HAND_L_03_001","已声明","1","0","0","0","0","",""
"mutsumi/maskon/bye01","1","PARAM_HAND_L_04_001","已声明","1","0","0","0","0","",""
"mutsumi/maskon/bye01","1","PARAM_HAND_L_05_001","已声明","1","0","0","0","0","",""
"mutsumi/maskon/bye01","1","PARAM_HAND_L_06_001","已声明","1","0","0","0","0","",""
"mutsumi/maskon/bye01","1","PARAM_HAND_L_07_001","已声明","1","0","0","0","0","",""
"mutsumi/maskon/bye01","1","PARAM_HAND_R_01_001","已声明","1","1","1","1","1","0–5.533s","0–5.533s"
"mutsumi/maskon/bye01","1","PARAM_HAND_R_02_001","已声明","1","0","0","0","0","",""
"mutsumi/maskon/bye01","1","PARAM_HAND_R_03_001","已声明","1","0","0","0","0","",""
"mutsumi/maskon/bye01","1","PARAM_HAND_R_04_001","已声明","1","0","0","0","0","",""
"mutsumi/maskon/bye01","1","PARAM_HAND_R_05_001","已声明","1","0","0","0","0","",""
"mutsumi/maskon/bye01","1","PARAM_HAND_R_06_001","已声明","1","0","0","0","0","",""
"mutsumi/maskon/bye01","1","PARAM_HAND_R_09_001","已声明","1","0","0","0","0","",""
"mutsumi/maskon/idle01","1","PARAM_HAND_L_01_001","已声明","1","1","1","1","1","0–6s","0–6s"
"mutsumi/maskon/idle01","1","PARAM_HAND_L_02_001","已声明","1","0","0","0","0","",""
"mutsumi/maskon/idle01","1","PARAM_HAND_L_03_001","已声明","1","0","0","0","0","",""
"mutsumi/maskon/idle01","1","PARAM_HAND_L_04_001","已声明","1","0","0","0","0","",""
"mutsumi/maskon/idle01","1","PARAM_HAND_L_05_001","已声明","1","0","0","0","0","",""
"mutsumi/maskon/idle01","1","PARAM_HAND_L_06_001","已声明","1","0","0","0","0","",""
"mutsumi/maskon/idle01","1","PARAM_HAND_L_07_001","已声明","1","0","0","0","0","",""
"mutsumi/maskon/idle01","1","PARAM_HAND_R_01_001","已声明","1","1","1","1","1","0–6s","0–6s"
"mutsumi/maskon/idle01","1","PARAM_HAND_R_02_001","已声明","1","0","0","0","0","",""
"mutsumi/maskon/idle01","1","PARAM_HAND_R_03_001","已声明","1","0","0","0","0","",""
"mutsumi/maskon/idle01","1","PARAM_HAND_R_04_001","已声明","1","0","0","0","0","",""
"mutsumi/maskon/idle01","1","PARAM_HAND_R_05_001","已声明","1","0","0","0","0","",""
"mutsumi/maskon/idle01","1","PARAM_HAND_R_06_001","已声明","1","0","0","0","0","",""
"mutsumi/maskon/idle01","1","PARAM_HAND_R_09_001","已声明","1","0","0","0","0","",""
"mutsumi/maskon/kime01","1","PARAM_HAND_L_01_001","已声明","1","0","0","0","0","",""
"mutsumi/maskon/kime01","1","PARAM_HAND_L_02_001","已声明","1","0","0","0","0","",""
"mutsumi/maskon/kime01","1","PARAM_HAND_L_03_001","已声明","1","0","0","0","0","",""
"mutsumi/maskon/kime01","1","PARAM_HAND_L_04_001","已声明","1","0","0","0","0","",""
"mutsumi/maskon/kime01","1","PARAM_HAND_L_05_001","已声明","1","1","1","1","1","0–4.367s","0–4.367s"
"mutsumi/maskon/kime01","1","PARAM_HAND_L_06_001","已声明","1","0","0","0","0","",""
"mutsumi/maskon/kime01","1","PARAM_HAND_L_07_001","已声明","1","0","0","0","0","",""
"mutsumi/maskon/kime01","1","PARAM_HAND_R_01_001","已声明","1","1","1","1","1","0–4.367s","0–4.367s"
"mutsumi/maskon/kime01","1","PARAM_HAND_R_02_001","已声明","1","0","0","0","0","",""
"mutsumi/maskon/kime01","1","PARAM_HAND_R_03_001","已声明","1","0","0","0","0","",""
"mutsumi/maskon/kime01","1","PARAM_HAND_R_04_001","已声明","1","0","0","0","0","",""
"mutsumi/maskon/kime01","1","PARAM_HAND_R_05_001","已声明","1","0","0","0","0","",""
"mutsumi/maskon/kime01","1","PARAM_HAND_R_06_001","已声明","1","0","0","0","0","",""
"mutsumi/maskon/kime01","1","PARAM_HAND_R_09_001","已声明","1","0","0","0","0","",""
"mutsumi/maskon/nf_left01","1","PARAM_HAND_L_01_001","已声明","1","1","1","1","1","0–4s","0–4s"
"mutsumi/maskon/nf_left01","1","PARAM_HAND_L_02_001","已声明","1","0","0","0","0","",""
"mutsumi/maskon/nf_left01","1","PARAM_HAND_L_03_001","已声明","1","0","0","0","0","",""
"mutsumi/maskon/nf_left01","1","PARAM_HAND_L_04_001","已声明","1","0","0","0","0","",""
"mutsumi/maskon/nf_left01","1","PARAM_HAND_L_05_001","已声明","1","0","0","0","0","",""
"mutsumi/maskon/nf_left01","1","PARAM_HAND_L_06_001","已声明","1","0","0","0","0","",""
"mutsumi/maskon/nf_left01","1","PARAM_HAND_L_07_001","已声明","1","0","0","0","0","",""
"mutsumi/maskon/nf_left01","1","PARAM_HAND_R_01_001","已声明","1","1","1","1","1","0–4s","0–4s"
"mutsumi/maskon/nf_left01","1","PARAM_HAND_R_02_001","已声明","1","0","0","0","0","",""
"mutsumi/maskon/nf_left01","1","PARAM_HAND_R_03_001","已声明","1","0","0","0","0","",""
"mutsumi/maskon/nf_left01","1","PARAM_HAND_R_04_001","已声明","1","0","0","0","0","",""
"mutsumi/maskon/nf_left01","1","PARAM_HAND_R_05_001","已声明","1","0","0","0","0","",""
"mutsumi/maskon/nf_left01","1","PARAM_HAND_R_06_001","已声明","1","0","0","0","0","",""
"mutsumi/maskon/nf_left01","1","PARAM_HAND_R_09_001","已声明","1","0","0","0","0","",""
"mutsumi/maskon/nf_right01","1","PARAM_HAND_L_01_001","已声明","1","0","0","0","0","",""
"mutsumi/maskon/nf_right01","1","PARAM_HAND_L_02_001","已声明","1","0","0","0","0","",""
"mutsumi/maskon/nf_right01","1","PARAM_HAND_L_03_001","已声明","1","0","0","0","0","",""
"mutsumi/maskon/nf_right01","1","PARAM_HAND_L_04_001","已声明","1","0","0","0","0","",""
"mutsumi/maskon/nf_right01","1","PARAM_HAND_L_05_001","已声明","1","0","0","0","0","",""
"mutsumi/maskon/nf_right01","1","PARAM_HAND_L_06_001","已声明","1","0","0","0","0","",""
"mutsumi/maskon/nf_right01","1","PARAM_HAND_L_07_001","已声明","1","1","1","1","1","0–4s","0–4s"
"mutsumi/maskon/nf_right01","1","PARAM_HAND_R_01_001","已声明","1","0","0","0","0","",""
"mutsumi/maskon/nf_right01","1","PARAM_HAND_R_02_001","已声明","1","0","0","0","0","",""
"mutsumi/maskon/nf_right01","1","PARAM_HAND_R_03_001","已声明","1","0","0","0","0","",""
"mutsumi/maskon/nf_right01","1","PARAM_HAND_R_04_001","已声明","1","0","0","0","0","",""
"mutsumi/maskon/nf_right01","1","PARAM_HAND_R_05_001","已声明","1","1","1","1","1","0–4s","0–4s"
"mutsumi/maskon/nf_right01","1","PARAM_HAND_R_06_001","已声明","1","0","0","0","0","",""
"mutsumi/maskon/nf_right01","1","PARAM_HAND_R_09_001","已声明","1","0","0","0","0","",""
"mutsumi/maskon/nf01","1","PARAM_HAND_L_01_001","已声明","1","1","1","1","1","0–4.1s","0–4.1s"
"mutsumi/maskon/nf01","1","PARAM_HAND_L_02_001","已声明","1","0","0","0","0","",""
"mutsumi/maskon/nf01","1","PARAM_HAND_L_03_001","已声明","1","0","0","0","0","",""
"mutsumi/maskon/nf01","1","PARAM_HAND_L_04_001","已声明","1","0","0","0","0","",""
"mutsumi/maskon/nf01","1","PARAM_HAND_L_05_001","已声明","1","0","0","0","0","",""
"mutsumi/maskon/nf01","1","PARAM_HAND_L_06_001","已声明","1","0","0","0","0","",""
"mutsumi/maskon/nf01","1","PARAM_HAND_L_07_001","已声明","1","0","0","0","0","",""
"mutsumi/maskon/nf01","1","PARAM_HAND_R_01_001","已声明","1","1","1","1","1","0–4.1s","0–4.1s"
"mutsumi/maskon/nf01","1","PARAM_HAND_R_02_001","已声明","1","0","0","0","0","",""
"mutsumi/maskon/nf01","1","PARAM_HAND_R_03_001","已声明","1","0","0","0","0","",""
"mutsumi/maskon/nf01","1","PARAM_HAND_R_04_001","已声明","1","0","0","0","0","",""
"mutsumi/maskon/nf01","1","PARAM_HAND_R_05_001","已声明","1","0","0","0","0","",""
"mutsumi/maskon/nf01","1","PARAM_HAND_R_06_001","已声明","1","0","0","0","0","",""
"mutsumi/maskon/nf01","1","PARAM_HAND_R_09_001","已声明","1","0","0","0","0","",""
"mutsumi/maskon/nf02","1","PARAM_HAND_L_01_001","已声明","1","1","1","1","1","0–3.533s","0–3.533s"
"mutsumi/maskon/nf02","1","PARAM_HAND_L_02_001","已声明","1","0","0","0","0","",""
"mutsumi/maskon/nf02","1","PARAM_HAND_L_03_001","已声明","1","0","0","0","0","",""
"mutsumi/maskon/nf02","1","PARAM_HAND_L_04_001","已声明","1","0","0","0","0","",""
"mutsumi/maskon/nf02","1","PARAM_HAND_L_05_001","已声明","1","0","0","0","0","",""
"mutsumi/maskon/nf02","1","PARAM_HAND_L_06_001","已声明","1","0","0","0","0","",""
"mutsumi/maskon/nf02","1","PARAM_HAND_L_07_001","已声明","1","0","0","0","0","",""
"mutsumi/maskon/nf02","1","PARAM_HAND_R_01_001","已声明","1","1","1","1","1","0–3.533s","0–3.533s"
"mutsumi/maskon/nf02","1","PARAM_HAND_R_02_001","已声明","1","0","0","0","0","",""
"mutsumi/maskon/nf02","1","PARAM_HAND_R_03_001","已声明","1","0","0","0","0","",""
"mutsumi/maskon/nf02","1","PARAM_HAND_R_04_001","已声明","1","0","0","0","0","",""
"mutsumi/maskon/nf02","1","PARAM_HAND_R_05_001","已声明","1","0","0","0","0","",""
"mutsumi/maskon/nf02","1","PARAM_HAND_R_06_001","已声明","1","0","0","0","0","",""
"mutsumi/maskon/nf02","1","PARAM_HAND_R_09_001","已声明","1","0","0","0","0","",""
"mutsumi/maskon/nf03","1","PARAM_HAND_L_01_001","已声明","1","0","0","0","0","",""
"mutsumi/maskon/nf03","1","PARAM_HAND_L_02_001","已声明","1","0","0","0","0","",""
"mutsumi/maskon/nf03","1","PARAM_HAND_L_03_001","已声明","1","0","0","0","0","",""
"mutsumi/maskon/nf03","1","PARAM_HAND_L_04_001","已声明","1","0","0","0","0","",""
"mutsumi/maskon/nf03","1","PARAM_HAND_L_05_001","已声明","1","0","0","0","0","",""
"mutsumi/maskon/nf03","1","PARAM_HAND_L_06_001","已声明","1","0","0","0","0","",""
"mutsumi/maskon/nf03","1","PARAM_HAND_L_07_001","已声明","1","1","1","1","1","0–4.567s","0–4.567s"
"mutsumi/maskon/nf03","1","PARAM_HAND_R_01_001","已声明","1","1","1","1","1","0–4.567s","0–4.567s"
"mutsumi/maskon/nf03","1","PARAM_HAND_R_02_001","已声明","1","0","0","0","0","",""
"mutsumi/maskon/nf03","1","PARAM_HAND_R_03_001","已声明","1","0","0","0","0","",""
"mutsumi/maskon/nf03","1","PARAM_HAND_R_04_001","已声明","1","0","0","0","0","",""
"mutsumi/maskon/nf03","1","PARAM_HAND_R_05_001","已声明","1","0","0","0","0","",""
"mutsumi/maskon/nf03","1","PARAM_HAND_R_06_001","已声明","1","0","0","0","0","",""
"mutsumi/maskon/nf03","1","PARAM_HAND_R_09_001","已声明","1","0","0","0","0","",""
"mutsumi/maskon/nf04","1","PARAM_HAND_L_01_001","已声明","1","1","1","1","1","0–4.167s","0–4.167s"
"mutsumi/maskon/nf04","1","PARAM_HAND_L_02_001","已声明","1","0","0","0","0","",""
"mutsumi/maskon/nf04","1","PARAM_HAND_L_03_001","已声明","1","0","0","0","0","",""
"mutsumi/maskon/nf04","1","PARAM_HAND_L_04_001","已声明","1","0","0","0","0","",""
"mutsumi/maskon/nf04","1","PARAM_HAND_L_05_001","已声明","1","0","0","0","0","",""
"mutsumi/maskon/nf04","1","PARAM_HAND_L_06_001","已声明","1","0","0","0","0","",""
"mutsumi/maskon/nf04","1","PARAM_HAND_L_07_001","已声明","1","0","0","0","0","",""
"mutsumi/maskon/nf04","1","PARAM_HAND_R_01_001","已声明","1","1","1","1","1","0–4.167s","0–4.167s"
"mutsumi/maskon/nf04","1","PARAM_HAND_R_02_001","已声明","1","0","0","0","0","",""
"mutsumi/maskon/nf04","1","PARAM_HAND_R_03_001","已声明","1","0","0","0","0","",""
"mutsumi/maskon/nf04","1","PARAM_HAND_R_04_001","已声明","1","0","0","0","0","",""
"mutsumi/maskon/nf04","1","PARAM_HAND_R_05_001","已声明","1","0","0","0","0","",""
"mutsumi/maskon/nf04","1","PARAM_HAND_R_06_001","已声明","1","0","0","0","0","",""
"mutsumi/maskon/nf04","1","PARAM_HAND_R_09_001","已声明","1","0","0","0","0","",""
"mutsumi/maskon/nf05","1","PARAM_HAND_L_01_001","已声明","1","0","0","0","0","",""
"mutsumi/maskon/nf05","1","PARAM_HAND_L_02_001","已声明","1","0","0","0","0","",""
"mutsumi/maskon/nf05","1","PARAM_HAND_L_03_001","已声明","1","0","0","0","0","",""
"mutsumi/maskon/nf05","1","PARAM_HAND_L_04_001","已声明","1","0","0","0","0","",""
"mutsumi/maskon/nf05","1","PARAM_HAND_L_05_001","已声明","1","1","1","1","1","0–3.933s","0–3.933s"
"mutsumi/maskon/nf05","1","PARAM_HAND_L_06_001","已声明","1","0","0","0","0","",""
"mutsumi/maskon/nf05","1","PARAM_HAND_L_07_001","已声明","1","0","0","0","0","",""
"mutsumi/maskon/nf05","1","PARAM_HAND_R_01_001","已声明","1","1","1","1","1","0–3.933s","0–3.933s"
"mutsumi/maskon/nf05","1","PARAM_HAND_R_02_001","已声明","1","0","0","0","0","",""
"mutsumi/maskon/nf05","1","PARAM_HAND_R_03_001","已声明","1","0","0","0","0","",""
"mutsumi/maskon/nf05","1","PARAM_HAND_R_04_001","已声明","1","0","0","0","0","",""
"mutsumi/maskon/nf05","1","PARAM_HAND_R_05_001","已声明","1","0","0","0","0","",""
"mutsumi/maskon/nf05","1","PARAM_HAND_R_06_001","已声明","1","0","0","0","0","",""
"mutsumi/maskon/nf05","1","PARAM_HAND_R_09_001","已声明","1","0","0","0","0","",""
"mutsumi/maskon/nnf_left01","1","PARAM_HAND_L_01_001","已声明","1","1","1","1","1","0–4s","0–4s"
"mutsumi/maskon/nnf_left01","1","PARAM_HAND_L_02_001","已声明","1","0","0","0","0","",""
"mutsumi/maskon/nnf_left01","1","PARAM_HAND_L_03_001","已声明","1","0","0","0","0","",""
"mutsumi/maskon/nnf_left01","1","PARAM_HAND_L_04_001","已声明","1","0","0","0","0","",""
"mutsumi/maskon/nnf_left01","1","PARAM_HAND_L_05_001","已声明","1","0","0","0","0","",""
"mutsumi/maskon/nnf_left01","1","PARAM_HAND_L_06_001","已声明","1","0","0","0","0","",""
"mutsumi/maskon/nnf_left01","1","PARAM_HAND_L_07_001","已声明","1","0","0","0","0","",""
"mutsumi/maskon/nnf_left01","1","PARAM_HAND_R_01_001","已声明","1","1","1","1","1","0–4s","0–4s"
"mutsumi/maskon/nnf_left01","1","PARAM_HAND_R_02_001","已声明","1","0","0","0","0","",""
"mutsumi/maskon/nnf_left01","1","PARAM_HAND_R_03_001","已声明","1","0","0","0","0","",""
"mutsumi/maskon/nnf_left01","1","PARAM_HAND_R_04_001","已声明","1","0","0","0","0","",""
"mutsumi/maskon/nnf_left01","1","PARAM_HAND_R_05_001","已声明","1","0","0","0","0","",""
"mutsumi/maskon/nnf_left01","1","PARAM_HAND_R_06_001","已声明","1","0","0","0","0","",""
"mutsumi/maskon/nnf_left01","1","PARAM_HAND_R_09_001","已声明","1","0","0","0","0","",""
"mutsumi/maskon/nnf_right01","1","PARAM_HAND_L_01_001","已声明","1","0","0","0","0","",""
"mutsumi/maskon/nnf_right01","1","PARAM_HAND_L_02_001","已声明","1","0","0","0","0","",""
"mutsumi/maskon/nnf_right01","1","PARAM_HAND_L_03_001","已声明","1","0","0","0","0","",""
"mutsumi/maskon/nnf_right01","1","PARAM_HAND_L_04_001","已声明","1","0","0","0","0","",""
"mutsumi/maskon/nnf_right01","1","PARAM_HAND_L_05_001","已声明","1","0","0","0","0","",""
"mutsumi/maskon/nnf_right01","1","PARAM_HAND_L_06_001","已声明","1","0","0","0","0","",""
"mutsumi/maskon/nnf_right01","1","PARAM_HAND_L_07_001","已声明","1","1","1","1","1","0–4.1s","0–4.1s"
"mutsumi/maskon/nnf_right01","1","PARAM_HAND_R_01_001","已声明","1","0","0","0","0","",""
"mutsumi/maskon/nnf_right01","1","PARAM_HAND_R_02_001","已声明","1","0","0","0","0","",""
"mutsumi/maskon/nnf_right01","1","PARAM_HAND_R_03_001","已声明","1","0","0","0","0","",""
"mutsumi/maskon/nnf_right01","1","PARAM_HAND_R_04_001","已声明","1","0","0","0","0","",""
"mutsumi/maskon/nnf_right01","1","PARAM_HAND_R_05_001","已声明","1","1","1","1","1","0–4.1s","0–4.1s"
"mutsumi/maskon/nnf_right01","1","PARAM_HAND_R_06_001","已声明","1","0","0","0","0","",""
"mutsumi/maskon/nnf_right01","1","PARAM_HAND_R_09_001","已声明","1","0","0","0","0","",""
"mutsumi/maskon/nnf01","1","PARAM_HAND_L_01_001","已声明","1","1","1","1","1","0–4.1s","0–4.1s"
"mutsumi/maskon/nnf01","1","PARAM_HAND_L_02_001","已声明","1","0","0","0","0","",""
"mutsumi/maskon/nnf01","1","PARAM_HAND_L_03_001","已声明","1","0","0","0","0","",""
"mutsumi/maskon/nnf01","1","PARAM_HAND_L_04_001","已声明","1","0","0","0","0","",""
"mutsumi/maskon/nnf01","1","PARAM_HAND_L_05_001","已声明","1","0","0","0","0","",""
"mutsumi/maskon/nnf01","1","PARAM_HAND_L_06_001","已声明","1","0","0","0","0","",""
"mutsumi/maskon/nnf01","1","PARAM_HAND_L_07_001","已声明","1","0","0","0","0","",""
"mutsumi/maskon/nnf01","1","PARAM_HAND_R_01_001","已声明","1","1","1","1","1","0–4.1s","0–4.1s"
"mutsumi/maskon/nnf01","1","PARAM_HAND_R_02_001","已声明","1","0","0","0","0","",""
"mutsumi/maskon/nnf01","1","PARAM_HAND_R_03_001","已声明","1","0","0","0","0","",""
"mutsumi/maskon/nnf01","1","PARAM_HAND_R_04_001","已声明","1","0","0","0","0","",""
"mutsumi/maskon/nnf01","1","PARAM_HAND_R_05_001","已声明","1","0","0","0","0","",""
"mutsumi/maskon/nnf01","1","PARAM_HAND_R_06_001","已声明","1","0","0","0","0","",""
"mutsumi/maskon/nnf01","1","PARAM_HAND_R_09_001","已声明","1","0","0","0","0","",""
"mutsumi/maskon/nnf02","1","PARAM_HAND_L_01_001","已声明","1","1","1","1","1","0–3.533s","0–3.533s"
"mutsumi/maskon/nnf02","1","PARAM_HAND_L_02_001","已声明","1","0","0","0","0","",""
"mutsumi/maskon/nnf02","1","PARAM_HAND_L_03_001","已声明","1","0","0","0","0","",""
"mutsumi/maskon/nnf02","1","PARAM_HAND_L_04_001","已声明","1","0","0","0","0","",""
"mutsumi/maskon/nnf02","1","PARAM_HAND_L_05_001","已声明","1","0","0","0","0","",""
"mutsumi/maskon/nnf02","1","PARAM_HAND_L_06_001","已声明","1","0","0","0","0","",""
"mutsumi/maskon/nnf02","1","PARAM_HAND_L_07_001","已声明","1","0","0","0","0","",""
"mutsumi/maskon/nnf02","1","PARAM_HAND_R_01_001","已声明","1","1","1","1","1","0–3.533s","0–3.533s"
"mutsumi/maskon/nnf02","1","PARAM_HAND_R_02_001","已声明","1","0","0","0","0","",""
"mutsumi/maskon/nnf02","1","PARAM_HAND_R_03_001","已声明","1","0","0","0","0","",""
"mutsumi/maskon/nnf02","1","PARAM_HAND_R_04_001","已声明","1","0","0","0","0","",""
"mutsumi/maskon/nnf02","1","PARAM_HAND_R_05_001","已声明","1","0","0","0","0","",""
"mutsumi/maskon/nnf02","1","PARAM_HAND_R_06_001","已声明","1","0","0","0","0","",""
"mutsumi/maskon/nnf02","1","PARAM_HAND_R_09_001","已声明","1","0","0","0","0","",""
"mutsumi/maskon/nnf03","1","PARAM_HAND_L_01_001","已声明","1","0","0","0","0","",""
"mutsumi/maskon/nnf03","1","PARAM_HAND_L_02_001","已声明","1","0","0","0","0","",""
"mutsumi/maskon/nnf03","1","PARAM_HAND_L_03_001","已声明","1","0","0","0","0","",""
"mutsumi/maskon/nnf03","1","PARAM_HAND_L_04_001","已声明","1","0","0","0","0","",""
"mutsumi/maskon/nnf03","1","PARAM_HAND_L_05_001","已声明","1","0","0","0","0","",""
"mutsumi/maskon/nnf03","1","PARAM_HAND_L_06_001","已声明","1","0","0","0","0","",""
"mutsumi/maskon/nnf03","1","PARAM_HAND_L_07_001","已声明","1","1","1","1","1","0–4.567s","0–4.567s"
"mutsumi/maskon/nnf03","1","PARAM_HAND_R_01_001","已声明","1","1","1","1","1","0–4.567s","0–4.567s"
"mutsumi/maskon/nnf03","1","PARAM_HAND_R_02_001","已声明","1","0","0","0","0","",""
"mutsumi/maskon/nnf03","1","PARAM_HAND_R_03_001","已声明","1","0","0","0","0","",""
"mutsumi/maskon/nnf03","1","PARAM_HAND_R_04_001","已声明","1","0","0","0","0","",""
"mutsumi/maskon/nnf03","1","PARAM_HAND_R_05_001","已声明","1","0","0","0","0","",""
"mutsumi/maskon/nnf03","1","PARAM_HAND_R_06_001","已声明","1","0","0","0","0","",""
"mutsumi/maskon/nnf03","1","PARAM_HAND_R_09_001","已声明","1","0","0","0","0","",""
"mutsumi/maskon/nnf04","1","PARAM_HAND_L_01_001","已声明","1","1","1","1","1","0–4.167s","0–4.167s"
"mutsumi/maskon/nnf04","1","PARAM_HAND_L_02_001","已声明","1","0","0","0","0","",""
"mutsumi/maskon/nnf04","1","PARAM_HAND_L_03_001","已声明","1","0","0","0","0","",""
"mutsumi/maskon/nnf04","1","PARAM_HAND_L_04_001","已声明","1","0","0","0","0","",""
"mutsumi/maskon/nnf04","1","PARAM_HAND_L_05_001","已声明","1","0","0","0","0","",""
"mutsumi/maskon/nnf04","1","PARAM_HAND_L_06_001","已声明","1","0","0","0","0","",""
"mutsumi/maskon/nnf04","1","PARAM_HAND_L_07_001","已声明","1","0","0","0","0","",""
"mutsumi/maskon/nnf04","1","PARAM_HAND_R_01_001","已声明","1","1","1","1","1","0–4.167s","0–4.167s"
"mutsumi/maskon/nnf04","1","PARAM_HAND_R_02_001","已声明","1","0","0","0","0","",""
"mutsumi/maskon/nnf04","1","PARAM_HAND_R_03_001","已声明","1","0","0","0","0","",""
"mutsumi/maskon/nnf04","1","PARAM_HAND_R_04_001","已声明","1","0","0","0","0","",""
"mutsumi/maskon/nnf04","1","PARAM_HAND_R_05_001","已声明","1","0","0","0","0","",""
"mutsumi/maskon/nnf04","1","PARAM_HAND_R_06_001","已声明","1","0","0","0","0","",""
"mutsumi/maskon/nnf04","1","PARAM_HAND_R_09_001","已声明","1","0","0","0","0","",""
"mutsumi/maskon/nnf05","1","PARAM_HAND_L_01_001","已声明","1","0","0","0","0","",""
"mutsumi/maskon/nnf05","1","PARAM_HAND_L_02_001","已声明","1","0","0","0","0","",""
"mutsumi/maskon/nnf05","1","PARAM_HAND_L_03_001","已声明","1","0","0","0","0","",""
"mutsumi/maskon/nnf05","1","PARAM_HAND_L_04_001","已声明","1","0","0","0","0","",""
"mutsumi/maskon/nnf05","1","PARAM_HAND_L_05_001","已声明","1","1","1","1","1","0–3.933s","0–3.933s"
"mutsumi/maskon/nnf05","1","PARAM_HAND_L_06_001","已声明","1","0","0","0","0","",""
"mutsumi/maskon/nnf05","1","PARAM_HAND_L_07_001","已声明","1","0","0","0","0","",""
"mutsumi/maskon/nnf05","1","PARAM_HAND_R_01_001","已声明","1","1","1","1","1","0–3.933s","0–3.933s"
"mutsumi/maskon/nnf05","1","PARAM_HAND_R_02_001","已声明","1","0","0","0","0","",""
"mutsumi/maskon/nnf05","1","PARAM_HAND_R_03_001","已声明","1","0","0","0","0","",""
"mutsumi/maskon/nnf05","1","PARAM_HAND_R_04_001","已声明","1","0","0","0","0","",""
"mutsumi/maskon/nnf05","1","PARAM_HAND_R_05_001","已声明","1","0","0","0","0","",""
"mutsumi/maskon/nnf05","1","PARAM_HAND_R_06_001","已声明","1","0","0","0","0","",""
"mutsumi/maskon/nnf05","1","PARAM_HAND_R_09_001","已声明","1","0","0","0","0","",""
"mutsumi/maskon/odoodo01","1","PARAM_HAND_L_01_001","已声明","1","0","0","0","0","",""
"mutsumi/maskon/odoodo01","1","PARAM_HAND_L_02_001","已声明","1","0","0","0","0","",""
"mutsumi/maskon/odoodo01","1","PARAM_HAND_L_03_001","已声明","1","0","0","0","0","",""
"mutsumi/maskon/odoodo01","1","PARAM_HAND_L_04_001","已声明","1","0","0","0","0","",""
"mutsumi/maskon/odoodo01","1","PARAM_HAND_L_05_001","已声明","1","0","0","0","0","",""
"mutsumi/maskon/odoodo01","1","PARAM_HAND_L_06_001","已声明","1","0","0","0","0","",""
"mutsumi/maskon/odoodo01","1","PARAM_HAND_L_07_001","已声明","1","1","1","1","1","0–3.933s","0–3.933s"
"mutsumi/maskon/odoodo01","1","PARAM_HAND_R_01_001","已声明","1","0","0","0","0","",""
"mutsumi/maskon/odoodo01","1","PARAM_HAND_R_02_001","已声明","1","0","0","0","0","",""
"mutsumi/maskon/odoodo01","1","PARAM_HAND_R_03_001","已声明","1","0","0","0","0","",""
"mutsumi/maskon/odoodo01","1","PARAM_HAND_R_04_001","已声明","1","0","0","0","0","",""
"mutsumi/maskon/odoodo01","1","PARAM_HAND_R_05_001","已声明","1","1","1","1","1","0–3.933s","0–3.933s"
"mutsumi/maskon/odoodo01","1","PARAM_HAND_R_06_001","已声明","1","0","0","0","0","",""
"mutsumi/maskon/odoodo01","1","PARAM_HAND_R_09_001","已声明","1","0","0","0","0","",""
"mutsumi/maskon/sad01","1","PARAM_HAND_L_01_001","已声明","1","1","1","1","1","0–4.333s","0–4.333s"
"mutsumi/maskon/sad01","1","PARAM_HAND_L_02_001","已声明","1","0","0","0","0","",""
"mutsumi/maskon/sad01","1","PARAM_HAND_L_03_001","已声明","1","0","0","0","0","",""
"mutsumi/maskon/sad01","1","PARAM_HAND_L_04_001","已声明","1","0","0","0","0","",""
"mutsumi/maskon/sad01","1","PARAM_HAND_L_05_001","已声明","1","0","0","0","0","",""
"mutsumi/maskon/sad01","1","PARAM_HAND_L_06_001","已声明","1","0","0","0","0","",""
"mutsumi/maskon/sad01","1","PARAM_HAND_L_07_001","已声明","1","0","0","0","0","",""
"mutsumi/maskon/sad01","1","PARAM_HAND_R_01_001","已声明","1","1","1","1","1","0–4.333s","0–4.333s"
"mutsumi/maskon/sad01","1","PARAM_HAND_R_02_001","已声明","1","0","0","0","0","",""
"mutsumi/maskon/sad01","1","PARAM_HAND_R_03_001","已声明","1","0","0","0","0","",""
"mutsumi/maskon/sad01","1","PARAM_HAND_R_04_001","已声明","1","0","0","0","0","",""
"mutsumi/maskon/sad01","1","PARAM_HAND_R_05_001","已声明","1","0","0","0","0","",""
"mutsumi/maskon/sad01","1","PARAM_HAND_R_06_001","已声明","1","0","0","0","0","",""
"mutsumi/maskon/sad01","1","PARAM_HAND_R_09_001","已声明","1","0","0","0","0","",""
"mutsumi/maskon/sad02","1","PARAM_HAND_L_01_001","已声明","1","1","1","1","1","0–4.333s","0–4.333s"
"mutsumi/maskon/sad02","1","PARAM_HAND_L_02_001","已声明","1","0","0","0","0","",""
"mutsumi/maskon/sad02","1","PARAM_HAND_L_03_001","已声明","1","0","0","0","0","",""
"mutsumi/maskon/sad02","1","PARAM_HAND_L_04_001","已声明","1","0","0","0","0","",""
"mutsumi/maskon/sad02","1","PARAM_HAND_L_05_001","已声明","1","0","0","0","0","",""
"mutsumi/maskon/sad02","1","PARAM_HAND_L_06_001","已声明","1","0","0","0","0","",""
"mutsumi/maskon/sad02","1","PARAM_HAND_L_07_001","已声明","1","0","0","0","0","",""
"mutsumi/maskon/sad02","1","PARAM_HAND_R_01_001","已声明","1","1","1","1","1","0–4.333s","0–4.333s"
"mutsumi/maskon/sad02","1","PARAM_HAND_R_02_001","已声明","1","0","0","0","0","",""
"mutsumi/maskon/sad02","1","PARAM_HAND_R_03_001","已声明","1","0","0","0","0","",""
"mutsumi/maskon/sad02","1","PARAM_HAND_R_04_001","已声明","1","0","0","0","0","",""
"mutsumi/maskon/sad02","1","PARAM_HAND_R_05_001","已声明","1","0","0","0","0","",""
"mutsumi/maskon/sad02","1","PARAM_HAND_R_06_001","已声明","1","0","0","0","0","",""
"mutsumi/maskon/sad02","1","PARAM_HAND_R_09_001","已声明","1","0","0","0","0","",""
"mutsumi/maskon/sad03","1","PARAM_HAND_L_01_001","已声明","1","0","0","0","0","",""
"mutsumi/maskon/sad03","1","PARAM_HAND_L_02_001","已声明","1","0","0","0","0","",""
"mutsumi/maskon/sad03","1","PARAM_HAND_L_03_001","已声明","1","0","0","0","0","",""
"mutsumi/maskon/sad03","1","PARAM_HAND_L_04_001","已声明","1","0","0","0","0","",""
"mutsumi/maskon/sad03","1","PARAM_HAND_L_05_001","已声明","1","1","1","1","1","0–4.1s","0–4.1s"
"mutsumi/maskon/sad03","1","PARAM_HAND_L_06_001","已声明","1","0","0","0","0","",""
"mutsumi/maskon/sad03","1","PARAM_HAND_L_07_001","已声明","1","0","0","0","0","",""
"mutsumi/maskon/sad03","1","PARAM_HAND_R_01_001","已声明","1","0","0","0","0","",""
"mutsumi/maskon/sad03","1","PARAM_HAND_R_02_001","已声明","1","0","0","0","0","",""
"mutsumi/maskon/sad03","1","PARAM_HAND_R_03_001","已声明","1","0","0","0","0","",""
"mutsumi/maskon/sad03","1","PARAM_HAND_R_04_001","已声明","1","0","0","0","0","",""
"mutsumi/maskon/sad03","1","PARAM_HAND_R_05_001","已声明","1","1","1","1","1","0–4.1s","0–4.1s"
"mutsumi/maskon/sad03","1","PARAM_HAND_R_06_001","已声明","1","0","0","0","0","",""
"mutsumi/maskon/sad03","1","PARAM_HAND_R_09_001","已声明","1","0","0","0","0","",""
"mutsumi/maskon/sad04","1","PARAM_HAND_L_01_001","已声明","1","0","0","0","0","",""
"mutsumi/maskon/sad04","1","PARAM_HAND_L_02_001","已声明","1","0","0","0","0","",""
"mutsumi/maskon/sad04","1","PARAM_HAND_L_03_001","已声明","1","0","0","0","0","",""
"mutsumi/maskon/sad04","1","PARAM_HAND_L_04_001","已声明","1","0","0","0","0","",""
"mutsumi/maskon/sad04","1","PARAM_HAND_L_05_001","已声明","1","1","1","1","1","0–4.333s","0–4.333s"
"mutsumi/maskon/sad04","1","PARAM_HAND_L_06_001","已声明","1","0","0","0","0","",""
"mutsumi/maskon/sad04","1","PARAM_HAND_L_07_001","已声明","1","0","0","0","0","",""
"mutsumi/maskon/sad04","1","PARAM_HAND_R_01_001","已声明","1","0","0","0","0","",""
"mutsumi/maskon/sad04","1","PARAM_HAND_R_02_001","已声明","1","0","0","0","0","",""
"mutsumi/maskon/sad04","1","PARAM_HAND_R_03_001","已声明","1","0","0","0","0","",""
"mutsumi/maskon/sad04","1","PARAM_HAND_R_04_001","已声明","1","0","0","0","0","",""
"mutsumi/maskon/sad04","1","PARAM_HAND_R_05_001","已声明","1","1","1","1","1","0–4.333s","0–4.333s"
"mutsumi/maskon/sad04","1","PARAM_HAND_R_06_001","已声明","1","0","0","0","0","",""
"mutsumi/maskon/sad04","1","PARAM_HAND_R_09_001","已声明","1","0","0","0","0","",""
"mutsumi/maskon/smile01","1","PARAM_HAND_L_01_001","已声明","1","1","1","1","1","0–4.5s","0–4.5s"
"mutsumi/maskon/smile01","1","PARAM_HAND_L_02_001","已声明","1","0","0","0","0","",""
"mutsumi/maskon/smile01","1","PARAM_HAND_L_03_001","已声明","1","0","0","0","0","",""
"mutsumi/maskon/smile01","1","PARAM_HAND_L_04_001","已声明","1","0","0","0","0","",""
"mutsumi/maskon/smile01","1","PARAM_HAND_L_05_001","已声明","1","0","0","0","0","",""
"mutsumi/maskon/smile01","1","PARAM_HAND_L_06_001","已声明","1","0","0","0","0","",""
"mutsumi/maskon/smile01","1","PARAM_HAND_L_07_001","已声明","1","0","0","0","0","",""
"mutsumi/maskon/smile01","1","PARAM_HAND_R_01_001","已声明","1","1","1","1","1","0–4.5s","0–4.5s"
"mutsumi/maskon/smile01","1","PARAM_HAND_R_02_001","已声明","1","0","0","0","0","",""
"mutsumi/maskon/smile01","1","PARAM_HAND_R_03_001","已声明","1","0","0","0","0","",""
"mutsumi/maskon/smile01","1","PARAM_HAND_R_04_001","已声明","1","0","0","0","0","",""
"mutsumi/maskon/smile01","1","PARAM_HAND_R_05_001","已声明","1","0","0","0","0","",""
"mutsumi/maskon/smile01","1","PARAM_HAND_R_06_001","已声明","1","0","0","0","0","",""
"mutsumi/maskon/smile01","1","PARAM_HAND_R_09_001","已声明","1","0","0","0","0","",""
"mutsumi/maskon/smile02","1","PARAM_HAND_L_01_001","已声明","1","1","1","1","1","0–4.5s","0–4.5s"
"mutsumi/maskon/smile02","1","PARAM_HAND_L_02_001","已声明","1","0","0","0","0","",""
"mutsumi/maskon/smile02","1","PARAM_HAND_L_03_001","已声明","1","0","0","0","0","",""
"mutsumi/maskon/smile02","1","PARAM_HAND_L_04_001","已声明","1","0","0","0","0","",""
"mutsumi/maskon/smile02","1","PARAM_HAND_L_05_001","已声明","1","0","0","0","0","",""
"mutsumi/maskon/smile02","1","PARAM_HAND_L_06_001","已声明","1","0","0","0","0","",""
"mutsumi/maskon/smile02","1","PARAM_HAND_L_07_001","已声明","1","0","0","0","0","",""
"mutsumi/maskon/smile02","1","PARAM_HAND_R_01_001","已声明","1","1","1","1","1","0–4.5s","0–4.5s"
"mutsumi/maskon/smile02","1","PARAM_HAND_R_02_001","已声明","1","0","0","0","0","",""
"mutsumi/maskon/smile02","1","PARAM_HAND_R_03_001","已声明","1","0","0","0","0","",""
"mutsumi/maskon/smile02","1","PARAM_HAND_R_04_001","已声明","1","0","0","0","0","",""
"mutsumi/maskon/smile02","1","PARAM_HAND_R_05_001","已声明","1","0","0","0","0","",""
"mutsumi/maskon/smile02","1","PARAM_HAND_R_06_001","已声明","1","0","0","0","0","",""
"mutsumi/maskon/smile02","1","PARAM_HAND_R_09_001","已声明","1","0","0","0","0","",""
"mutsumi/maskon/smile04","1","PARAM_HAND_L_01_001","已声明","1","1","1","1","1","0–4.5s","0–4.5s"
"mutsumi/maskon/smile04","1","PARAM_HAND_L_02_001","已声明","1","0","0","0","0","",""
"mutsumi/maskon/smile04","1","PARAM_HAND_L_03_001","已声明","1","0","0","0","0","",""
"mutsumi/maskon/smile04","1","PARAM_HAND_L_04_001","已声明","1","0","0","0","0","",""
"mutsumi/maskon/smile04","1","PARAM_HAND_L_05_001","已声明","1","0","0","0","0","",""
"mutsumi/maskon/smile04","1","PARAM_HAND_L_06_001","已声明","1","0","0","0","0","",""
"mutsumi/maskon/smile04","1","PARAM_HAND_L_07_001","已声明","1","0","0","0","0","",""
"mutsumi/maskon/smile04","1","PARAM_HAND_R_01_001","已声明","1","0","0","0","0","",""
"mutsumi/maskon/smile04","1","PARAM_HAND_R_02_001","已声明","1","0","0","0","0","",""
"mutsumi/maskon/smile04","1","PARAM_HAND_R_03_001","已声明","1","0","0","0","0","",""
"mutsumi/maskon/smile04","1","PARAM_HAND_R_04_001","已声明","1","0","0","0","0","",""
"mutsumi/maskon/smile04","1","PARAM_HAND_R_05_001","已声明","1","1","1","1","1","0–4.5s","0–4.5s"
"mutsumi/maskon/smile04","1","PARAM_HAND_R_06_001","已声明","1","0","0","0","0","",""
"mutsumi/maskon/smile04","1","PARAM_HAND_R_09_001","已声明","1","0","0","0","0","",""
"mutsumi/maskon/surprised01","1","PARAM_HAND_L_01_001","已声明","1","1","1","1","1","0–3.233s","0–3.233s"
"mutsumi/maskon/surprised01","1","PARAM_HAND_L_02_001","已声明","1","0","0","0","0","",""
"mutsumi/maskon/surprised01","1","PARAM_HAND_L_03_001","已声明","1","0","0","0","0","",""
"mutsumi/maskon/surprised01","1","PARAM_HAND_L_04_001","已声明","1","0","0","0","0","",""
"mutsumi/maskon/surprised01","1","PARAM_HAND_L_05_001","已声明","1","0","0","0","0","",""
"mutsumi/maskon/surprised01","1","PARAM_HAND_L_06_001","已声明","1","0","0","0","0","",""
"mutsumi/maskon/surprised01","1","PARAM_HAND_L_07_001","已声明","1","0","0","0","0","",""
"mutsumi/maskon/surprised01","1","PARAM_HAND_R_01_001","已声明","1","1","1","1","1","0–3.233s","0–3.233s"
"mutsumi/maskon/surprised01","1","PARAM_HAND_R_02_001","已声明","1","0","0","0","0","",""
"mutsumi/maskon/surprised01","1","PARAM_HAND_R_03_001","已声明","1","0","0","0","0","",""
"mutsumi/maskon/surprised01","1","PARAM_HAND_R_04_001","已声明","1","0","0","0","0","",""
"mutsumi/maskon/surprised01","1","PARAM_HAND_R_05_001","已声明","1","0","0","0","0","",""
"mutsumi/maskon/surprised01","1","PARAM_HAND_R_06_001","已声明","1","0","0","0","0","",""
"mutsumi/maskon/surprised01","1","PARAM_HAND_R_09_001","已声明","1","0","0","0","0","",""
"mutsumi/maskon/thinking01","1","PARAM_HAND_L_01_001","已声明","1","0","0","0","0","",""
"mutsumi/maskon/thinking01","1","PARAM_HAND_L_02_001","已声明","1","0","0","0","0","",""
"mutsumi/maskon/thinking01","1","PARAM_HAND_L_03_001","已声明","1","0","0","0","0","",""
"mutsumi/maskon/thinking01","1","PARAM_HAND_L_04_001","已声明","1","0","0","0","0","",""
"mutsumi/maskon/thinking01","1","PARAM_HAND_L_05_001","已声明","1","0","0","0","0","",""
"mutsumi/maskon/thinking01","1","PARAM_HAND_L_06_001","已声明","1","0","0","0","0","",""
"mutsumi/maskon/thinking01","1","PARAM_HAND_L_07_001","已声明","1","1","1","1","1","0–4.967s","0–4.967s"
"mutsumi/maskon/thinking01","1","PARAM_HAND_R_01_001","已声明","1","0","0","0","0","",""
"mutsumi/maskon/thinking01","1","PARAM_HAND_R_02_001","已声明","1","0","0","0","0","",""
"mutsumi/maskon/thinking01","1","PARAM_HAND_R_03_001","已声明","1","0","0","0","0","",""
"mutsumi/maskon/thinking01","1","PARAM_HAND_R_04_001","已声明","1","0","0","0","0","",""
"mutsumi/maskon/thinking01","1","PARAM_HAND_R_05_001","已声明","1","1","1","1","1","0–4.967s","0–4.967s"
"mutsumi/maskon/thinking01","1","PARAM_HAND_R_06_001","已声明","1","0","0","0","0","",""
"mutsumi/maskon/thinking01","1","PARAM_HAND_R_09_001","已声明","1","0","0","0","0","",""
"mutsumi/mts/angry01","1","PARAM_HAND_L_01_001","已声明","1","0","0","0","0","",""
"mutsumi/mts/angry01","1","PARAM_HAND_L_02_001","已声明","1","1","1","1","1","0–4s","0–4s"
"mutsumi/mts/angry01","1","PARAM_HAND_L_03_001","已声明","1","0","0","0","0","",""
"mutsumi/mts/angry01","1","PARAM_HAND_L_04_001","已声明","1","0","0","0","0","",""
"mutsumi/mts/angry01","1","PARAM_HAND_L_05_001","已声明","1","0","0","0","0","",""
"mutsumi/mts/angry01","1","PARAM_HAND_L_06_001","已声明","1","0","0","0","0","",""
"mutsumi/mts/angry01","1","PARAM_HAND_L_07_001","已声明","1","0","0","0","0","",""
"mutsumi/mts/angry01","1","PARAM_HAND_R_01_001","已声明","1","0","0","0","0","",""
"mutsumi/mts/angry01","1","PARAM_HAND_R_02_001","已声明","1","1","1","1","1","0–4s","0–4s"
"mutsumi/mts/angry01","1","PARAM_HAND_R_03_001","已声明","1","0","0","0","0","",""
"mutsumi/mts/angry01","1","PARAM_HAND_R_04_001","已声明","1","0","0","0","0","",""
"mutsumi/mts/angry01","1","PARAM_HAND_R_05_001","已声明","1","0","0","0","0","",""
"mutsumi/mts/angry01","1","PARAM_HAND_R_06_001","已声明","1","0","0","0","0","",""
"mutsumi/mts/angry01","1","PARAM_HAND_R_09_001","已声明","1","0","0","0","0","",""
"mutsumi/mts/angry02","1","PARAM_HAND_L_01_001","已声明","1","0","0","0","0","",""
"mutsumi/mts/angry02","1","PARAM_HAND_L_02_001","已声明","1","0","0","0","0","",""
"mutsumi/mts/angry02","1","PARAM_HAND_L_03_001","已声明","1","0","0","0","0","",""
"mutsumi/mts/angry02","1","PARAM_HAND_L_04_001","已声明","1","0","0","0","0","",""
"mutsumi/mts/angry02","1","PARAM_HAND_L_05_001","已声明","1","1","1","1","1","0–3.3s","0–3.3s"
"mutsumi/mts/angry02","1","PARAM_HAND_L_06_001","已声明","1","0","0","0","0","",""
"mutsumi/mts/angry02","1","PARAM_HAND_L_07_001","已声明","1","0","0","0","0","",""
"mutsumi/mts/angry02","1","PARAM_HAND_R_01_001","已声明","1","0","0","0","0","",""
"mutsumi/mts/angry02","1","PARAM_HAND_R_02_001","已声明","1","0","0","0","0","",""
"mutsumi/mts/angry02","1","PARAM_HAND_R_03_001","已声明","1","0","0","0","0","",""
"mutsumi/mts/angry02","1","PARAM_HAND_R_04_001","已声明","1","0","0","0","0","",""
"mutsumi/mts/angry02","1","PARAM_HAND_R_05_001","已声明","1","1","1","1","1","0–3.3s","0–3.3s"
"mutsumi/mts/angry02","1","PARAM_HAND_R_06_001","已声明","1","0","0","0","0","",""
"mutsumi/mts/angry02","1","PARAM_HAND_R_09_001","已声明","1","0","0","0","0","",""
"mutsumi/mts/angry03","1","PARAM_HAND_L_01_001","已声明","1","0","0","0","0","",""
"mutsumi/mts/angry03","1","PARAM_HAND_L_02_001","已声明","1","0","0","0","0","",""
"mutsumi/mts/angry03","1","PARAM_HAND_L_03_001","已声明","1","0","0","0","0","",""
"mutsumi/mts/angry03","1","PARAM_HAND_L_04_001","已声明","1","0","0","0","0","",""
"mutsumi/mts/angry03","1","PARAM_HAND_L_05_001","已声明","1","1","1","1","1","0–4s","0–4s"
"mutsumi/mts/angry03","1","PARAM_HAND_L_06_001","已声明","1","0","0","0","0","",""
"mutsumi/mts/angry03","1","PARAM_HAND_L_07_001","已声明","1","0","0","0","0","",""
"mutsumi/mts/angry03","1","PARAM_HAND_R_01_001","已声明","1","0","0","0","0","",""
"mutsumi/mts/angry03","1","PARAM_HAND_R_02_001","已声明","1","0","0","0","0","",""
"mutsumi/mts/angry03","1","PARAM_HAND_R_03_001","已声明","1","0","0","0","0","",""
"mutsumi/mts/angry03","1","PARAM_HAND_R_04_001","已声明","1","0","0","0","0","",""
"mutsumi/mts/angry03","1","PARAM_HAND_R_05_001","已声明","1","1","1","1","1","0–4s","0–4s"
"mutsumi/mts/angry03","1","PARAM_HAND_R_06_001","已声明","1","0","0","0","0","",""
"mutsumi/mts/angry03","1","PARAM_HAND_R_09_001","已声明","1","0","0","0","0","",""
"mutsumi/mts/angry04","1","PARAM_HAND_L_01_001","已声明","1","0","0","0","0","",""
"mutsumi/mts/angry04","1","PARAM_HAND_L_02_001","已声明","1","0","0","0","0","",""
"mutsumi/mts/angry04","1","PARAM_HAND_L_03_001","已声明","1","0","0","0","0","",""
"mutsumi/mts/angry04","1","PARAM_HAND_L_04_001","已声明","1","0","0","0","0","",""
"mutsumi/mts/angry04","1","PARAM_HAND_L_05_001","已声明","1","1","1","1","1","0–2.967s","0–2.967s"
"mutsumi/mts/angry04","1","PARAM_HAND_L_06_001","已声明","1","0","0","0","0","",""
"mutsumi/mts/angry04","1","PARAM_HAND_L_07_001","已声明","1","0","0","0","0","",""
"mutsumi/mts/angry04","1","PARAM_HAND_R_01_001","已声明","1","0","0","0","0","",""
"mutsumi/mts/angry04","1","PARAM_HAND_R_02_001","已声明","1","0","0","0","0","",""
"mutsumi/mts/angry04","1","PARAM_HAND_R_03_001","已声明","1","0","0","0","0","",""
"mutsumi/mts/angry04","1","PARAM_HAND_R_04_001","已声明","1","0","0","0","0","",""
"mutsumi/mts/angry04","1","PARAM_HAND_R_05_001","已声明","1","0","0","0","0","",""
"mutsumi/mts/angry04","1","PARAM_HAND_R_06_001","已声明","90","0","1","1","0","0–0.667s","0–0.6s"
"mutsumi/mts/angry04","1","PARAM_HAND_R_09_001","已声明","90","0","1","0","1","0.633–2.967s","0.733–2.967s"
"mutsumi/mts/cry01","1","PARAM_HAND_L_01_001","已声明","1","0","0","0","0","",""
"mutsumi/mts/cry01","1","PARAM_HAND_L_02_001","已声明","1","0","0","0","0","",""
"mutsumi/mts/cry01","1","PARAM_HAND_L_03_001","已声明","1","0","0","0","0","",""
"mutsumi/mts/cry01","1","PARAM_HAND_L_04_001","已声明","1","0","0","0","0","",""
"mutsumi/mts/cry01","1","PARAM_HAND_L_05_001","已声明","1","1","1","1","1","0–3.967s","0–3.967s"
"mutsumi/mts/cry01","1","PARAM_HAND_L_06_001","已声明","1","0","0","0","0","",""
"mutsumi/mts/cry01","1","PARAM_HAND_L_07_001","已声明","1","0","0","0","0","",""
"mutsumi/mts/cry01","1","PARAM_HAND_R_01_001","已声明","1","0","0","0","0","",""
"mutsumi/mts/cry01","1","PARAM_HAND_R_02_001","已声明","1","0","0","0","0","",""
"mutsumi/mts/cry01","1","PARAM_HAND_R_03_001","已声明","1","0","0","0","0","",""
"mutsumi/mts/cry01","1","PARAM_HAND_R_04_001","已声明","1","0","0","0","0","",""
"mutsumi/mts/cry01","1","PARAM_HAND_R_05_001","已声明","1","1","1","1","1","0–3.967s","0–3.967s"
"mutsumi/mts/cry01","1","PARAM_HAND_R_06_001","已声明","1","0","0","0","0","",""
"mutsumi/mts/cry01","1","PARAM_HAND_R_09_001","已声明","1","0","0","0","0","",""
"mutsumi/mts/idle01","1","PARAM_HAND_L_01_001","已声明","1","1","1","1","1","0–6s","0–6s"
"mutsumi/mts/idle01","1","PARAM_HAND_L_02_001","已声明","1","0","0","0","0","",""
"mutsumi/mts/idle01","1","PARAM_HAND_L_03_001","已声明","1","0","0","0","0","",""
"mutsumi/mts/idle01","1","PARAM_HAND_L_04_001","已声明","1","0","0","0","0","",""
"mutsumi/mts/idle01","1","PARAM_HAND_L_05_001","已声明","1","0","0","0","0","",""
"mutsumi/mts/idle01","1","PARAM_HAND_L_06_001","已声明","1","0","0","0","0","",""
"mutsumi/mts/idle01","1","PARAM_HAND_L_07_001","已声明","1","0","0","0","0","",""
"mutsumi/mts/idle01","1","PARAM_HAND_R_01_001","已声明","1","1","1","1","1","0–6s","0–6s"
"mutsumi/mts/idle01","1","PARAM_HAND_R_02_001","已声明","1","0","0","0","0","",""
"mutsumi/mts/idle01","1","PARAM_HAND_R_03_001","已声明","1","0","0","0","0","",""
"mutsumi/mts/idle01","1","PARAM_HAND_R_04_001","已声明","1","0","0","0","0","",""
"mutsumi/mts/idle01","1","PARAM_HAND_R_05_001","已声明","1","0","0","0","0","",""
"mutsumi/mts/idle01","1","PARAM_HAND_R_06_001","已声明","1","0","0","0","0","",""
"mutsumi/mts/idle01","1","PARAM_HAND_R_09_001","已声明","1","0","0","0","0","",""
"mutsumi/mts/nf_left01","1","PARAM_HAND_L_01_001","已声明","1","0","0","0","0","",""
"mutsumi/mts/nf_left01","1","PARAM_HAND_L_02_001","已声明","1","0","0","0","0","",""
"mutsumi/mts/nf_left01","1","PARAM_HAND_L_03_001","已声明","1","0","0","0","0","",""
"mutsumi/mts/nf_left01","1","PARAM_HAND_L_04_001","已声明","1","0","0","0","0","",""
"mutsumi/mts/nf_left01","1","PARAM_HAND_L_05_001","已声明","1","0","0","0","0","",""
"mutsumi/mts/nf_left01","1","PARAM_HAND_L_06_001","已声明","1","0","0","0","0","",""
"mutsumi/mts/nf_left01","1","PARAM_HAND_L_07_001","已声明","1","1","1","1","1","0–4s","0–4s"
"mutsumi/mts/nf_left01","1","PARAM_HAND_R_01_001","已声明","1","0","0","0","0","",""
"mutsumi/mts/nf_left01","1","PARAM_HAND_R_02_001","已声明","1","0","0","0","0","",""
"mutsumi/mts/nf_left01","1","PARAM_HAND_R_03_001","已声明","1","0","0","0","0","",""
"mutsumi/mts/nf_left01","1","PARAM_HAND_R_04_001","已声明","1","0","0","0","0","",""
"mutsumi/mts/nf_left01","1","PARAM_HAND_R_05_001","已声明","1","1","1","1","1","0–4s","0–4s"
"mutsumi/mts/nf_left01","1","PARAM_HAND_R_06_001","已声明","1","0","0","0","0","",""
"mutsumi/mts/nf_left01","1","PARAM_HAND_R_09_001","已声明","1","0","0","0","0","",""
"mutsumi/mts/nf_right01","1","PARAM_HAND_L_01_001","已声明","1","0","0","0","0","",""
"mutsumi/mts/nf_right01","1","PARAM_HAND_L_02_001","已声明","1","0","0","0","0","",""
"mutsumi/mts/nf_right01","1","PARAM_HAND_L_03_001","已声明","1","0","0","0","0","",""
"mutsumi/mts/nf_right01","1","PARAM_HAND_L_04_001","已声明","1","0","0","0","0","",""
"mutsumi/mts/nf_right01","1","PARAM_HAND_L_05_001","已声明","1","0","0","0","0","",""
"mutsumi/mts/nf_right01","1","PARAM_HAND_L_06_001","已声明","1","0","0","0","0","",""
"mutsumi/mts/nf_right01","1","PARAM_HAND_L_07_001","已声明","1","1","1","1","1","0–4s","0–4s"
"mutsumi/mts/nf_right01","1","PARAM_HAND_R_01_001","已声明","1","0","0","0","0","",""
"mutsumi/mts/nf_right01","1","PARAM_HAND_R_02_001","已声明","1","0","0","0","0","",""
"mutsumi/mts/nf_right01","1","PARAM_HAND_R_03_001","已声明","1","0","0","0","0","",""
"mutsumi/mts/nf_right01","1","PARAM_HAND_R_04_001","已声明","1","0","0","0","0","",""
"mutsumi/mts/nf_right01","1","PARAM_HAND_R_05_001","已声明","1","1","1","1","1","0–4s","0–4s"
"mutsumi/mts/nf_right01","1","PARAM_HAND_R_06_001","已声明","1","0","0","0","0","",""
"mutsumi/mts/nf_right01","1","PARAM_HAND_R_09_001","已声明","1","0","0","0","0","",""
"mutsumi/mts/nf01","1","PARAM_HAND_L_01_001","已声明","1","1","1","1","1","0–4.1s","0–4.1s"
"mutsumi/mts/nf01","1","PARAM_HAND_L_02_001","已声明","1","0","0","0","0","",""
"mutsumi/mts/nf01","1","PARAM_HAND_L_03_001","已声明","1","0","0","0","0","",""
"mutsumi/mts/nf01","1","PARAM_HAND_L_04_001","已声明","1","0","0","0","0","",""
"mutsumi/mts/nf01","1","PARAM_HAND_L_05_001","已声明","1","0","0","0","0","",""
"mutsumi/mts/nf01","1","PARAM_HAND_L_06_001","已声明","1","0","0","0","0","",""
"mutsumi/mts/nf01","1","PARAM_HAND_L_07_001","已声明","1","0","0","0","0","",""
"mutsumi/mts/nf01","1","PARAM_HAND_R_01_001","已声明","1","1","1","1","1","0–4.1s","0–4.1s"
"mutsumi/mts/nf01","1","PARAM_HAND_R_02_001","已声明","1","0","0","0","0","",""
"mutsumi/mts/nf01","1","PARAM_HAND_R_03_001","已声明","1","0","0","0","0","",""
"mutsumi/mts/nf01","1","PARAM_HAND_R_04_001","已声明","1","0","0","0","0","",""
"mutsumi/mts/nf01","1","PARAM_HAND_R_05_001","已声明","1","0","0","0","0","",""
"mutsumi/mts/nf01","1","PARAM_HAND_R_06_001","已声明","1","0","0","0","0","",""
"mutsumi/mts/nf01","1","PARAM_HAND_R_09_001","已声明","1","0","0","0","0","",""
"mutsumi/mts/nf02","1","PARAM_HAND_L_01_001","已声明","1","1","1","1","1","0–3.533s","0–3.533s"
"mutsumi/mts/nf02","1","PARAM_HAND_L_02_001","已声明","1","0","0","0","0","",""
"mutsumi/mts/nf02","1","PARAM_HAND_L_03_001","已声明","1","0","0","0","0","",""
"mutsumi/mts/nf02","1","PARAM_HAND_L_04_001","已声明","1","0","0","0","0","",""
"mutsumi/mts/nf02","1","PARAM_HAND_L_05_001","已声明","1","0","0","0","0","",""
"mutsumi/mts/nf02","1","PARAM_HAND_L_06_001","已声明","1","0","0","0","0","",""
"mutsumi/mts/nf02","1","PARAM_HAND_L_07_001","已声明","1","0","0","0","0","",""
"mutsumi/mts/nf02","1","PARAM_HAND_R_01_001","已声明","1","1","1","1","1","0–3.533s","0–3.533s"
"mutsumi/mts/nf02","1","PARAM_HAND_R_02_001","已声明","1","0","0","0","0","",""
"mutsumi/mts/nf02","1","PARAM_HAND_R_03_001","已声明","1","0","0","0","0","",""
"mutsumi/mts/nf02","1","PARAM_HAND_R_04_001","已声明","1","0","0","0","0","",""
"mutsumi/mts/nf02","1","PARAM_HAND_R_05_001","已声明","1","0","0","0","0","",""
"mutsumi/mts/nf02","1","PARAM_HAND_R_06_001","已声明","1","0","0","0","0","",""
"mutsumi/mts/nf02","1","PARAM_HAND_R_09_001","已声明","1","0","0","0","0","",""
"mutsumi/mts/nf03","1","PARAM_HAND_L_01_001","已声明","1","1","1","1","1","0–4.567s","0–4.567s"
"mutsumi/mts/nf03","1","PARAM_HAND_L_02_001","已声明","1","0","0","0","0","",""
"mutsumi/mts/nf03","1","PARAM_HAND_L_03_001","已声明","1","0","0","0","0","",""
"mutsumi/mts/nf03","1","PARAM_HAND_L_04_001","已声明","1","0","0","0","0","",""
"mutsumi/mts/nf03","1","PARAM_HAND_L_05_001","已声明","1","0","0","0","0","",""
"mutsumi/mts/nf03","1","PARAM_HAND_L_06_001","已声明","1","0","0","0","0","",""
"mutsumi/mts/nf03","1","PARAM_HAND_L_07_001","已声明","1","0","0","0","0","",""
"mutsumi/mts/nf03","1","PARAM_HAND_R_01_001","已声明","1","0","0","0","0","",""
"mutsumi/mts/nf03","1","PARAM_HAND_R_02_001","已声明","1","0","0","0","0","",""
"mutsumi/mts/nf03","1","PARAM_HAND_R_03_001","已声明","1","0","0","0","0","",""
"mutsumi/mts/nf03","1","PARAM_HAND_R_04_001","已声明","1","0","0","0","0","",""
"mutsumi/mts/nf03","1","PARAM_HAND_R_05_001","已声明","1","1","1","1","1","0–4.567s","0–4.567s"
"mutsumi/mts/nf03","1","PARAM_HAND_R_06_001","已声明","1","0","0","0","0","",""
"mutsumi/mts/nf03","1","PARAM_HAND_R_09_001","已声明","1","0","0","0","0","",""
"mutsumi/mts/nf04","1","PARAM_HAND_L_01_001","已声明","1","1","1","1","1","0–3.833s","0–3.833s"
"mutsumi/mts/nf04","1","PARAM_HAND_L_02_001","已声明","1","0","0","0","0","",""
"mutsumi/mts/nf04","1","PARAM_HAND_L_03_001","已声明","1","0","0","0","0","",""
"mutsumi/mts/nf04","1","PARAM_HAND_L_04_001","已声明","1","0","0","0","0","",""
"mutsumi/mts/nf04","1","PARAM_HAND_L_05_001","已声明","1","0","0","0","0","",""
"mutsumi/mts/nf04","1","PARAM_HAND_L_06_001","已声明","1","0","0","0","0","",""
"mutsumi/mts/nf04","1","PARAM_HAND_L_07_001","已声明","1","0","0","0","0","",""
"mutsumi/mts/nf04","1","PARAM_HAND_R_01_001","已声明","1","1","1","1","1","0–3.833s","0–3.833s"
"mutsumi/mts/nf04","1","PARAM_HAND_R_02_001","已声明","1","0","0","0","0","",""
"mutsumi/mts/nf04","1","PARAM_HAND_R_03_001","已声明","1","0","0","0","0","",""
"mutsumi/mts/nf04","1","PARAM_HAND_R_04_001","已声明","1","0","0","0","0","",""
"mutsumi/mts/nf04","1","PARAM_HAND_R_05_001","已声明","1","0","0","0","0","",""
"mutsumi/mts/nf04","1","PARAM_HAND_R_06_001","已声明","1","0","0","0","0","",""
"mutsumi/mts/nf04","1","PARAM_HAND_R_09_001","已声明","1","0","0","0","0","",""
"mutsumi/mts/nf05","1","PARAM_HAND_L_01_001","已声明","1","0","0","0","0","",""
"mutsumi/mts/nf05","1","PARAM_HAND_L_02_001","已声明","1","1","1","1","1","0–3.933s","0–3.933s"
"mutsumi/mts/nf05","1","PARAM_HAND_L_03_001","已声明","1","0","0","0","0","",""
"mutsumi/mts/nf05","1","PARAM_HAND_L_04_001","已声明","1","0","0","0","0","",""
"mutsumi/mts/nf05","1","PARAM_HAND_L_05_001","已声明","1","0","0","0","0","",""
"mutsumi/mts/nf05","1","PARAM_HAND_L_06_001","已声明","1","0","0","0","0","",""
"mutsumi/mts/nf05","1","PARAM_HAND_L_07_001","已声明","1","0","0","0","0","",""
"mutsumi/mts/nf05","1","PARAM_HAND_R_01_001","已声明","1","1","1","1","1","0–3.933s","0–3.933s"
"mutsumi/mts/nf05","1","PARAM_HAND_R_02_001","已声明","1","0","0","0","0","",""
"mutsumi/mts/nf05","1","PARAM_HAND_R_03_001","已声明","1","0","0","0","0","",""
"mutsumi/mts/nf05","1","PARAM_HAND_R_04_001","已声明","1","0","0","0","0","",""
"mutsumi/mts/nf05","1","PARAM_HAND_R_05_001","已声明","1","0","0","0","0","",""
"mutsumi/mts/nf05","1","PARAM_HAND_R_06_001","已声明","1","0","0","0","0","",""
"mutsumi/mts/nf05","1","PARAM_HAND_R_09_001","已声明","1","0","0","0","0","",""
"mutsumi/mts/nnf_left01","1","PARAM_HAND_L_01_001","已声明","1","0","0","0","0","",""
"mutsumi/mts/nnf_left01","1","PARAM_HAND_L_02_001","已声明","1","0","0","0","0","",""
"mutsumi/mts/nnf_left01","1","PARAM_HAND_L_03_001","已声明","1","0","0","0","0","",""
"mutsumi/mts/nnf_left01","1","PARAM_HAND_L_04_001","已声明","1","0","0","0","0","",""
"mutsumi/mts/nnf_left01","1","PARAM_HAND_L_05_001","已声明","1","0","0","0","0","",""
"mutsumi/mts/nnf_left01","1","PARAM_HAND_L_06_001","已声明","1","0","0","0","0","",""
"mutsumi/mts/nnf_left01","1","PARAM_HAND_L_07_001","已声明","1","1","1","1","1","0–4s","0–4s"
"mutsumi/mts/nnf_left01","1","PARAM_HAND_R_01_001","已声明","1","0","0","0","0","",""
"mutsumi/mts/nnf_left01","1","PARAM_HAND_R_02_001","已声明","1","0","0","0","0","",""
"mutsumi/mts/nnf_left01","1","PARAM_HAND_R_03_001","已声明","1","0","0","0","0","",""
"mutsumi/mts/nnf_left01","1","PARAM_HAND_R_04_001","已声明","1","0","0","0","0","",""
"mutsumi/mts/nnf_left01","1","PARAM_HAND_R_05_001","已声明","1","1","1","1","1","0–4s","0–4s"
"mutsumi/mts/nnf_left01","1","PARAM_HAND_R_06_001","已声明","1","0","0","0","0","",""
"mutsumi/mts/nnf_left01","1","PARAM_HAND_R_09_001","已声明","1","0","0","0","0","",""
"mutsumi/mts/nnf_right01","1","PARAM_HAND_L_01_001","已声明","1","0","0","0","0","",""
"mutsumi/mts/nnf_right01","1","PARAM_HAND_L_02_001","已声明","1","0","0","0","0","",""
"mutsumi/mts/nnf_right01","1","PARAM_HAND_L_03_001","已声明","1","0","0","0","0","",""
"mutsumi/mts/nnf_right01","1","PARAM_HAND_L_04_001","已声明","1","0","0","0","0","",""
"mutsumi/mts/nnf_right01","1","PARAM_HAND_L_05_001","已声明","1","0","0","0","0","",""
"mutsumi/mts/nnf_right01","1","PARAM_HAND_L_06_001","已声明","1","0","0","0","0","",""
"mutsumi/mts/nnf_right01","1","PARAM_HAND_L_07_001","已声明","1","1","1","1","1","0–4s","0–4s"
"mutsumi/mts/nnf_right01","1","PARAM_HAND_R_01_001","已声明","1","0","0","0","0","",""
"mutsumi/mts/nnf_right01","1","PARAM_HAND_R_02_001","已声明","1","0","0","0","0","",""
"mutsumi/mts/nnf_right01","1","PARAM_HAND_R_03_001","已声明","1","0","0","0","0","",""
"mutsumi/mts/nnf_right01","1","PARAM_HAND_R_04_001","已声明","1","0","0","0","0","",""
"mutsumi/mts/nnf_right01","1","PARAM_HAND_R_05_001","已声明","1","1","1","1","1","0–4s","0–4s"
"mutsumi/mts/nnf_right01","1","PARAM_HAND_R_06_001","已声明","1","0","0","0","0","",""
"mutsumi/mts/nnf_right01","1","PARAM_HAND_R_09_001","已声明","1","0","0","0","0","",""
"mutsumi/mts/nnf01","1","PARAM_HAND_L_01_001","已声明","1","1","1","1","1","0–4.1s","0–4.1s"
"mutsumi/mts/nnf01","1","PARAM_HAND_L_02_001","已声明","1","0","0","0","0","",""
"mutsumi/mts/nnf01","1","PARAM_HAND_L_03_001","已声明","1","0","0","0","0","",""
"mutsumi/mts/nnf01","1","PARAM_HAND_L_04_001","已声明","1","0","0","0","0","",""
"mutsumi/mts/nnf01","1","PARAM_HAND_L_05_001","已声明","1","0","0","0","0","",""
"mutsumi/mts/nnf01","1","PARAM_HAND_L_06_001","已声明","1","0","0","0","0","",""
"mutsumi/mts/nnf01","1","PARAM_HAND_L_07_001","已声明","1","0","0","0","0","",""
"mutsumi/mts/nnf01","1","PARAM_HAND_R_01_001","已声明","1","1","1","1","1","0–4.1s","0–4.1s"
"mutsumi/mts/nnf01","1","PARAM_HAND_R_02_001","已声明","1","0","0","0","0","",""
"mutsumi/mts/nnf01","1","PARAM_HAND_R_03_001","已声明","1","0","0","0","0","",""
"mutsumi/mts/nnf01","1","PARAM_HAND_R_04_001","已声明","1","0","0","0","0","",""
"mutsumi/mts/nnf01","1","PARAM_HAND_R_05_001","已声明","1","0","0","0","0","",""
"mutsumi/mts/nnf01","1","PARAM_HAND_R_06_001","已声明","1","0","0","0","0","",""
"mutsumi/mts/nnf01","1","PARAM_HAND_R_09_001","已声明","1","0","0","0","0","",""
"mutsumi/mts/nnf02","1","PARAM_HAND_L_01_001","已声明","1","1","1","1","1","0–3.533s","0–3.533s"
"mutsumi/mts/nnf02","1","PARAM_HAND_L_02_001","已声明","1","0","0","0","0","",""
"mutsumi/mts/nnf02","1","PARAM_HAND_L_03_001","已声明","1","0","0","0","0","",""
"mutsumi/mts/nnf02","1","PARAM_HAND_L_04_001","已声明","1","0","0","0","0","",""
"mutsumi/mts/nnf02","1","PARAM_HAND_L_05_001","已声明","1","0","0","0","0","",""
"mutsumi/mts/nnf02","1","PARAM_HAND_L_06_001","已声明","1","0","0","0","0","",""
"mutsumi/mts/nnf02","1","PARAM_HAND_L_07_001","已声明","1","0","0","0","0","",""
"mutsumi/mts/nnf02","1","PARAM_HAND_R_01_001","已声明","1","1","1","1","1","0–3.533s","0–3.533s"
"mutsumi/mts/nnf02","1","PARAM_HAND_R_02_001","已声明","1","0","0","0","0","",""
"mutsumi/mts/nnf02","1","PARAM_HAND_R_03_001","已声明","1","0","0","0","0","",""
"mutsumi/mts/nnf02","1","PARAM_HAND_R_04_001","已声明","1","0","0","0","0","",""
"mutsumi/mts/nnf02","1","PARAM_HAND_R_05_001","已声明","1","0","0","0","0","",""
"mutsumi/mts/nnf02","1","PARAM_HAND_R_06_001","已声明","1","0","0","0","0","",""
"mutsumi/mts/nnf02","1","PARAM_HAND_R_09_001","已声明","1","0","0","0","0","",""
"mutsumi/mts/nnf03","1","PARAM_HAND_L_01_001","已声明","1","1","1","1","1","0–4.567s","0–4.567s"
"mutsumi/mts/nnf03","1","PARAM_HAND_L_02_001","已声明","1","0","0","0","0","",""
"mutsumi/mts/nnf03","1","PARAM_HAND_L_03_001","已声明","1","0","0","0","0","",""
"mutsumi/mts/nnf03","1","PARAM_HAND_L_04_001","已声明","1","0","0","0","0","",""
"mutsumi/mts/nnf03","1","PARAM_HAND_L_05_001","已声明","1","0","0","0","0","",""
"mutsumi/mts/nnf03","1","PARAM_HAND_L_06_001","已声明","1","0","0","0","0","",""
"mutsumi/mts/nnf03","1","PARAM_HAND_L_07_001","已声明","1","0","0","0","0","",""
"mutsumi/mts/nnf03","1","PARAM_HAND_R_01_001","已声明","1","0","0","0","0","",""
"mutsumi/mts/nnf03","1","PARAM_HAND_R_02_001","已声明","1","0","0","0","0","",""
"mutsumi/mts/nnf03","1","PARAM_HAND_R_03_001","已声明","1","0","0","0","0","",""
"mutsumi/mts/nnf03","1","PARAM_HAND_R_04_001","已声明","1","0","0","0","0","",""
"mutsumi/mts/nnf03","1","PARAM_HAND_R_05_001","已声明","1","1","1","1","1","0–4.567s","0–4.567s"
"mutsumi/mts/nnf03","1","PARAM_HAND_R_06_001","已声明","1","0","0","0","0","",""
"mutsumi/mts/nnf03","1","PARAM_HAND_R_09_001","已声明","1","0","0","0","0","",""
"mutsumi/mts/nnf04","1","PARAM_HAND_L_01_001","已声明","1","1","1","1","1","0–3.833s","0–3.833s"
"mutsumi/mts/nnf04","1","PARAM_HAND_L_02_001","已声明","1","0","0","0","0","",""
"mutsumi/mts/nnf04","1","PARAM_HAND_L_03_001","已声明","1","0","0","0","0","",""
"mutsumi/mts/nnf04","1","PARAM_HAND_L_04_001","已声明","1","0","0","0","0","",""
"mutsumi/mts/nnf04","1","PARAM_HAND_L_05_001","已声明","1","0","0","0","0","",""
"mutsumi/mts/nnf04","1","PARAM_HAND_L_06_001","已声明","1","0","0","0","0","",""
"mutsumi/mts/nnf04","1","PARAM_HAND_L_07_001","已声明","1","0","0","0","0","",""
"mutsumi/mts/nnf04","1","PARAM_HAND_R_01_001","已声明","1","1","1","1","1","0–3.833s","0–3.833s"
"mutsumi/mts/nnf04","1","PARAM_HAND_R_02_001","已声明","1","0","0","0","0","",""
"mutsumi/mts/nnf04","1","PARAM_HAND_R_03_001","已声明","1","0","0","0","0","",""
"mutsumi/mts/nnf04","1","PARAM_HAND_R_04_001","已声明","1","0","0","0","0","",""
"mutsumi/mts/nnf04","1","PARAM_HAND_R_05_001","已声明","1","0","0","0","0","",""
"mutsumi/mts/nnf04","1","PARAM_HAND_R_06_001","已声明","1","0","0","0","0","",""
"mutsumi/mts/nnf04","1","PARAM_HAND_R_09_001","已声明","1","0","0","0","0","",""
"mutsumi/mts/nnf05","1","PARAM_HAND_L_01_001","已声明","1","0","0","0","0","",""
"mutsumi/mts/nnf05","1","PARAM_HAND_L_02_001","已声明","1","1","1","1","1","0–3.933s","0–3.933s"
"mutsumi/mts/nnf05","1","PARAM_HAND_L_03_001","已声明","1","0","0","0","0","",""
"mutsumi/mts/nnf05","1","PARAM_HAND_L_04_001","已声明","1","0","0","0","0","",""
"mutsumi/mts/nnf05","1","PARAM_HAND_L_05_001","已声明","1","0","0","0","0","",""
"mutsumi/mts/nnf05","1","PARAM_HAND_L_06_001","已声明","1","0","0","0","0","",""
"mutsumi/mts/nnf05","1","PARAM_HAND_L_07_001","已声明","1","0","0","0","0","",""
"mutsumi/mts/nnf05","1","PARAM_HAND_R_01_001","已声明","1","1","1","1","1","0–3.933s","0–3.933s"
"mutsumi/mts/nnf05","1","PARAM_HAND_R_02_001","已声明","1","0","0","0","0","",""
"mutsumi/mts/nnf05","1","PARAM_HAND_R_03_001","已声明","1","0","0","0","0","",""
"mutsumi/mts/nnf05","1","PARAM_HAND_R_04_001","已声明","1","0","0","0","0","",""
"mutsumi/mts/nnf05","1","PARAM_HAND_R_05_001","已声明","1","0","0","0","0","",""
"mutsumi/mts/nnf05","1","PARAM_HAND_R_06_001","已声明","1","0","0","0","0","",""
"mutsumi/mts/nnf05","1","PARAM_HAND_R_09_001","已声明","1","0","0","0","0","",""
"mutsumi/mts/sad01","1","PARAM_HAND_L_01_001","已声明","1","0","0","0","0","",""
"mutsumi/mts/sad01","1","PARAM_HAND_L_02_001","已声明","1","0","0","0","0","",""
"mutsumi/mts/sad01","1","PARAM_HAND_L_03_001","已声明","1","0","0","0","0","",""
"mutsumi/mts/sad01","1","PARAM_HAND_L_04_001","已声明","1","0","0","0","0","",""
"mutsumi/mts/sad01","1","PARAM_HAND_L_05_001","已声明","1","1","1","1","1","0–4.333s","0–4.333s"
"mutsumi/mts/sad01","1","PARAM_HAND_L_06_001","已声明","1","0","0","0","0","",""
"mutsumi/mts/sad01","1","PARAM_HAND_L_07_001","已声明","1","0","0","0","0","",""
"mutsumi/mts/sad01","1","PARAM_HAND_R_01_001","已声明","1","0","0","0","0","",""
"mutsumi/mts/sad01","1","PARAM_HAND_R_02_001","已声明","1","0","0","0","0","",""
"mutsumi/mts/sad01","1","PARAM_HAND_R_03_001","已声明","1","0","0","0","0","",""
"mutsumi/mts/sad01","1","PARAM_HAND_R_04_001","已声明","1","0","0","0","0","",""
"mutsumi/mts/sad01","1","PARAM_HAND_R_05_001","已声明","1","1","1","1","1","0–4.333s","0–4.333s"
"mutsumi/mts/sad01","1","PARAM_HAND_R_06_001","已声明","1","0","0","0","0","",""
"mutsumi/mts/sad01","1","PARAM_HAND_R_09_001","已声明","1","0","0","0","0","",""
"mutsumi/mts/sad02","1","PARAM_HAND_L_01_001","已声明","1","0","0","0","0","",""
"mutsumi/mts/sad02","1","PARAM_HAND_L_02_001","已声明","1","0","0","0","0","",""
"mutsumi/mts/sad02","1","PARAM_HAND_L_03_001","已声明","1","0","0","0","0","",""
"mutsumi/mts/sad02","1","PARAM_HAND_L_04_001","已声明","1","0","0","0","0","",""
"mutsumi/mts/sad02","1","PARAM_HAND_L_05_001","已声明","1","0","0","0","0","",""
"mutsumi/mts/sad02","1","PARAM_HAND_L_06_001","已声明","1","0","0","0","0","",""
"mutsumi/mts/sad02","1","PARAM_HAND_L_07_001","已声明","1","1","1","1","1","0–3.3s","0–3.3s"
"mutsumi/mts/sad02","1","PARAM_HAND_R_01_001","已声明","1","0","0","0","0","",""
"mutsumi/mts/sad02","1","PARAM_HAND_R_02_001","已声明","1","0","0","0","0","",""
"mutsumi/mts/sad02","1","PARAM_HAND_R_03_001","已声明","1","0","0","0","0","",""
"mutsumi/mts/sad02","1","PARAM_HAND_R_04_001","已声明","1","0","0","0","0","",""
"mutsumi/mts/sad02","1","PARAM_HAND_R_05_001","已声明","1","1","1","1","1","0–3.3s","0–3.3s"
"mutsumi/mts/sad02","1","PARAM_HAND_R_06_001","已声明","1","0","0","0","0","",""
"mutsumi/mts/sad02","1","PARAM_HAND_R_09_001","已声明","1","0","0","0","0","",""
"mutsumi/mts/sad03","1","PARAM_HAND_L_01_001","已声明","1","0","0","0","0","",""
"mutsumi/mts/sad03","1","PARAM_HAND_L_02_001","已声明","1","0","0","0","0","",""
"mutsumi/mts/sad03","1","PARAM_HAND_L_03_001","已声明","1","0","0","0","0","",""
"mutsumi/mts/sad03","1","PARAM_HAND_L_04_001","已声明","1","0","0","0","0","",""
"mutsumi/mts/sad03","1","PARAM_HAND_L_05_001","已声明","1","0","0","0","0","",""
"mutsumi/mts/sad03","1","PARAM_HAND_L_06_001","已声明","1","0","0","0","0","",""
"mutsumi/mts/sad03","1","PARAM_HAND_L_07_001","已声明","1","1","1","1","1","0–4.633s","0–4.633s"
"mutsumi/mts/sad03","1","PARAM_HAND_R_01_001","已声明","1","0","0","0","0","",""
"mutsumi/mts/sad03","1","PARAM_HAND_R_02_001","已声明","1","0","0","0","0","",""
"mutsumi/mts/sad03","1","PARAM_HAND_R_03_001","已声明","1","0","0","0","0","",""
"mutsumi/mts/sad03","1","PARAM_HAND_R_04_001","已声明","1","0","0","0","0","",""
"mutsumi/mts/sad03","1","PARAM_HAND_R_05_001","已声明","1","1","1","1","1","0–4.633s","0–4.633s"
"mutsumi/mts/sad03","1","PARAM_HAND_R_06_001","已声明","1","0","0","0","0","",""
"mutsumi/mts/sad03","1","PARAM_HAND_R_09_001","已声明","1","0","0","0","0","",""
"mutsumi/mts/smile01","1","PARAM_HAND_L_01_001","已声明","1","0","0","0","0","",""
"mutsumi/mts/smile01","1","PARAM_HAND_L_02_001","已声明","1","0","0","0","0","",""
"mutsumi/mts/smile01","1","PARAM_HAND_L_03_001","已声明","1","0","0","0","0","",""
"mutsumi/mts/smile01","1","PARAM_HAND_L_04_001","已声明","1","0","0","0","0","",""
"mutsumi/mts/smile01","1","PARAM_HAND_L_05_001","已声明","1","1","1","1","1","0–4.5s","0–4.5s"
"mutsumi/mts/smile01","1","PARAM_HAND_L_06_001","已声明","1","0","0","0","0","",""
"mutsumi/mts/smile01","1","PARAM_HAND_L_07_001","已声明","1","0","0","0","0","",""
"mutsumi/mts/smile01","1","PARAM_HAND_R_01_001","已声明","1","1","1","1","1","0–4.5s","0–4.5s"
"mutsumi/mts/smile01","1","PARAM_HAND_R_02_001","已声明","1","0","0","0","0","",""
"mutsumi/mts/smile01","1","PARAM_HAND_R_03_001","已声明","1","0","0","0","0","",""
"mutsumi/mts/smile01","1","PARAM_HAND_R_04_001","已声明","1","0","0","0","0","",""
"mutsumi/mts/smile01","1","PARAM_HAND_R_05_001","已声明","1","0","0","0","0","",""
"mutsumi/mts/smile01","1","PARAM_HAND_R_06_001","已声明","1","0","0","0","0","",""
"mutsumi/mts/smile01","1","PARAM_HAND_R_09_001","已声明","1","0","0","0","0","",""
"mutsumi/mts/smile02","1","PARAM_HAND_L_01_001","已声明","1","0","0","0","0","",""
"mutsumi/mts/smile02","1","PARAM_HAND_L_02_001","已声明","1","0","0","0","0","",""
"mutsumi/mts/smile02","1","PARAM_HAND_L_03_001","已声明","1","1","1","1","1","0–4.3s","0–4.3s"
"mutsumi/mts/smile02","1","PARAM_HAND_L_04_001","已声明","1","0","0","0","0","",""
"mutsumi/mts/smile02","1","PARAM_HAND_L_05_001","已声明","1","0","0","0","0","",""
"mutsumi/mts/smile02","1","PARAM_HAND_L_06_001","已声明","1","0","0","0","0","",""
"mutsumi/mts/smile02","1","PARAM_HAND_L_07_001","已声明","1","0","0","0","0","",""
"mutsumi/mts/smile02","1","PARAM_HAND_R_01_001","已声明","1","1","1","1","1","0–4.3s","0–4.3s"
"mutsumi/mts/smile02","1","PARAM_HAND_R_02_001","已声明","1","0","0","0","0","",""
"mutsumi/mts/smile02","1","PARAM_HAND_R_03_001","已声明","1","0","0","0","0","",""
"mutsumi/mts/smile02","1","PARAM_HAND_R_04_001","已声明","1","0","0","0","0","",""
"mutsumi/mts/smile02","1","PARAM_HAND_R_05_001","已声明","1","0","0","0","0","",""
"mutsumi/mts/smile02","1","PARAM_HAND_R_06_001","已声明","1","0","0","0","0","",""
"mutsumi/mts/smile02","1","PARAM_HAND_R_09_001","已声明","1","0","0","0","0","",""
"mutsumi/mts/smile03","1","PARAM_HAND_L_01_001","已声明","1","0","0","0","0","",""
"mutsumi/mts/smile03","1","PARAM_HAND_L_02_001","已声明","1","0","0","0","0","",""
"mutsumi/mts/smile03","1","PARAM_HAND_L_03_001","已声明","1","0","0","0","0","",""
"mutsumi/mts/smile03","1","PARAM_HAND_L_04_001","已声明","1","0","0","0","0","",""
"mutsumi/mts/smile03","1","PARAM_HAND_L_05_001","已声明","1","0","0","0","0","",""
"mutsumi/mts/smile03","1","PARAM_HAND_L_06_001","已声明","1","0","0","0","0","",""
"mutsumi/mts/smile03","1","PARAM_HAND_L_07_001","已声明","1","1","1","1","1","0–3.633s","0–3.633s"
"mutsumi/mts/smile03","1","PARAM_HAND_R_01_001","已声明","1","1","1","1","1","0–3.633s","0–3.633s"
"mutsumi/mts/smile03","1","PARAM_HAND_R_02_001","已声明","1","0","0","0","0","",""
"mutsumi/mts/smile03","1","PARAM_HAND_R_03_001","已声明","1","0","0","0","0","",""
"mutsumi/mts/smile03","1","PARAM_HAND_R_04_001","已声明","1","0","0","0","0","",""
"mutsumi/mts/smile03","1","PARAM_HAND_R_05_001","已声明","1","0","0","0","0","",""
"mutsumi/mts/smile03","1","PARAM_HAND_R_06_001","已声明","1","0","0","0","0","",""
"mutsumi/mts/smile03","1","PARAM_HAND_R_09_001","已声明","1","0","0","0","0","",""
"mutsumi/nf_left01","1","PARAM_HAND_L_01_001","已声明","1","1","1","1","1","0–4s","0–4s"
"mutsumi/nf_left01","1","PARAM_HAND_L_02_001","已声明","1","0","0","0","0","",""
"mutsumi/nf_left01","1","PARAM_HAND_L_03_001","已声明","1","0","0","0","0","",""
"mutsumi/nf_left01","1","PARAM_HAND_L_04_001","已声明","1","0","0","0","0","",""
"mutsumi/nf_left01","1","PARAM_HAND_L_05_001","已声明","1","0","0","0","0","",""
"mutsumi/nf_left01","1","PARAM_HAND_L_06_001","已声明","1","0","0","0","0","",""
"mutsumi/nf_left01","1","PARAM_HAND_L_07_001","已声明","1","0","0","0","0","",""
"mutsumi/nf_left01","1","PARAM_HAND_R_01_001","已声明","1","1","1","1","1","0–4s","0–4s"
"mutsumi/nf_left01","1","PARAM_HAND_R_02_001","已声明","1","0","0","0","0","",""
"mutsumi/nf_left01","1","PARAM_HAND_R_03_001","已声明","1","0","0","0","0","",""
"mutsumi/nf_left01","1","PARAM_HAND_R_04_001","已声明","1","0","0","0","0","",""
"mutsumi/nf_left01","1","PARAM_HAND_R_05_001","已声明","1","0","0","0","0","",""
"mutsumi/nf_left01","1","PARAM_HAND_R_06_001","已声明","1","0","0","0","0","",""
"mutsumi/nf_left01","1","PARAM_HAND_R_09_001","已声明","1","0","0","0","0","",""
"mutsumi/nf_right01","1","PARAM_HAND_L_01_001","已声明","1","0","0","0","0","",""
"mutsumi/nf_right01","1","PARAM_HAND_L_02_001","已声明","1","0","0","0","0","",""
"mutsumi/nf_right01","1","PARAM_HAND_L_03_001","已声明","1","0","0","0","0","",""
"mutsumi/nf_right01","1","PARAM_HAND_L_04_001","已声明","1","0","0","0","0","",""
"mutsumi/nf_right01","1","PARAM_HAND_L_05_001","已声明","1","0","0","0","0","",""
"mutsumi/nf_right01","1","PARAM_HAND_L_06_001","已声明","1","0","0","0","0","",""
"mutsumi/nf_right01","1","PARAM_HAND_L_07_001","已声明","1","1","1","1","1","0–4s","0–4s"
"mutsumi/nf_right01","1","PARAM_HAND_R_01_001","已声明","1","0","0","0","0","",""
"mutsumi/nf_right01","1","PARAM_HAND_R_02_001","已声明","1","0","0","0","0","",""
"mutsumi/nf_right01","1","PARAM_HAND_R_03_001","已声明","1","0","0","0","0","",""
"mutsumi/nf_right01","1","PARAM_HAND_R_04_001","已声明","1","0","0","0","0","",""
"mutsumi/nf_right01","1","PARAM_HAND_R_05_001","已声明","1","1","1","1","1","0–4s","0–4s"
"mutsumi/nf_right01","1","PARAM_HAND_R_06_001","已声明","1","0","0","0","0","",""
"mutsumi/nf_right01","1","PARAM_HAND_R_09_001","已声明","1","0","0","0","0","",""
"mutsumi/nf01","1","PARAM_HAND_L_01_001","已声明","1","1","1","1","1","0–4.1s","0–4.1s"
"mutsumi/nf01","1","PARAM_HAND_L_02_001","已声明","1","0","0","0","0","",""
"mutsumi/nf01","1","PARAM_HAND_L_03_001","已声明","1","0","0","0","0","",""
"mutsumi/nf01","1","PARAM_HAND_L_04_001","已声明","1","0","0","0","0","",""
"mutsumi/nf01","1","PARAM_HAND_L_05_001","已声明","1","0","0","0","0","",""
"mutsumi/nf01","1","PARAM_HAND_L_06_001","已声明","1","0","0","0","0","",""
"mutsumi/nf01","1","PARAM_HAND_L_07_001","已声明","1","0","0","0","0","",""
"mutsumi/nf01","1","PARAM_HAND_R_01_001","已声明","1","1","1","1","1","0–4.1s","0–4.1s"
"mutsumi/nf01","1","PARAM_HAND_R_02_001","已声明","1","0","0","0","0","",""
"mutsumi/nf01","1","PARAM_HAND_R_03_001","已声明","1","0","0","0","0","",""
"mutsumi/nf01","1","PARAM_HAND_R_04_001","已声明","1","0","0","0","0","",""
"mutsumi/nf01","1","PARAM_HAND_R_05_001","已声明","1","0","0","0","0","",""
"mutsumi/nf01","1","PARAM_HAND_R_06_001","已声明","1","0","0","0","0","",""
"mutsumi/nf01","1","PARAM_HAND_R_09_001","已声明","1","0","0","0","0","",""
"mutsumi/nf02","1","PARAM_HAND_L_01_001","已声明","1","1","1","1","1","0–3.533s","0–3.533s"
"mutsumi/nf02","1","PARAM_HAND_L_02_001","已声明","1","0","0","0","0","",""
"mutsumi/nf02","1","PARAM_HAND_L_03_001","已声明","1","0","0","0","0","",""
"mutsumi/nf02","1","PARAM_HAND_L_04_001","已声明","1","0","0","0","0","",""
"mutsumi/nf02","1","PARAM_HAND_L_05_001","已声明","1","0","0","0","0","",""
"mutsumi/nf02","1","PARAM_HAND_L_06_001","已声明","1","0","0","0","0","",""
"mutsumi/nf02","1","PARAM_HAND_L_07_001","已声明","1","0","0","0","0","",""
"mutsumi/nf02","1","PARAM_HAND_R_01_001","已声明","1","1","1","1","1","0–3.533s","0–3.533s"
"mutsumi/nf02","1","PARAM_HAND_R_02_001","已声明","1","0","0","0","0","",""
"mutsumi/nf02","1","PARAM_HAND_R_03_001","已声明","1","0","0","0","0","",""
"mutsumi/nf02","1","PARAM_HAND_R_04_001","已声明","1","0","0","0","0","",""
"mutsumi/nf02","1","PARAM_HAND_R_05_001","已声明","1","0","0","0","0","",""
"mutsumi/nf02","1","PARAM_HAND_R_06_001","已声明","1","0","0","0","0","",""
"mutsumi/nf02","1","PARAM_HAND_R_09_001","已声明","1","0","0","0","0","",""
"mutsumi/nf03","1","PARAM_HAND_L_01_001","已声明","1","0","0","0","0","",""
"mutsumi/nf03","1","PARAM_HAND_L_02_001","已声明","1","0","0","0","0","",""
"mutsumi/nf03","1","PARAM_HAND_L_03_001","已声明","1","0","0","0","0","",""
"mutsumi/nf03","1","PARAM_HAND_L_04_001","已声明","1","0","0","0","0","",""
"mutsumi/nf03","1","PARAM_HAND_L_05_001","已声明","1","0","0","0","0","",""
"mutsumi/nf03","1","PARAM_HAND_L_06_001","已声明","1","0","0","0","0","",""
"mutsumi/nf03","1","PARAM_HAND_L_07_001","已声明","1","1","1","1","1","0–4.567s","0–4.567s"
"mutsumi/nf03","1","PARAM_HAND_R_01_001","已声明","1","1","1","1","1","0–4.567s","0–4.567s"
"mutsumi/nf03","1","PARAM_HAND_R_02_001","已声明","1","0","0","0","0","",""
"mutsumi/nf03","1","PARAM_HAND_R_03_001","已声明","1","0","0","0","0","",""
"mutsumi/nf03","1","PARAM_HAND_R_04_001","已声明","1","0","0","0","0","",""
"mutsumi/nf03","1","PARAM_HAND_R_05_001","已声明","1","0","0","0","0","",""
"mutsumi/nf03","1","PARAM_HAND_R_06_001","已声明","1","0","0","0","0","",""
"mutsumi/nf03","1","PARAM_HAND_R_09_001","已声明","1","0","0","0","0","",""
"mutsumi/nf04","1","PARAM_HAND_L_01_001","已声明","1","1","1","1","1","0–4.167s","0–4.167s"
"mutsumi/nf04","1","PARAM_HAND_L_02_001","已声明","1","0","0","0","0","",""
"mutsumi/nf04","1","PARAM_HAND_L_03_001","已声明","1","0","0","0","0","",""
"mutsumi/nf04","1","PARAM_HAND_L_04_001","已声明","1","0","0","0","0","",""
"mutsumi/nf04","1","PARAM_HAND_L_05_001","已声明","1","0","0","0","0","",""
"mutsumi/nf04","1","PARAM_HAND_L_06_001","已声明","1","0","0","0","0","",""
"mutsumi/nf04","1","PARAM_HAND_L_07_001","已声明","1","0","0","0","0","",""
"mutsumi/nf04","1","PARAM_HAND_R_01_001","已声明","1","1","1","1","1","0–4.167s","0–4.167s"
"mutsumi/nf04","1","PARAM_HAND_R_02_001","已声明","1","0","0","0","0","",""
"mutsumi/nf04","1","PARAM_HAND_R_03_001","已声明","1","0","0","0","0","",""
"mutsumi/nf04","1","PARAM_HAND_R_04_001","已声明","1","0","0","0","0","",""
"mutsumi/nf04","1","PARAM_HAND_R_05_001","已声明","1","0","0","0","0","",""
"mutsumi/nf04","1","PARAM_HAND_R_06_001","已声明","1","0","0","0","0","",""
"mutsumi/nf04","1","PARAM_HAND_R_09_001","已声明","1","0","0","0","0","",""
"mutsumi/nf05","1","PARAM_HAND_L_01_001","已声明","1","0","0","0","0","",""
"mutsumi/nf05","1","PARAM_HAND_L_02_001","已声明","1","0","0","0","0","",""
"mutsumi/nf05","1","PARAM_HAND_L_03_001","已声明","1","0","0","0","0","",""
"mutsumi/nf05","1","PARAM_HAND_L_04_001","已声明","1","0","0","0","0","",""
"mutsumi/nf05","1","PARAM_HAND_L_05_001","已声明","1","1","1","1","1","0–3.933s","0–3.933s"
"mutsumi/nf05","1","PARAM_HAND_L_06_001","已声明","1","0","0","0","0","",""
"mutsumi/nf05","1","PARAM_HAND_L_07_001","已声明","1","0","0","0","0","",""
"mutsumi/nf05","1","PARAM_HAND_R_01_001","已声明","1","1","1","1","1","0–3.933s","0–3.933s"
"mutsumi/nf05","1","PARAM_HAND_R_02_001","已声明","1","0","0","0","0","",""
"mutsumi/nf05","1","PARAM_HAND_R_03_001","已声明","1","0","0","0","0","",""
"mutsumi/nf05","1","PARAM_HAND_R_04_001","已声明","1","0","0","0","0","",""
"mutsumi/nf05","1","PARAM_HAND_R_05_001","已声明","1","0","0","0","0","",""
"mutsumi/nf05","1","PARAM_HAND_R_06_001","已声明","1","0","0","0","0","",""
"mutsumi/nf05","1","PARAM_HAND_R_09_001","已声明","1","0","0","0","0","",""
"mutsumi/nnf_left01","1","PARAM_HAND_L_01_001","已声明","1","1","1","1","1","0–4s","0–4s"
"mutsumi/nnf_left01","1","PARAM_HAND_L_02_001","已声明","1","0","0","0","0","",""
"mutsumi/nnf_left01","1","PARAM_HAND_L_03_001","已声明","1","0","0","0","0","",""
"mutsumi/nnf_left01","1","PARAM_HAND_L_04_001","已声明","1","0","0","0","0","",""
"mutsumi/nnf_left01","1","PARAM_HAND_L_05_001","已声明","1","0","0","0","0","",""
"mutsumi/nnf_left01","1","PARAM_HAND_L_06_001","已声明","1","0","0","0","0","",""
"mutsumi/nnf_left01","1","PARAM_HAND_L_07_001","已声明","1","0","0","0","0","",""
"mutsumi/nnf_left01","1","PARAM_HAND_R_01_001","已声明","1","1","1","1","1","0–4s","0–4s"
"mutsumi/nnf_left01","1","PARAM_HAND_R_02_001","已声明","1","0","0","0","0","",""
"mutsumi/nnf_left01","1","PARAM_HAND_R_03_001","已声明","1","0","0","0","0","",""
"mutsumi/nnf_left01","1","PARAM_HAND_R_04_001","已声明","1","0","0","0","0","",""
"mutsumi/nnf_left01","1","PARAM_HAND_R_05_001","已声明","1","0","0","0","0","",""
"mutsumi/nnf_left01","1","PARAM_HAND_R_06_001","已声明","1","0","0","0","0","",""
"mutsumi/nnf_left01","1","PARAM_HAND_R_09_001","已声明","1","0","0","0","0","",""
"mutsumi/nnf_right01","1","PARAM_HAND_L_01_001","已声明","1","0","0","0","0","",""
"mutsumi/nnf_right01","1","PARAM_HAND_L_02_001","已声明","1","0","0","0","0","",""
"mutsumi/nnf_right01","1","PARAM_HAND_L_03_001","已声明","1","0","0","0","0","",""
"mutsumi/nnf_right01","1","PARAM_HAND_L_04_001","已声明","1","0","0","0","0","",""
"mutsumi/nnf_right01","1","PARAM_HAND_L_05_001","已声明","1","0","0","0","0","",""
"mutsumi/nnf_right01","1","PARAM_HAND_L_06_001","已声明","1","0","0","0","0","",""
"mutsumi/nnf_right01","1","PARAM_HAND_L_07_001","已声明","1","1","1","1","1","0–4.1s","0–4.1s"
"mutsumi/nnf_right01","1","PARAM_HAND_R_01_001","已声明","1","0","0","0","0","",""
"mutsumi/nnf_right01","1","PARAM_HAND_R_02_001","已声明","1","0","0","0","0","",""
"mutsumi/nnf_right01","1","PARAM_HAND_R_03_001","已声明","1","0","0","0","0","",""
"mutsumi/nnf_right01","1","PARAM_HAND_R_04_001","已声明","1","0","0","0","0","",""
"mutsumi/nnf_right01","1","PARAM_HAND_R_05_001","已声明","1","1","1","1","1","0–4.1s","0–4.1s"
"mutsumi/nnf_right01","1","PARAM_HAND_R_06_001","已声明","1","0","0","0","0","",""
"mutsumi/nnf_right01","1","PARAM_HAND_R_09_001","已声明","1","0","0","0","0","",""
"mutsumi/nnf01","1","PARAM_HAND_L_01_001","已声明","1","1","1","1","1","0–4.1s","0–4.1s"
"mutsumi/nnf01","1","PARAM_HAND_L_02_001","已声明","1","0","0","0","0","",""
"mutsumi/nnf01","1","PARAM_HAND_L_03_001","已声明","1","0","0","0","0","",""
"mutsumi/nnf01","1","PARAM_HAND_L_04_001","已声明","1","0","0","0","0","",""
"mutsumi/nnf01","1","PARAM_HAND_L_05_001","已声明","1","0","0","0","0","",""
"mutsumi/nnf01","1","PARAM_HAND_L_06_001","已声明","1","0","0","0","0","",""
"mutsumi/nnf01","1","PARAM_HAND_L_07_001","已声明","1","0","0","0","0","",""
"mutsumi/nnf01","1","PARAM_HAND_R_01_001","已声明","1","1","1","1","1","0–4.1s","0–4.1s"
"mutsumi/nnf01","1","PARAM_HAND_R_02_001","已声明","1","0","0","0","0","",""
"mutsumi/nnf01","1","PARAM_HAND_R_03_001","已声明","1","0","0","0","0","",""
"mutsumi/nnf01","1","PARAM_HAND_R_04_001","已声明","1","0","0","0","0","",""
"mutsumi/nnf01","1","PARAM_HAND_R_05_001","已声明","1","0","0","0","0","",""
"mutsumi/nnf01","1","PARAM_HAND_R_06_001","已声明","1","0","0","0","0","",""
"mutsumi/nnf01","1","PARAM_HAND_R_09_001","已声明","1","0","0","0","0","",""
"mutsumi/nnf02","1","PARAM_HAND_L_01_001","已声明","1","1","1","1","1","0–3.533s","0–3.533s"
"mutsumi/nnf02","1","PARAM_HAND_L_02_001","已声明","1","0","0","0","0","",""
"mutsumi/nnf02","1","PARAM_HAND_L_03_001","已声明","1","0","0","0","0","",""
"mutsumi/nnf02","1","PARAM_HAND_L_04_001","已声明","1","0","0","0","0","",""
"mutsumi/nnf02","1","PARAM_HAND_L_05_001","已声明","1","0","0","0","0","",""
"mutsumi/nnf02","1","PARAM_HAND_L_06_001","已声明","1","0","0","0","0","",""
"mutsumi/nnf02","1","PARAM_HAND_L_07_001","已声明","1","0","0","0","0","",""
"mutsumi/nnf02","1","PARAM_HAND_R_01_001","已声明","1","1","1","1","1","0–3.533s","0–3.533s"
"mutsumi/nnf02","1","PARAM_HAND_R_02_001","已声明","1","0","0","0","0","",""
"mutsumi/nnf02","1","PARAM_HAND_R_03_001","已声明","1","0","0","0","0","",""
"mutsumi/nnf02","1","PARAM_HAND_R_04_001","已声明","1","0","0","0","0","",""
"mutsumi/nnf02","1","PARAM_HAND_R_05_001","已声明","1","0","0","0","0","",""
"mutsumi/nnf02","1","PARAM_HAND_R_06_001","已声明","1","0","0","0","0","",""
"mutsumi/nnf02","1","PARAM_HAND_R_09_001","已声明","1","0","0","0","0","",""
"mutsumi/nnf03","1","PARAM_HAND_L_01_001","已声明","1","0","0","0","0","",""
"mutsumi/nnf03","1","PARAM_HAND_L_02_001","已声明","1","0","0","0","0","",""
"mutsumi/nnf03","1","PARAM_HAND_L_03_001","已声明","1","0","0","0","0","",""
"mutsumi/nnf03","1","PARAM_HAND_L_04_001","已声明","1","0","0","0","0","",""
"mutsumi/nnf03","1","PARAM_HAND_L_05_001","已声明","1","0","0","0","0","",""
"mutsumi/nnf03","1","PARAM_HAND_L_06_001","已声明","1","0","0","0","0","",""
"mutsumi/nnf03","1","PARAM_HAND_L_07_001","已声明","1","1","1","1","1","0–4.567s","0–4.567s"
"mutsumi/nnf03","1","PARAM_HAND_R_01_001","已声明","1","1","1","1","1","0–4.567s","0–4.567s"
"mutsumi/nnf03","1","PARAM_HAND_R_02_001","已声明","1","0","0","0","0","",""
"mutsumi/nnf03","1","PARAM_HAND_R_03_001","已声明","1","0","0","0","0","",""
"mutsumi/nnf03","1","PARAM_HAND_R_04_001","已声明","1","0","0","0","0","",""
"mutsumi/nnf03","1","PARAM_HAND_R_05_001","已声明","1","0","0","0","0","",""
"mutsumi/nnf03","1","PARAM_HAND_R_06_001","已声明","1","0","0","0","0","",""
"mutsumi/nnf03","1","PARAM_HAND_R_09_001","已声明","1","0","0","0","0","",""
"mutsumi/nnf04","1","PARAM_HAND_L_01_001","已声明","1","1","1","1","1","0–4.167s","0–4.167s"
"mutsumi/nnf04","1","PARAM_HAND_L_02_001","已声明","1","0","0","0","0","",""
"mutsumi/nnf04","1","PARAM_HAND_L_03_001","已声明","1","0","0","0","0","",""
"mutsumi/nnf04","1","PARAM_HAND_L_04_001","已声明","1","0","0","0","0","",""
"mutsumi/nnf04","1","PARAM_HAND_L_05_001","已声明","1","0","0","0","0","",""
"mutsumi/nnf04","1","PARAM_HAND_L_06_001","已声明","1","0","0","0","0","",""
"mutsumi/nnf04","1","PARAM_HAND_L_07_001","已声明","1","0","0","0","0","",""
"mutsumi/nnf04","1","PARAM_HAND_R_01_001","已声明","1","1","1","1","1","0–4.167s","0–4.167s"
"mutsumi/nnf04","1","PARAM_HAND_R_02_001","已声明","1","0","0","0","0","",""
"mutsumi/nnf04","1","PARAM_HAND_R_03_001","已声明","1","0","0","0","0","",""
"mutsumi/nnf04","1","PARAM_HAND_R_04_001","已声明","1","0","0","0","0","",""
"mutsumi/nnf04","1","PARAM_HAND_R_05_001","已声明","1","0","0","0","0","",""
"mutsumi/nnf04","1","PARAM_HAND_R_06_001","已声明","1","0","0","0","0","",""
"mutsumi/nnf04","1","PARAM_HAND_R_09_001","已声明","1","0","0","0","0","",""
"mutsumi/nnf05","1","PARAM_HAND_L_01_001","已声明","1","0","0","0","0","",""
"mutsumi/nnf05","1","PARAM_HAND_L_02_001","已声明","1","0","0","0","0","",""
"mutsumi/nnf05","1","PARAM_HAND_L_03_001","已声明","1","0","0","0","0","",""
"mutsumi/nnf05","1","PARAM_HAND_L_04_001","已声明","1","0","0","0","0","",""
"mutsumi/nnf05","1","PARAM_HAND_L_05_001","已声明","1","1","1","1","1","0–3.933s","0–3.933s"
"mutsumi/nnf05","1","PARAM_HAND_L_06_001","已声明","1","0","0","0","0","",""
"mutsumi/nnf05","1","PARAM_HAND_L_07_001","已声明","1","0","0","0","0","",""
"mutsumi/nnf05","1","PARAM_HAND_R_01_001","已声明","1","1","1","1","1","0–3.933s","0–3.933s"
"mutsumi/nnf05","1","PARAM_HAND_R_02_001","已声明","1","0","0","0","0","",""
"mutsumi/nnf05","1","PARAM_HAND_R_03_001","已声明","1","0","0","0","0","",""
"mutsumi/nnf05","1","PARAM_HAND_R_04_001","已声明","1","0","0","0","0","",""
"mutsumi/nnf05","1","PARAM_HAND_R_05_001","已声明","1","0","0","0","0","",""
"mutsumi/nnf05","1","PARAM_HAND_R_06_001","已声明","1","0","0","0","0","",""
"mutsumi/nnf05","1","PARAM_HAND_R_09_001","已声明","1","0","0","0","0","",""
"mutsumi/odoodo01","1","PARAM_HAND_L_01_001","已声明","1","0","0","0","0","",""
"mutsumi/odoodo01","1","PARAM_HAND_L_02_001","已声明","1","0","0","0","0","",""
"mutsumi/odoodo01","1","PARAM_HAND_L_03_001","已声明","1","0","0","0","0","",""
"mutsumi/odoodo01","1","PARAM_HAND_L_04_001","已声明","1","0","0","0","0","",""
"mutsumi/odoodo01","1","PARAM_HAND_L_05_001","已声明","1","0","0","0","0","",""
"mutsumi/odoodo01","1","PARAM_HAND_L_06_001","已声明","1","0","0","0","0","",""
"mutsumi/odoodo01","1","PARAM_HAND_L_07_001","已声明","1","1","1","1","1","0–3.933s","0–3.933s"
"mutsumi/odoodo01","1","PARAM_HAND_R_01_001","已声明","1","0","0","0","0","",""
"mutsumi/odoodo01","1","PARAM_HAND_R_02_001","已声明","1","0","0","0","0","",""
"mutsumi/odoodo01","1","PARAM_HAND_R_03_001","已声明","1","0","0","0","0","",""
"mutsumi/odoodo01","1","PARAM_HAND_R_04_001","已声明","1","0","0","0","0","",""
"mutsumi/odoodo01","1","PARAM_HAND_R_05_001","已声明","1","1","1","1","1","0–3.933s","0–3.933s"
"mutsumi/odoodo01","1","PARAM_HAND_R_06_001","已声明","1","0","0","0","0","",""
"mutsumi/odoodo01","1","PARAM_HAND_R_09_001","已声明","1","0","0","0","0","",""
"mutsumi/sad01","1","PARAM_HAND_L_01_001","已声明","1","1","1","1","1","0–4.333s","0–4.333s"
"mutsumi/sad01","1","PARAM_HAND_L_02_001","已声明","1","0","0","0","0","",""
"mutsumi/sad01","1","PARAM_HAND_L_03_001","已声明","1","0","0","0","0","",""
"mutsumi/sad01","1","PARAM_HAND_L_04_001","已声明","1","0","0","0","0","",""
"mutsumi/sad01","1","PARAM_HAND_L_05_001","已声明","1","0","0","0","0","",""
"mutsumi/sad01","1","PARAM_HAND_L_06_001","已声明","1","0","0","0","0","",""
"mutsumi/sad01","1","PARAM_HAND_L_07_001","已声明","1","0","0","0","0","",""
"mutsumi/sad01","1","PARAM_HAND_R_01_001","已声明","1","1","1","1","1","0–4.333s","0–4.333s"
"mutsumi/sad01","1","PARAM_HAND_R_02_001","已声明","1","0","0","0","0","",""
"mutsumi/sad01","1","PARAM_HAND_R_03_001","已声明","1","0","0","0","0","",""
"mutsumi/sad01","1","PARAM_HAND_R_04_001","已声明","1","0","0","0","0","",""
"mutsumi/sad01","1","PARAM_HAND_R_05_001","已声明","1","0","0","0","0","",""
"mutsumi/sad01","1","PARAM_HAND_R_06_001","已声明","1","0","0","0","0","",""
"mutsumi/sad01","1","PARAM_HAND_R_09_001","已声明","1","0","0","0","0","",""
"mutsumi/sad02","1","PARAM_HAND_L_01_001","已声明","1","1","1","1","1","0–4.333s","0–4.333s"
"mutsumi/sad02","1","PARAM_HAND_L_02_001","已声明","1","0","0","0","0","",""
"mutsumi/sad02","1","PARAM_HAND_L_03_001","已声明","1","0","0","0","0","",""
"mutsumi/sad02","1","PARAM_HAND_L_04_001","已声明","1","0","0","0","0","",""
"mutsumi/sad02","1","PARAM_HAND_L_05_001","已声明","1","0","0","0","0","",""
"mutsumi/sad02","1","PARAM_HAND_L_06_001","已声明","1","0","0","0","0","",""
"mutsumi/sad02","1","PARAM_HAND_L_07_001","已声明","1","0","0","0","0","",""
"mutsumi/sad02","1","PARAM_HAND_R_01_001","已声明","1","1","1","1","1","0–4.333s","0–4.333s"
"mutsumi/sad02","1","PARAM_HAND_R_02_001","已声明","1","0","0","0","0","",""
"mutsumi/sad02","1","PARAM_HAND_R_03_001","已声明","1","0","0","0","0","",""
"mutsumi/sad02","1","PARAM_HAND_R_04_001","已声明","1","0","0","0","0","",""
"mutsumi/sad02","1","PARAM_HAND_R_05_001","已声明","1","0","0","0","0","",""
"mutsumi/sad02","1","PARAM_HAND_R_06_001","已声明","1","0","0","0","0","",""
"mutsumi/sad02","1","PARAM_HAND_R_09_001","已声明","1","0","0","0","0","",""
"mutsumi/sad03","1","PARAM_HAND_L_01_001","已声明","1","0","0","0","0","",""
"mutsumi/sad03","1","PARAM_HAND_L_02_001","已声明","1","0","0","0","0","",""
"mutsumi/sad03","1","PARAM_HAND_L_03_001","已声明","1","0","0","0","0","",""
"mutsumi/sad03","1","PARAM_HAND_L_04_001","已声明","1","0","0","0","0","",""
"mutsumi/sad03","1","PARAM_HAND_L_05_001","已声明","1","1","1","1","1","0–4.1s","0–4.1s"
"mutsumi/sad03","1","PARAM_HAND_L_06_001","已声明","1","0","0","0","0","",""
"mutsumi/sad03","1","PARAM_HAND_L_07_001","已声明","1","0","0","0","0","",""
"mutsumi/sad03","1","PARAM_HAND_R_01_001","已声明","1","0","0","0","0","",""
"mutsumi/sad03","1","PARAM_HAND_R_02_001","已声明","1","0","0","0","0","",""
"mutsumi/sad03","1","PARAM_HAND_R_03_001","已声明","1","0","0","0","0","",""
"mutsumi/sad03","1","PARAM_HAND_R_04_001","已声明","1","0","0","0","0","",""
"mutsumi/sad03","1","PARAM_HAND_R_05_001","已声明","1","1","1","1","1","0–4.1s","0–4.1s"
"mutsumi/sad03","1","PARAM_HAND_R_06_001","已声明","1","0","0","0","0","",""
"mutsumi/sad03","1","PARAM_HAND_R_09_001","已声明","1","0","0","0","0","",""
"mutsumi/sad04","1","PARAM_HAND_L_01_001","已声明","1","0","0","0","0","",""
"mutsumi/sad04","1","PARAM_HAND_L_02_001","已声明","1","0","0","0","0","",""
"mutsumi/sad04","1","PARAM_HAND_L_03_001","已声明","1","0","0","0","0","",""
"mutsumi/sad04","1","PARAM_HAND_L_04_001","已声明","1","0","0","0","0","",""
"mutsumi/sad04","1","PARAM_HAND_L_05_001","已声明","1","1","1","1","1","0–4.333s","0–4.333s"
"mutsumi/sad04","1","PARAM_HAND_L_06_001","已声明","1","0","0","0","0","",""
"mutsumi/sad04","1","PARAM_HAND_L_07_001","已声明","1","0","0","0","0","",""
"mutsumi/sad04","1","PARAM_HAND_R_01_001","已声明","1","0","0","0","0","",""
"mutsumi/sad04","1","PARAM_HAND_R_02_001","已声明","1","0","0","0","0","",""
"mutsumi/sad04","1","PARAM_HAND_R_03_001","已声明","1","0","0","0","0","",""
"mutsumi/sad04","1","PARAM_HAND_R_04_001","已声明","1","0","0","0","0","",""
"mutsumi/sad04","1","PARAM_HAND_R_05_001","已声明","1","1","1","1","1","0–4.333s","0–4.333s"
"mutsumi/sad04","1","PARAM_HAND_R_06_001","已声明","1","0","0","0","0","",""
"mutsumi/sad04","1","PARAM_HAND_R_09_001","已声明","1","0","0","0","0","",""
"mutsumi/smile01","1","PARAM_HAND_L_01_001","已声明","1","1","1","1","1","0–4.5s","0–4.5s"
"mutsumi/smile01","1","PARAM_HAND_L_02_001","已声明","1","0","0","0","0","",""
"mutsumi/smile01","1","PARAM_HAND_L_03_001","已声明","1","0","0","0","0","",""
"mutsumi/smile01","1","PARAM_HAND_L_04_001","已声明","1","0","0","0","0","",""
"mutsumi/smile01","1","PARAM_HAND_L_05_001","已声明","1","0","0","0","0","",""
"mutsumi/smile01","1","PARAM_HAND_L_06_001","已声明","1","0","0","0","0","",""
"mutsumi/smile01","1","PARAM_HAND_L_07_001","已声明","1","0","0","0","0","",""
"mutsumi/smile01","1","PARAM_HAND_R_01_001","已声明","1","1","1","1","1","0–4.5s","0–4.5s"
"mutsumi/smile01","1","PARAM_HAND_R_02_001","已声明","1","0","0","0","0","",""
"mutsumi/smile01","1","PARAM_HAND_R_03_001","已声明","1","0","0","0","0","",""
"mutsumi/smile01","1","PARAM_HAND_R_04_001","已声明","1","0","0","0","0","",""
"mutsumi/smile01","1","PARAM_HAND_R_05_001","已声明","1","0","0","0","0","",""
"mutsumi/smile01","1","PARAM_HAND_R_06_001","已声明","1","0","0","0","0","",""
"mutsumi/smile01","1","PARAM_HAND_R_09_001","已声明","1","0","0","0","0","",""
"mutsumi/smile02","1","PARAM_HAND_L_01_001","已声明","1","1","1","1","1","0–4.5s","0–4.5s"
"mutsumi/smile02","1","PARAM_HAND_L_02_001","已声明","1","0","0","0","0","",""
"mutsumi/smile02","1","PARAM_HAND_L_03_001","已声明","1","0","0","0","0","",""
"mutsumi/smile02","1","PARAM_HAND_L_04_001","已声明","1","0","0","0","0","",""
"mutsumi/smile02","1","PARAM_HAND_L_05_001","已声明","1","0","0","0","0","",""
"mutsumi/smile02","1","PARAM_HAND_L_06_001","已声明","1","0","0","0","0","",""
"mutsumi/smile02","1","PARAM_HAND_L_07_001","已声明","1","0","0","0","0","",""
"mutsumi/smile02","1","PARAM_HAND_R_01_001","已声明","1","1","1","1","1","0–4.5s","0–4.5s"
"mutsumi/smile02","1","PARAM_HAND_R_02_001","已声明","1","0","0","0","0","",""
"mutsumi/smile02","1","PARAM_HAND_R_03_001","已声明","1","0","0","0","0","",""
"mutsumi/smile02","1","PARAM_HAND_R_04_001","已声明","1","0","0","0","0","",""
"mutsumi/smile02","1","PARAM_HAND_R_05_001","已声明","1","0","0","0","0","",""
"mutsumi/smile02","1","PARAM_HAND_R_06_001","已声明","1","0","0","0","0","",""
"mutsumi/smile02","1","PARAM_HAND_R_09_001","已声明","1","0","0","0","0","",""
"mutsumi/smile04","1","PARAM_HAND_L_01_001","已声明","1","1","1","1","1","0–4.5s","0–4.5s"
"mutsumi/smile04","1","PARAM_HAND_L_02_001","已声明","1","0","0","0","0","",""
"mutsumi/smile04","1","PARAM_HAND_L_03_001","已声明","1","0","0","0","0","",""
"mutsumi/smile04","1","PARAM_HAND_L_04_001","已声明","1","0","0","0","0","",""
"mutsumi/smile04","1","PARAM_HAND_L_05_001","已声明","1","0","0","0","0","",""
"mutsumi/smile04","1","PARAM_HAND_L_06_001","已声明","1","0","0","0","0","",""
"mutsumi/smile04","1","PARAM_HAND_L_07_001","已声明","1","0","0","0","0","",""
"mutsumi/smile04","1","PARAM_HAND_R_01_001","已声明","1","0","0","0","0","",""
"mutsumi/smile04","1","PARAM_HAND_R_02_001","已声明","1","0","0","0","0","",""
"mutsumi/smile04","1","PARAM_HAND_R_03_001","已声明","1","0","0","0","0","",""
"mutsumi/smile04","1","PARAM_HAND_R_04_001","已声明","1","0","0","0","0","",""
"mutsumi/smile04","1","PARAM_HAND_R_05_001","已声明","1","1","1","1","1","0–4.5s","0–4.5s"
"mutsumi/smile04","1","PARAM_HAND_R_06_001","已声明","1","0","0","0","0","",""
"mutsumi/smile04","1","PARAM_HAND_R_09_001","已声明","1","0","0","0","0","",""
"mutsumi/surprised01","1","PARAM_HAND_L_01_001","已声明","1","1","1","1","1","0–3.233s","0–3.233s"
"mutsumi/surprised01","1","PARAM_HAND_L_02_001","已声明","1","0","0","0","0","",""
"mutsumi/surprised01","1","PARAM_HAND_L_03_001","已声明","1","0","0","0","0","",""
"mutsumi/surprised01","1","PARAM_HAND_L_04_001","已声明","1","0","0","0","0","",""
"mutsumi/surprised01","1","PARAM_HAND_L_05_001","已声明","1","0","0","0","0","",""
"mutsumi/surprised01","1","PARAM_HAND_L_06_001","已声明","1","0","0","0","0","",""
"mutsumi/surprised01","1","PARAM_HAND_L_07_001","已声明","1","0","0","0","0","",""
"mutsumi/surprised01","1","PARAM_HAND_R_01_001","已声明","1","1","1","1","1","0–3.233s","0–3.233s"
"mutsumi/surprised01","1","PARAM_HAND_R_02_001","已声明","1","0","0","0","0","",""
"mutsumi/surprised01","1","PARAM_HAND_R_03_001","已声明","1","0","0","0","0","",""
"mutsumi/surprised01","1","PARAM_HAND_R_04_001","已声明","1","0","0","0","0","",""
"mutsumi/surprised01","1","PARAM_HAND_R_05_001","已声明","1","0","0","0","0","",""
"mutsumi/surprised01","1","PARAM_HAND_R_06_001","已声明","1","0","0","0","0","",""
"mutsumi/surprised01","1","PARAM_HAND_R_09_001","已声明","1","0","0","0","0","",""
"mutsumi/surprised02","1","PARAM_HAND_L_01_001","已声明","1","0","0","0","0","",""
"mutsumi/surprised02","1","PARAM_HAND_L_02_001","已声明","1","0","0","0","0","",""
"mutsumi/surprised02","1","PARAM_HAND_L_03_001","已声明","1","0","0","0","0","",""
"mutsumi/surprised02","1","PARAM_HAND_L_04_001","已声明","1","0","0","0","0","",""
"mutsumi/surprised02","1","PARAM_HAND_L_05_001","已声明","107","0","1","0","1","1–3.533s","1–3.533s"
"mutsumi/surprised02","1","PARAM_HAND_L_06_001","已声明","1","0","0","0","0","",""
"mutsumi/surprised02","1","PARAM_HAND_L_07_001","已声明","107","0","1","1","0","0–1s","0–0.967s"
"mutsumi/surprised02","1","PARAM_HAND_R_01_001","已声明","1","0","0","0","0","",""
"mutsumi/surprised02","1","PARAM_HAND_R_02_001","已声明","1","0","0","0","0","",""
"mutsumi/surprised02","1","PARAM_HAND_R_03_001","已声明","1","0","0","0","0","",""
"mutsumi/surprised02","1","PARAM_HAND_R_04_001","已声明","1","0","0","0","0","",""
"mutsumi/surprised02","1","PARAM_HAND_R_05_001","已声明","107","0","1","0","1","1–3.533s","1–3.533s"
"mutsumi/surprised02","1","PARAM_HAND_R_06_001","已声明","1","0","0","0","0","",""
"mutsumi/surprised02","1","PARAM_HAND_R_09_001","已声明","107","0","1","1","0","0–1s","0–0.967s"
"mutsumi/thinking01","1","PARAM_HAND_L_01_001","已声明","1","0","0","0","0","",""
"mutsumi/thinking01","1","PARAM_HAND_L_02_001","已声明","1","0","0","0","0","",""
"mutsumi/thinking01","1","PARAM_HAND_L_03_001","已声明","1","0","0","0","0","",""
"mutsumi/thinking01","1","PARAM_HAND_L_04_001","已声明","1","0","0","0","0","",""
"mutsumi/thinking01","1","PARAM_HAND_L_05_001","已声明","1","0","0","0","0","",""
"mutsumi/thinking01","1","PARAM_HAND_L_06_001","已声明","1","0","0","0","0","",""
"mutsumi/thinking01","1","PARAM_HAND_L_07_001","已声明","1","1","1","1","1","0–4.967s","0–4.967s"
"mutsumi/thinking01","1","PARAM_HAND_R_01_001","已声明","1","0","0","0","0","",""
"mutsumi/thinking01","1","PARAM_HAND_R_02_001","已声明","1","0","0","0","0","",""
"mutsumi/thinking01","1","PARAM_HAND_R_03_001","已声明","1","0","0","0","0","",""
"mutsumi/thinking01","1","PARAM_HAND_R_04_001","已声明","1","0","0","0","0","",""
"mutsumi/thinking01","1","PARAM_HAND_R_05_001","已声明","1","1","1","1","1","0–4.967s","0–4.967s"
"mutsumi/thinking01","1","PARAM_HAND_R_06_001","已声明","1","0","0","0","0","",""
"mutsumi/thinking01","1","PARAM_HAND_R_09_001","已声明","1","0","0","0","0","",""
"nyamu/angry01","1","PARAM_HAND_L_01_001","已声明","1","1","1","1","1","0–3.967s","0–3.967s"
"nyamu/angry01","1","PARAM_HAND_L_02_001","已声明","1","0","0","0","0","",""
"nyamu/angry01","1","PARAM_HAND_L_03_001","已声明","1","0","0","0","0","",""
"nyamu/angry01","1","PARAM_HAND_L_04_001","已声明","1","0","0","0","0","",""
"nyamu/angry01","1","PARAM_HAND_L_05_001","已声明","1","0","0","0","0","",""
"nyamu/angry01","1","PARAM_HAND_L_06_001","已声明","1","0","0","0","0","",""
"nyamu/angry01","1","PARAM_HAND_L_07_001","已声明","1","0","0","0","0","",""
"nyamu/angry01","1","PARAM_HAND_R_01_001","已声明","1","1","1","1","1","0–3.967s","0–3.967s"
"nyamu/angry01","1","PARAM_HAND_R_02_001","已声明","1","0","0","0","0","",""
"nyamu/angry01","1","PARAM_HAND_R_03_001","已声明","1","0","0","0","0","",""
"nyamu/angry01","1","PARAM_HAND_R_04_001","已声明","1","0","0","0","0","",""
"nyamu/angry01","1","PARAM_HAND_R_05_001","已声明","1","0","0","0","0","",""
"nyamu/angry01","1","PARAM_HAND_R_06_001","已声明","1","0","0","0","0","",""
"nyamu/angry01","1","PARAM_HAND_R_09_001","已声明","1","0","0","0","0","",""
"nyamu/bored","1","PARAM_HAND_L_01_001","已声明","1","0","0","0","0","",""
"nyamu/bored","1","PARAM_HAND_L_02_001","已声明","1","1","1","1","1","0–4.667s","0–4.667s"
"nyamu/bored","1","PARAM_HAND_L_03_001","已声明","1","0","0","0","0","",""
"nyamu/bored","1","PARAM_HAND_L_04_001","已声明","1","0","0","0","0","",""
"nyamu/bored","1","PARAM_HAND_L_05_001","已声明","1","0","0","0","0","",""
"nyamu/bored","1","PARAM_HAND_L_06_001","已声明","1","0","0","0","0","",""
"nyamu/bored","1","PARAM_HAND_L_07_001","已声明","1","0","0","0","0","",""
"nyamu/bored","1","PARAM_HAND_R_01_001","已声明","1","0","0","0","0","",""
"nyamu/bored","1","PARAM_HAND_R_02_001","已声明","1","1","1","1","1","0–4.667s","0–4.667s"
"nyamu/bored","1","PARAM_HAND_R_03_001","已声明","1","0","0","0","0","",""
"nyamu/bored","1","PARAM_HAND_R_04_001","已声明","1","0","0","0","0","",""
"nyamu/bored","1","PARAM_HAND_R_05_001","已声明","1","0","0","0","0","",""
"nyamu/bored","1","PARAM_HAND_R_06_001","已声明","1","0","0","0","0","",""
"nyamu/bored","1","PARAM_HAND_R_09_001","已声明","1","0","0","0","0","",""
"nyamu/bow","1","PARAM_HAND_L_01_001","已声明","1","0","0","0","0","",""
"nyamu/bow","1","PARAM_HAND_L_02_001","已声明","1","0","0","0","0","",""
"nyamu/bow","1","PARAM_HAND_L_03_001","已声明","119","0","1","0","1","1.567–3.933s","1.6–3.933s"
"nyamu/bow","1","PARAM_HAND_L_04_001","已声明","119","0","1","1","0","0–1.633s","0–1.567s"
"nyamu/bow","1","PARAM_HAND_L_05_001","已声明","1","0","0","0","0","",""
"nyamu/bow","1","PARAM_HAND_L_06_001","已声明","1","0","0","0","0","",""
"nyamu/bow","1","PARAM_HAND_L_07_001","已声明","1","0","0","0","0","",""
"nyamu/bow","1","PARAM_HAND_R_01_001","已声明","1","1","1","1","1","0–3.933s","0–3.933s"
"nyamu/bow","1","PARAM_HAND_R_02_001","已声明","1","0","0","0","0","",""
"nyamu/bow","1","PARAM_HAND_R_03_001","已声明","1","0","0","0","0","",""
"nyamu/bow","1","PARAM_HAND_R_04_001","已声明","1","0","0","0","0","",""
"nyamu/bow","1","PARAM_HAND_R_05_001","已声明","1","0","0","0","0","",""
"nyamu/bow","1","PARAM_HAND_R_06_001","已声明","1","0","0","0","0","",""
"nyamu/bow","1","PARAM_HAND_R_09_001","已声明","1","0","0","0","0","",""
"nyamu/bye01","1","PARAM_HAND_L_01_001","已声明","1","0","0","0","0","",""
"nyamu/bye01","1","PARAM_HAND_L_02_001","已声明","1","0","0","0","0","",""
"nyamu/bye01","1","PARAM_HAND_L_03_001","已声明","1","0","0","0","0","",""
"nyamu/bye01","1","PARAM_HAND_L_04_001","已声明","1","1","1","1","1","0–3.6s","0–3.6s"
"nyamu/bye01","1","PARAM_HAND_L_05_001","已声明","1","0","0","0","0","",""
"nyamu/bye01","1","PARAM_HAND_L_06_001","已声明","1","0","0","0","0","",""
"nyamu/bye01","1","PARAM_HAND_L_07_001","已声明","1","0","0","0","0","",""
"nyamu/bye01","1","PARAM_HAND_R_01_001","已声明","1","0","0","0","0","",""
"nyamu/bye01","1","PARAM_HAND_R_02_001","已声明","1","0","0","0","0","",""
"nyamu/bye01","1","PARAM_HAND_R_03_001","已声明","1","0","0","0","0","",""
"nyamu/bye01","1","PARAM_HAND_R_04_001","已声明","1","1","1","1","1","0–3.6s","0–3.6s"
"nyamu/bye01","1","PARAM_HAND_R_05_001","已声明","1","0","0","0","0","",""
"nyamu/bye01","1","PARAM_HAND_R_06_001","已声明","1","0","0","0","0","",""
"nyamu/bye01","1","PARAM_HAND_R_09_001","已声明","1","0","0","0","0","",""
"nyamu/cry01","1","PARAM_HAND_L_01_001","已声明","1","1","1","1","1","0–5.6s","0–5.6s"
"nyamu/cry01","1","PARAM_HAND_L_02_001","已声明","1","0","0","0","0","",""
"nyamu/cry01","1","PARAM_HAND_L_03_001","已声明","1","0","0","0","0","",""
"nyamu/cry01","1","PARAM_HAND_L_04_001","已声明","1","0","0","0","0","",""
"nyamu/cry01","1","PARAM_HAND_L_05_001","已声明","1","0","0","0","0","",""
"nyamu/cry01","1","PARAM_HAND_L_06_001","已声明","1","0","0","0","0","",""
"nyamu/cry01","1","PARAM_HAND_L_07_001","已声明","1","0","0","0","0","",""
"nyamu/cry01","1","PARAM_HAND_R_01_001","已声明","1","1","1","1","1","0–5.6s","0–5.6s"
"nyamu/cry01","1","PARAM_HAND_R_02_001","已声明","1","0","0","0","0","",""
"nyamu/cry01","1","PARAM_HAND_R_03_001","已声明","1","0","0","0","0","",""
"nyamu/cry01","1","PARAM_HAND_R_04_001","已声明","1","0","0","0","0","",""
"nyamu/cry01","1","PARAM_HAND_R_05_001","已声明","1","0","0","0","0","",""
"nyamu/cry01","1","PARAM_HAND_R_06_001","已声明","1","0","0","0","0","",""
"nyamu/cry01","1","PARAM_HAND_R_09_001","已声明","1","0","0","0","0","",""
"nyamu/idle01","1","PARAM_HAND_L_01_001","已声明","1","1","1","1","1","0–6.967s","0–6.967s"
"nyamu/idle01","1","PARAM_HAND_L_02_001","已声明","1","0","0","0","0","",""
"nyamu/idle01","1","PARAM_HAND_L_03_001","已声明","1","0","0","0","0","",""
"nyamu/idle01","1","PARAM_HAND_L_04_001","已声明","1","0","0","0","0","",""
"nyamu/idle01","1","PARAM_HAND_L_05_001","已声明","1","0","0","0","0","",""
"nyamu/idle01","1","PARAM_HAND_L_06_001","已声明","1","0","0","0","0","",""
"nyamu/idle01","1","PARAM_HAND_L_07_001","已声明","1","0","0","0","0","",""
"nyamu/idle01","1","PARAM_HAND_R_01_001","已声明","1","1","1","1","1","0–6.967s","0–6.967s"
"nyamu/idle01","1","PARAM_HAND_R_02_001","已声明","1","0","0","0","0","",""
"nyamu/idle01","1","PARAM_HAND_R_03_001","已声明","1","0","0","0","0","",""
"nyamu/idle01","1","PARAM_HAND_R_04_001","已声明","1","0","0","0","0","",""
"nyamu/idle01","1","PARAM_HAND_R_05_001","已声明","1","0","0","0","0","",""
"nyamu/idle01","1","PARAM_HAND_R_06_001","已声明","1","0","0","0","0","",""
"nyamu/idle01","1","PARAM_HAND_R_09_001","已声明","1","0","0","0","0","",""
"nyamu/kime01","1","PARAM_HAND_L_01_001","已声明","1","0","0","0","0","",""
"nyamu/kime01","1","PARAM_HAND_L_02_001","已声明","1","0","0","0","0","",""
"nyamu/kime01","1","PARAM_HAND_L_03_001","已声明","1","0","0","0","0","",""
"nyamu/kime01","1","PARAM_HAND_L_04_001","已声明","1","1","1","1","1","0–4.067s","0–4.067s"
"nyamu/kime01","1","PARAM_HAND_L_05_001","已声明","1","0","0","0","0","",""
"nyamu/kime01","1","PARAM_HAND_L_06_001","已声明","1","0","0","0","0","",""
"nyamu/kime01","1","PARAM_HAND_L_07_001","已声明","1","0","0","0","0","",""
"nyamu/kime01","1","PARAM_HAND_R_01_001","已声明","1","1","1","1","1","0–4.067s","0–4.067s"
"nyamu/kime01","1","PARAM_HAND_R_02_001","已声明","1","0","0","0","0","",""
"nyamu/kime01","1","PARAM_HAND_R_03_001","已声明","1","0","0","0","0","",""
"nyamu/kime01","1","PARAM_HAND_R_04_001","已声明","1","0","0","0","0","",""
"nyamu/kime01","1","PARAM_HAND_R_05_001","已声明","1","0","0","0","0","",""
"nyamu/kime01","1","PARAM_HAND_R_06_001","已声明","1","0","0","0","0","",""
"nyamu/kime01","1","PARAM_HAND_R_09_001","已声明","1","0","0","0","0","",""
"nyamu/kime02","1","PARAM_HAND_L_01_001","已声明","1","0","0","0","0","",""
"nyamu/kime02","1","PARAM_HAND_L_02_001","已声明","1","0","0","0","0","",""
"nyamu/kime02","1","PARAM_HAND_L_03_001","已声明","1","0","0","0","0","",""
"nyamu/kime02","1","PARAM_HAND_L_04_001","已声明","1","0","0","0","0","",""
"nyamu/kime02","1","PARAM_HAND_L_05_001","已声明","1","1","1","1","1","0–4.067s","0–4.067s"
"nyamu/kime02","1","PARAM_HAND_L_06_001","已声明","1","0","0","0","0","",""
"nyamu/kime02","1","PARAM_HAND_L_07_001","已声明","1","0","0","0","0","",""
"nyamu/kime02","1","PARAM_HAND_R_01_001","已声明","1","0","0","0","0","",""
"nyamu/kime02","1","PARAM_HAND_R_02_001","已声明","1","0","0","0","0","",""
"nyamu/kime02","1","PARAM_HAND_R_03_001","已声明","1","0","0","0","0","",""
"nyamu/kime02","1","PARAM_HAND_R_04_001","已声明","1","0","0","0","0","",""
"nyamu/kime02","1","PARAM_HAND_R_05_001","已声明","1","1","1","1","1","0–4.067s","0–4.067s"
"nyamu/kime02","1","PARAM_HAND_R_06_001","已声明","1","0","0","0","0","",""
"nyamu/kime02","1","PARAM_HAND_R_09_001","已声明","1","0","0","0","0","",""
"nyamu/maskoff","1","PARAM_HAND_L_01_001","已声明","1","0","0","0","0","",""
"nyamu/maskoff","1","PARAM_HAND_L_02_001","已声明","1","0","0","0","0","",""
"nyamu/maskoff","1","PARAM_HAND_L_03_001","已声明","1","0","0","0","0","",""
"nyamu/maskoff","1","PARAM_HAND_L_04_001","已声明","129","0","1","0","1","1.333–4.267s","1.367–4.267s"
"nyamu/maskoff","1","PARAM_HAND_L_05_001","已声明","1","0","0","0","0","",""
"nyamu/maskoff","1","PARAM_HAND_L_06_001","已声明","1","0","0","0","0","",""
"nyamu/maskoff","1","PARAM_HAND_L_07_001","已声明","129","0","1","1","0","0–1.367s","0–1.333s"
"nyamu/maskoff","1","PARAM_HAND_R_01_001","已声明","129","0","1","0","1","1.367–4.267s","1.367–4.267s"
"nyamu/maskoff","1","PARAM_HAND_R_02_001","已声明","1","0","0","0","0","",""
"nyamu/maskoff","1","PARAM_HAND_R_03_001","已声明","1","0","0","0","0","",""
"nyamu/maskoff","1","PARAM_HAND_R_04_001","已声明","1","0","0","0","0","",""
"nyamu/maskoff","1","PARAM_HAND_R_05_001","已声明","129","0","1","1","0","0–1.333s","0–1.333s"
"nyamu/maskoff","1","PARAM_HAND_R_06_001","已声明","1","0","0","0","0","",""
"nyamu/maskoff","1","PARAM_HAND_R_09_001","已声明","1","0","0","0","0","",""
"nyamu/maskon/angry01","1","PARAM_HAND_L_01_001","已声明","1","1","1","1","1","0–3.967s","0–3.967s"
"nyamu/maskon/angry01","1","PARAM_HAND_L_02_001","已声明","1","0","0","0","0","",""
"nyamu/maskon/angry01","1","PARAM_HAND_L_03_001","已声明","1","0","0","0","0","",""
"nyamu/maskon/angry01","1","PARAM_HAND_L_04_001","已声明","1","0","0","0","0","",""
"nyamu/maskon/angry01","1","PARAM_HAND_L_05_001","已声明","1","0","0","0","0","",""
"nyamu/maskon/angry01","1","PARAM_HAND_L_06_001","已声明","1","0","0","0","0","",""
"nyamu/maskon/angry01","1","PARAM_HAND_L_07_001","已声明","1","0","0","0","0","",""
"nyamu/maskon/angry01","1","PARAM_HAND_R_01_001","已声明","1","1","1","1","1","0–3.967s","0–3.967s"
"nyamu/maskon/angry01","1","PARAM_HAND_R_02_001","已声明","1","0","0","0","0","",""
"nyamu/maskon/angry01","1","PARAM_HAND_R_03_001","已声明","1","0","0","0","0","",""
"nyamu/maskon/angry01","1","PARAM_HAND_R_04_001","已声明","1","0","0","0","0","",""
"nyamu/maskon/angry01","1","PARAM_HAND_R_05_001","已声明","1","0","0","0","0","",""
"nyamu/maskon/angry01","1","PARAM_HAND_R_06_001","已声明","1","0","0","0","0","",""
"nyamu/maskon/angry01","1","PARAM_HAND_R_09_001","已声明","1","0","0","0","0","",""
"nyamu/maskon/bored","1","PARAM_HAND_L_01_001","已声明","1","0","0","0","0","",""
"nyamu/maskon/bored","1","PARAM_HAND_L_02_001","已声明","1","1","1","1","1","0–4.667s","0–4.667s"
"nyamu/maskon/bored","1","PARAM_HAND_L_03_001","已声明","1","0","0","0","0","",""
"nyamu/maskon/bored","1","PARAM_HAND_L_04_001","已声明","1","0","0","0","0","",""
"nyamu/maskon/bored","1","PARAM_HAND_L_05_001","已声明","1","0","0","0","0","",""
"nyamu/maskon/bored","1","PARAM_HAND_L_06_001","已声明","1","0","0","0","0","",""
"nyamu/maskon/bored","1","PARAM_HAND_L_07_001","已声明","1","0","0","0","0","",""
"nyamu/maskon/bored","1","PARAM_HAND_R_01_001","已声明","1","0","0","0","0","",""
"nyamu/maskon/bored","1","PARAM_HAND_R_02_001","已声明","1","1","1","1","1","0–4.667s","0–4.667s"
"nyamu/maskon/bored","1","PARAM_HAND_R_03_001","已声明","1","0","0","0","0","",""
"nyamu/maskon/bored","1","PARAM_HAND_R_04_001","已声明","1","0","0","0","0","",""
"nyamu/maskon/bored","1","PARAM_HAND_R_05_001","已声明","1","0","0","0","0","",""
"nyamu/maskon/bored","1","PARAM_HAND_R_06_001","已声明","1","0","0","0","0","",""
"nyamu/maskon/bored","1","PARAM_HAND_R_09_001","已声明","1","0","0","0","0","",""
"nyamu/maskon/bow","1","PARAM_HAND_L_01_001","已声明","1","0","0","0","0","",""
"nyamu/maskon/bow","1","PARAM_HAND_L_02_001","已声明","1","0","0","0","0","",""
"nyamu/maskon/bow","1","PARAM_HAND_L_03_001","已声明","119","0","1","0","1","1.567–3.933s","1.6–3.933s"
"nyamu/maskon/bow","1","PARAM_HAND_L_04_001","已声明","119","0","1","1","0","0–1.633s","0–1.567s"
"nyamu/maskon/bow","1","PARAM_HAND_L_05_001","已声明","1","0","0","0","0","",""
"nyamu/maskon/bow","1","PARAM_HAND_L_06_001","已声明","1","0","0","0","0","",""
"nyamu/maskon/bow","1","PARAM_HAND_L_07_001","已声明","1","0","0","0","0","",""
"nyamu/maskon/bow","1","PARAM_HAND_R_01_001","已声明","1","1","1","1","1","0–3.933s","0–3.933s"
"nyamu/maskon/bow","1","PARAM_HAND_R_02_001","已声明","1","0","0","0","0","",""
"nyamu/maskon/bow","1","PARAM_HAND_R_03_001","已声明","1","0","0","0","0","",""
"nyamu/maskon/bow","1","PARAM_HAND_R_04_001","已声明","1","0","0","0","0","",""
"nyamu/maskon/bow","1","PARAM_HAND_R_05_001","已声明","1","0","0","0","0","",""
"nyamu/maskon/bow","1","PARAM_HAND_R_06_001","已声明","1","0","0","0","0","",""
"nyamu/maskon/bow","1","PARAM_HAND_R_09_001","已声明","1","0","0","0","0","",""
"nyamu/maskon/bye01","1","PARAM_HAND_L_01_001","已声明","1","0","0","0","0","",""
"nyamu/maskon/bye01","1","PARAM_HAND_L_02_001","已声明","1","0","0","0","0","",""
"nyamu/maskon/bye01","1","PARAM_HAND_L_03_001","已声明","1","0","0","0","0","",""
"nyamu/maskon/bye01","1","PARAM_HAND_L_04_001","已声明","1","1","1","1","1","0–3.6s","0–3.6s"
"nyamu/maskon/bye01","1","PARAM_HAND_L_05_001","已声明","1","0","0","0","0","",""
"nyamu/maskon/bye01","1","PARAM_HAND_L_06_001","已声明","1","0","0","0","0","",""
"nyamu/maskon/bye01","1","PARAM_HAND_L_07_001","已声明","1","0","0","0","0","",""
"nyamu/maskon/bye01","1","PARAM_HAND_R_01_001","已声明","1","0","0","0","0","",""
"nyamu/maskon/bye01","1","PARAM_HAND_R_02_001","已声明","1","0","0","0","0","",""
"nyamu/maskon/bye01","1","PARAM_HAND_R_03_001","已声明","1","0","0","0","0","",""
"nyamu/maskon/bye01","1","PARAM_HAND_R_04_001","已声明","1","1","1","1","1","0–3.6s","0–3.6s"
"nyamu/maskon/bye01","1","PARAM_HAND_R_05_001","已声明","1","0","0","0","0","",""
"nyamu/maskon/bye01","1","PARAM_HAND_R_06_001","已声明","1","0","0","0","0","",""
"nyamu/maskon/bye01","1","PARAM_HAND_R_09_001","已声明","1","0","0","0","0","",""
"nyamu/maskon/cry01","1","PARAM_HAND_L_01_001","已声明","1","1","1","1","1","0–5.6s","0–5.6s"
"nyamu/maskon/cry01","1","PARAM_HAND_L_02_001","已声明","1","0","0","0","0","",""
"nyamu/maskon/cry01","1","PARAM_HAND_L_03_001","已声明","1","0","0","0","0","",""
"nyamu/maskon/cry01","1","PARAM_HAND_L_04_001","已声明","1","0","0","0","0","",""
"nyamu/maskon/cry01","1","PARAM_HAND_L_05_001","已声明","1","0","0","0","0","",""
"nyamu/maskon/cry01","1","PARAM_HAND_L_06_001","已声明","1","0","0","0","0","",""
"nyamu/maskon/cry01","1","PARAM_HAND_L_07_001","已声明","1","0","0","0","0","",""
"nyamu/maskon/cry01","1","PARAM_HAND_R_01_001","已声明","1","1","1","1","1","0–5.6s","0–5.6s"
"nyamu/maskon/cry01","1","PARAM_HAND_R_02_001","已声明","1","0","0","0","0","",""
"nyamu/maskon/cry01","1","PARAM_HAND_R_03_001","已声明","1","0","0","0","0","",""
"nyamu/maskon/cry01","1","PARAM_HAND_R_04_001","已声明","1","0","0","0","0","",""
"nyamu/maskon/cry01","1","PARAM_HAND_R_05_001","已声明","1","0","0","0","0","",""
"nyamu/maskon/cry01","1","PARAM_HAND_R_06_001","已声明","1","0","0","0","0","",""
"nyamu/maskon/cry01","1","PARAM_HAND_R_09_001","已声明","1","0","0","0","0","",""
"nyamu/maskon/idle01","1","PARAM_HAND_L_01_001","已声明","1","1","1","1","1","0–6.967s","0–6.967s"
"nyamu/maskon/idle01","1","PARAM_HAND_L_02_001","已声明","1","0","0","0","0","",""
"nyamu/maskon/idle01","1","PARAM_HAND_L_03_001","已声明","1","0","0","0","0","",""
"nyamu/maskon/idle01","1","PARAM_HAND_L_04_001","已声明","1","0","0","0","0","",""
"nyamu/maskon/idle01","1","PARAM_HAND_L_05_001","已声明","1","0","0","0","0","",""
"nyamu/maskon/idle01","1","PARAM_HAND_L_06_001","已声明","1","0","0","0","0","",""
"nyamu/maskon/idle01","1","PARAM_HAND_L_07_001","已声明","1","0","0","0","0","",""
"nyamu/maskon/idle01","1","PARAM_HAND_R_01_001","已声明","1","1","1","1","1","0–6.967s","0–6.967s"
"nyamu/maskon/idle01","1","PARAM_HAND_R_02_001","已声明","1","0","0","0","0","",""
"nyamu/maskon/idle01","1","PARAM_HAND_R_03_001","已声明","1","0","0","0","0","",""
"nyamu/maskon/idle01","1","PARAM_HAND_R_04_001","已声明","1","0","0","0","0","",""
"nyamu/maskon/idle01","1","PARAM_HAND_R_05_001","已声明","1","0","0","0","0","",""
"nyamu/maskon/idle01","1","PARAM_HAND_R_06_001","已声明","1","0","0","0","0","",""
"nyamu/maskon/idle01","1","PARAM_HAND_R_09_001","已声明","1","0","0","0","0","",""
"nyamu/maskon/kime01","1","PARAM_HAND_L_01_001","已声明","1","0","0","0","0","",""
"nyamu/maskon/kime01","1","PARAM_HAND_L_02_001","已声明","1","0","0","0","0","",""
"nyamu/maskon/kime01","1","PARAM_HAND_L_03_001","已声明","1","0","0","0","0","",""
"nyamu/maskon/kime01","1","PARAM_HAND_L_04_001","已声明","1","1","1","1","1","0–4.067s","0–4.067s"
"nyamu/maskon/kime01","1","PARAM_HAND_L_05_001","已声明","1","0","0","0","0","",""
"nyamu/maskon/kime01","1","PARAM_HAND_L_06_001","已声明","1","0","0","0","0","",""
"nyamu/maskon/kime01","1","PARAM_HAND_L_07_001","已声明","1","0","0","0","0","",""
"nyamu/maskon/kime01","1","PARAM_HAND_R_01_001","已声明","1","1","1","1","1","0–4.067s","0–4.067s"
"nyamu/maskon/kime01","1","PARAM_HAND_R_02_001","已声明","1","0","0","0","0","",""
"nyamu/maskon/kime01","1","PARAM_HAND_R_03_001","已声明","1","0","0","0","0","",""
"nyamu/maskon/kime01","1","PARAM_HAND_R_04_001","已声明","1","0","0","0","0","",""
"nyamu/maskon/kime01","1","PARAM_HAND_R_05_001","已声明","1","0","0","0","0","",""
"nyamu/maskon/kime01","1","PARAM_HAND_R_06_001","已声明","1","0","0","0","0","",""
"nyamu/maskon/kime01","1","PARAM_HAND_R_09_001","已声明","1","0","0","0","0","",""
"nyamu/maskon/kime02","1","PARAM_HAND_L_01_001","已声明","1","0","0","0","0","",""
"nyamu/maskon/kime02","1","PARAM_HAND_L_02_001","已声明","1","0","0","0","0","",""
"nyamu/maskon/kime02","1","PARAM_HAND_L_03_001","已声明","1","0","0","0","0","",""
"nyamu/maskon/kime02","1","PARAM_HAND_L_04_001","已声明","1","0","0","0","0","",""
"nyamu/maskon/kime02","1","PARAM_HAND_L_05_001","已声明","1","1","1","1","1","0–4.067s","0–4.067s"
"nyamu/maskon/kime02","1","PARAM_HAND_L_06_001","已声明","1","0","0","0","0","",""
"nyamu/maskon/kime02","1","PARAM_HAND_L_07_001","已声明","1","0","0","0","0","",""
"nyamu/maskon/kime02","1","PARAM_HAND_R_01_001","已声明","1","0","0","0","0","",""
"nyamu/maskon/kime02","1","PARAM_HAND_R_02_001","已声明","1","0","0","0","0","",""
"nyamu/maskon/kime02","1","PARAM_HAND_R_03_001","已声明","1","0","0","0","0","",""
"nyamu/maskon/kime02","1","PARAM_HAND_R_04_001","已声明","1","0","0","0","0","",""
"nyamu/maskon/kime02","1","PARAM_HAND_R_05_001","已声明","1","1","1","1","1","0–4.067s","0–4.067s"
"nyamu/maskon/kime02","1","PARAM_HAND_R_06_001","已声明","1","0","0","0","0","",""
"nyamu/maskon/kime02","1","PARAM_HAND_R_09_001","已声明","1","0","0","0","0","",""
"nyamu/maskon/nf_left01","1","PARAM_HAND_L_01_001","已声明","1","1","1","1","1","0–4.5s","0–4.5s"
"nyamu/maskon/nf_left01","1","PARAM_HAND_L_02_001","已声明","1","0","0","0","0","",""
"nyamu/maskon/nf_left01","1","PARAM_HAND_L_03_001","已声明","1","0","0","0","0","",""
"nyamu/maskon/nf_left01","1","PARAM_HAND_L_04_001","已声明","1","0","0","0","0","",""
"nyamu/maskon/nf_left01","1","PARAM_HAND_L_05_001","已声明","1","0","0","0","0","",""
"nyamu/maskon/nf_left01","1","PARAM_HAND_L_06_001","已声明","1","0","0","0","0","",""
"nyamu/maskon/nf_left01","1","PARAM_HAND_L_07_001","已声明","1","0","0","0","0","",""
"nyamu/maskon/nf_left01","1","PARAM_HAND_R_01_001","已声明","1","1","1","1","1","0–4.5s","0–4.5s"
"nyamu/maskon/nf_left01","1","PARAM_HAND_R_02_001","已声明","1","0","0","0","0","",""
"nyamu/maskon/nf_left01","1","PARAM_HAND_R_03_001","已声明","1","0","0","0","0","",""
"nyamu/maskon/nf_left01","1","PARAM_HAND_R_04_001","已声明","1","0","0","0","0","",""
"nyamu/maskon/nf_left01","1","PARAM_HAND_R_05_001","已声明","1","0","0","0","0","",""
"nyamu/maskon/nf_left01","1","PARAM_HAND_R_06_001","已声明","1","0","0","0","0","",""
"nyamu/maskon/nf_left01","1","PARAM_HAND_R_09_001","已声明","1","0","0","0","0","",""
"nyamu/maskon/nf_right01","1","PARAM_HAND_L_01_001","已声明","1","1","1","1","1","0–4.433s","0–4.433s"
"nyamu/maskon/nf_right01","1","PARAM_HAND_L_02_001","已声明","1","0","0","0","0","",""
"nyamu/maskon/nf_right01","1","PARAM_HAND_L_03_001","已声明","1","0","0","0","0","",""
"nyamu/maskon/nf_right01","1","PARAM_HAND_L_04_001","已声明","1","0","0","0","0","",""
"nyamu/maskon/nf_right01","1","PARAM_HAND_L_05_001","已声明","1","0","0","0","0","",""
"nyamu/maskon/nf_right01","1","PARAM_HAND_L_06_001","已声明","1","0","0","0","0","",""
"nyamu/maskon/nf_right01","1","PARAM_HAND_L_07_001","已声明","1","0","0","0","0","",""
"nyamu/maskon/nf_right01","1","PARAM_HAND_R_01_001","已声明","1","1","1","1","1","0–4.433s","0–4.433s"
"nyamu/maskon/nf_right01","1","PARAM_HAND_R_02_001","已声明","1","0","0","0","0","",""
"nyamu/maskon/nf_right01","1","PARAM_HAND_R_03_001","已声明","1","0","0","0","0","",""
"nyamu/maskon/nf_right01","1","PARAM_HAND_R_04_001","已声明","1","0","0","0","0","",""
"nyamu/maskon/nf_right01","1","PARAM_HAND_R_05_001","已声明","1","0","0","0","0","",""
"nyamu/maskon/nf_right01","1","PARAM_HAND_R_06_001","已声明","1","0","0","0","0","",""
"nyamu/maskon/nf_right01","1","PARAM_HAND_R_09_001","已声明","1","0","0","0","0","",""
"nyamu/maskon/nf01","1","PARAM_HAND_L_01_001","已声明","1","1","1","1","1","0–3.3s","0–3.3s"
"nyamu/maskon/nf01","1","PARAM_HAND_L_02_001","已声明","1","0","0","0","0","",""
"nyamu/maskon/nf01","1","PARAM_HAND_L_03_001","已声明","1","0","0","0","0","",""
"nyamu/maskon/nf01","1","PARAM_HAND_L_04_001","已声明","1","0","0","0","0","",""
"nyamu/maskon/nf01","1","PARAM_HAND_L_05_001","已声明","1","0","0","0","0","",""
"nyamu/maskon/nf01","1","PARAM_HAND_L_06_001","已声明","1","0","0","0","0","",""
"nyamu/maskon/nf01","1","PARAM_HAND_L_07_001","已声明","1","0","0","0","0","",""
"nyamu/maskon/nf01","1","PARAM_HAND_R_01_001","已声明","1","0","0","0","0","",""
"nyamu/maskon/nf01","1","PARAM_HAND_R_02_001","已声明","1","0","0","0","0","",""
"nyamu/maskon/nf01","1","PARAM_HAND_R_03_001","已声明","1","0","0","0","0","",""
"nyamu/maskon/nf01","1","PARAM_HAND_R_04_001","已声明","1","0","0","0","0","",""
"nyamu/maskon/nf01","1","PARAM_HAND_R_05_001","已声明","1","0","0","0","0","",""
"nyamu/maskon/nf01","1","PARAM_HAND_R_06_001","已声明","1","0","0","0","0","",""
"nyamu/maskon/nf01","1","PARAM_HAND_R_09_001","已声明","1","1","1","1","1","0–3.3s","0–3.3s"
"nyamu/maskon/nf02","1","PARAM_HAND_L_01_001","已声明","1","1","1","1","1","0–2.967s","0–2.967s"
"nyamu/maskon/nf02","1","PARAM_HAND_L_02_001","已声明","1","0","0","0","0","",""
"nyamu/maskon/nf02","1","PARAM_HAND_L_03_001","已声明","1","0","0","0","0","",""
"nyamu/maskon/nf02","1","PARAM_HAND_L_04_001","已声明","1","0","0","0","0","",""
"nyamu/maskon/nf02","1","PARAM_HAND_L_05_001","已声明","1","0","0","0","0","",""
"nyamu/maskon/nf02","1","PARAM_HAND_L_06_001","已声明","1","0","0","0","0","",""
"nyamu/maskon/nf02","1","PARAM_HAND_L_07_001","已声明","1","0","0","0","0","",""
"nyamu/maskon/nf02","1","PARAM_HAND_R_01_001","已声明","1","1","1","1","1","0–2.967s","0–2.967s"
"nyamu/maskon/nf02","1","PARAM_HAND_R_02_001","已声明","1","0","0","0","0","",""
"nyamu/maskon/nf02","1","PARAM_HAND_R_03_001","已声明","1","0","0","0","0","",""
"nyamu/maskon/nf02","1","PARAM_HAND_R_04_001","已声明","1","0","0","0","0","",""
"nyamu/maskon/nf02","1","PARAM_HAND_R_05_001","已声明","1","0","0","0","0","",""
"nyamu/maskon/nf02","1","PARAM_HAND_R_06_001","已声明","1","0","0","0","0","",""
"nyamu/maskon/nf02","1","PARAM_HAND_R_09_001","已声明","1","0","0","0","0","",""
"nyamu/maskon/nf03","1","PARAM_HAND_L_01_001","已声明","1","0","0","0","0","",""
"nyamu/maskon/nf03","1","PARAM_HAND_L_02_001","已声明","1","0","0","0","0","",""
"nyamu/maskon/nf03","1","PARAM_HAND_L_03_001","已声明","1","0","0","0","0","",""
"nyamu/maskon/nf03","1","PARAM_HAND_L_04_001","已声明","1","0","0","0","0","",""
"nyamu/maskon/nf03","1","PARAM_HAND_L_05_001","已声明","1","0","0","0","0","",""
"nyamu/maskon/nf03","1","PARAM_HAND_L_06_001","已声明","1","0","0","0","0","",""
"nyamu/maskon/nf03","1","PARAM_HAND_L_07_001","已声明","1","1","1","1","1","0–4.633s","0–4.633s"
"nyamu/maskon/nf03","1","PARAM_HAND_R_01_001","已声明","1","1","1","1","1","0–4.633s","0–4.633s"
"nyamu/maskon/nf03","1","PARAM_HAND_R_02_001","已声明","1","0","0","0","0","",""
"nyamu/maskon/nf03","1","PARAM_HAND_R_03_001","已声明","1","0","0","0","0","",""
"nyamu/maskon/nf03","1","PARAM_HAND_R_04_001","已声明","1","0","0","0","0","",""
"nyamu/maskon/nf03","1","PARAM_HAND_R_05_001","已声明","1","0","0","0","0","",""
"nyamu/maskon/nf03","1","PARAM_HAND_R_06_001","已声明","1","0","0","0","0","",""
"nyamu/maskon/nf03","1","PARAM_HAND_R_09_001","已声明","1","0","0","0","0","",""
"nyamu/maskon/nf04","1","PARAM_HAND_L_01_001","已声明","1","1","1","1","1","0–3.3s","0–3.3s"
"nyamu/maskon/nf04","1","PARAM_HAND_L_02_001","已声明","1","0","0","0","0","",""
"nyamu/maskon/nf04","1","PARAM_HAND_L_03_001","已声明","1","0","0","0","0","",""
"nyamu/maskon/nf04","1","PARAM_HAND_L_04_001","已声明","1","0","0","0","0","",""
"nyamu/maskon/nf04","1","PARAM_HAND_L_05_001","已声明","1","0","0","0","0","",""
"nyamu/maskon/nf04","1","PARAM_HAND_L_06_001","已声明","1","0","0","0","0","",""
"nyamu/maskon/nf04","1","PARAM_HAND_L_07_001","已声明","1","0","0","0","0","",""
"nyamu/maskon/nf04","1","PARAM_HAND_R_01_001","已声明","1","1","1","1","1","0–3.3s","0–3.3s"
"nyamu/maskon/nf04","1","PARAM_HAND_R_02_001","已声明","1","0","0","0","0","",""
"nyamu/maskon/nf04","1","PARAM_HAND_R_03_001","已声明","1","0","0","0","0","",""
"nyamu/maskon/nf04","1","PARAM_HAND_R_04_001","已声明","1","0","0","0","0","",""
"nyamu/maskon/nf04","1","PARAM_HAND_R_05_001","已声明","1","0","0","0","0","",""
"nyamu/maskon/nf04","1","PARAM_HAND_R_06_001","已声明","1","0","0","0","0","",""
"nyamu/maskon/nf04","1","PARAM_HAND_R_09_001","已声明","1","0","0","0","0","",""
"nyamu/maskon/nf05","1","PARAM_HAND_L_01_001","已声明","1","1","1","1","1","0–3.9s","0–3.9s"
"nyamu/maskon/nf05","1","PARAM_HAND_L_02_001","已声明","1","0","0","0","0","",""
"nyamu/maskon/nf05","1","PARAM_HAND_L_03_001","已声明","1","0","0","0","0","",""
"nyamu/maskon/nf05","1","PARAM_HAND_L_04_001","已声明","1","0","0","0","0","",""
"nyamu/maskon/nf05","1","PARAM_HAND_L_05_001","已声明","1","0","0","0","0","",""
"nyamu/maskon/nf05","1","PARAM_HAND_L_06_001","已声明","1","0","0","0","0","",""
"nyamu/maskon/nf05","1","PARAM_HAND_L_07_001","已声明","1","0","0","0","0","",""
"nyamu/maskon/nf05","1","PARAM_HAND_R_01_001","已声明","1","0","0","0","0","",""
"nyamu/maskon/nf05","1","PARAM_HAND_R_02_001","已声明","1","1","1","1","1","0–3.9s","0–3.9s"
"nyamu/maskon/nf05","1","PARAM_HAND_R_03_001","已声明","1","0","0","0","0","",""
"nyamu/maskon/nf05","1","PARAM_HAND_R_04_001","已声明","1","0","0","0","0","",""
"nyamu/maskon/nf05","1","PARAM_HAND_R_05_001","已声明","1","0","0","0","0","",""
"nyamu/maskon/nf05","1","PARAM_HAND_R_06_001","已声明","1","0","0","0","0","",""
"nyamu/maskon/nf05","1","PARAM_HAND_R_09_001","已声明","1","0","0","0","0","",""
"nyamu/maskon/niyake","1","PARAM_HAND_L_01_001","已声明","1","0","0","0","0","",""
"nyamu/maskon/niyake","1","PARAM_HAND_L_02_001","已声明","107","0","1","0","1","0.933–3.533s","0.933–3.533s"
"nyamu/maskon/niyake","1","PARAM_HAND_L_03_001","已声明","1","0","0","0","0","",""
"nyamu/maskon/niyake","1","PARAM_HAND_L_04_001","已声明","1","0","0","0","0","",""
"nyamu/maskon/niyake","1","PARAM_HAND_L_05_001","已声明","107","0","1","1","0","0–0.933s","0–0.9s"
"nyamu/maskon/niyake","1","PARAM_HAND_L_06_001","已声明","1","0","0","0","0","",""
"nyamu/maskon/niyake","1","PARAM_HAND_L_07_001","已声明","1","0","0","0","0","",""
"nyamu/maskon/niyake","1","PARAM_HAND_R_01_001","已声明","1","0","0","0","0","",""
"nyamu/maskon/niyake","1","PARAM_HAND_R_02_001","已声明","1","1","1","1","1","0–3.533s","0–3.533s"
"nyamu/maskon/niyake","1","PARAM_HAND_R_03_001","已声明","1","0","0","0","0","",""
"nyamu/maskon/niyake","1","PARAM_HAND_R_04_001","已声明","1","0","0","0","0","",""
"nyamu/maskon/niyake","1","PARAM_HAND_R_05_001","已声明","1","0","0","0","0","",""
"nyamu/maskon/niyake","1","PARAM_HAND_R_06_001","已声明","1","0","0","0","0","",""
"nyamu/maskon/niyake","1","PARAM_HAND_R_09_001","已声明","1","0","0","0","0","",""
"nyamu/maskon/nnf_left01","1","PARAM_HAND_L_01_001","已声明","1","1","1","1","1","0–4.5s","0–4.5s"
"nyamu/maskon/nnf_left01","1","PARAM_HAND_L_02_001","已声明","1","0","0","0","0","",""
"nyamu/maskon/nnf_left01","1","PARAM_HAND_L_03_001","已声明","1","0","0","0","0","",""
"nyamu/maskon/nnf_left01","1","PARAM_HAND_L_04_001","已声明","1","0","0","0","0","",""
"nyamu/maskon/nnf_left01","1","PARAM_HAND_L_05_001","已声明","1","0","0","0","0","",""
"nyamu/maskon/nnf_left01","1","PARAM_HAND_L_06_001","已声明","1","0","0","0","0","",""
"nyamu/maskon/nnf_left01","1","PARAM_HAND_L_07_001","已声明","1","0","0","0","0","",""
"nyamu/maskon/nnf_left01","1","PARAM_HAND_R_01_001","已声明","1","1","1","1","1","0–4.5s","0–4.5s"
"nyamu/maskon/nnf_left01","1","PARAM_HAND_R_02_001","已声明","1","0","0","0","0","",""
"nyamu/maskon/nnf_left01","1","PARAM_HAND_R_03_001","已声明","1","0","0","0","0","",""
"nyamu/maskon/nnf_left01","1","PARAM_HAND_R_04_001","已声明","1","0","0","0","0","",""
"nyamu/maskon/nnf_left01","1","PARAM_HAND_R_05_001","已声明","1","0","0","0","0","",""
"nyamu/maskon/nnf_left01","1","PARAM_HAND_R_06_001","已声明","1","0","0","0","0","",""
"nyamu/maskon/nnf_left01","1","PARAM_HAND_R_09_001","已声明","1","0","0","0","0","",""
"nyamu/maskon/nnf_right01","1","PARAM_HAND_L_01_001","已声明","1","1","1","1","1","0–4.433s","0–4.433s"
"nyamu/maskon/nnf_right01","1","PARAM_HAND_L_02_001","已声明","1","0","0","0","0","",""
"nyamu/maskon/nnf_right01","1","PARAM_HAND_L_03_001","已声明","1","0","0","0","0","",""
"nyamu/maskon/nnf_right01","1","PARAM_HAND_L_04_001","已声明","1","0","0","0","0","",""
"nyamu/maskon/nnf_right01","1","PARAM_HAND_L_05_001","已声明","1","0","0","0","0","",""
"nyamu/maskon/nnf_right01","1","PARAM_HAND_L_06_001","已声明","1","0","0","0","0","",""
"nyamu/maskon/nnf_right01","1","PARAM_HAND_L_07_001","已声明","1","0","0","0","0","",""
"nyamu/maskon/nnf_right01","1","PARAM_HAND_R_01_001","已声明","1","1","1","1","1","0–4.433s","0–4.433s"
"nyamu/maskon/nnf_right01","1","PARAM_HAND_R_02_001","已声明","1","0","0","0","0","",""
"nyamu/maskon/nnf_right01","1","PARAM_HAND_R_03_001","已声明","1","0","0","0","0","",""
"nyamu/maskon/nnf_right01","1","PARAM_HAND_R_04_001","已声明","1","0","0","0","0","",""
"nyamu/maskon/nnf_right01","1","PARAM_HAND_R_05_001","已声明","1","0","0","0","0","",""
"nyamu/maskon/nnf_right01","1","PARAM_HAND_R_06_001","已声明","1","0","0","0","0","",""
"nyamu/maskon/nnf_right01","1","PARAM_HAND_R_09_001","已声明","1","0","0","0","0","",""
"nyamu/maskon/nnf01","1","PARAM_HAND_L_01_001","已声明","1","1","1","1","1","0–3.3s","0–3.3s"
"nyamu/maskon/nnf01","1","PARAM_HAND_L_02_001","已声明","1","0","0","0","0","",""
"nyamu/maskon/nnf01","1","PARAM_HAND_L_03_001","已声明","1","0","0","0","0","",""
"nyamu/maskon/nnf01","1","PARAM_HAND_L_04_001","已声明","1","0","0","0","0","",""
"nyamu/maskon/nnf01","1","PARAM_HAND_L_05_001","已声明","1","0","0","0","0","",""
"nyamu/maskon/nnf01","1","PARAM_HAND_L_06_001","已声明","1","0","0","0","0","",""
"nyamu/maskon/nnf01","1","PARAM_HAND_L_07_001","已声明","1","0","0","0","0","",""
"nyamu/maskon/nnf01","1","PARAM_HAND_R_01_001","已声明","1","0","0","0","0","",""
"nyamu/maskon/nnf01","1","PARAM_HAND_R_02_001","已声明","1","0","0","0","0","",""
"nyamu/maskon/nnf01","1","PARAM_HAND_R_03_001","已声明","1","0","0","0","0","",""
"nyamu/maskon/nnf01","1","PARAM_HAND_R_04_001","已声明","1","0","0","0","0","",""
"nyamu/maskon/nnf01","1","PARAM_HAND_R_05_001","已声明","1","0","0","0","0","",""
"nyamu/maskon/nnf01","1","PARAM_HAND_R_06_001","已声明","1","0","0","0","0","",""
"nyamu/maskon/nnf01","1","PARAM_HAND_R_09_001","已声明","1","1","1","1","1","0–3.3s","0–3.3s"
"nyamu/maskon/nnf02","1","PARAM_HAND_L_01_001","已声明","1","1","1","1","1","0–2.967s","0–2.967s"
"nyamu/maskon/nnf02","1","PARAM_HAND_L_02_001","已声明","1","0","0","0","0","",""
"nyamu/maskon/nnf02","1","PARAM_HAND_L_03_001","已声明","1","0","0","0","0","",""
"nyamu/maskon/nnf02","1","PARAM_HAND_L_04_001","已声明","1","0","0","0","0","",""
"nyamu/maskon/nnf02","1","PARAM_HAND_L_05_001","已声明","1","0","0","0","0","",""
"nyamu/maskon/nnf02","1","PARAM_HAND_L_06_001","已声明","1","0","0","0","0","",""
"nyamu/maskon/nnf02","1","PARAM_HAND_L_07_001","已声明","1","0","0","0","0","",""
"nyamu/maskon/nnf02","1","PARAM_HAND_R_01_001","已声明","1","1","1","1","1","0–2.967s","0–2.967s"
"nyamu/maskon/nnf02","1","PARAM_HAND_R_02_001","已声明","1","0","0","0","0","",""
"nyamu/maskon/nnf02","1","PARAM_HAND_R_03_001","已声明","1","0","0","0","0","",""
"nyamu/maskon/nnf02","1","PARAM_HAND_R_04_001","已声明","1","0","0","0","0","",""
"nyamu/maskon/nnf02","1","PARAM_HAND_R_05_001","已声明","1","0","0","0","0","",""
"nyamu/maskon/nnf02","1","PARAM_HAND_R_06_001","已声明","1","0","0","0","0","",""
"nyamu/maskon/nnf02","1","PARAM_HAND_R_09_001","已声明","1","0","0","0","0","",""
"nyamu/maskon/nnf03","1","PARAM_HAND_L_01_001","已声明","1","0","0","0","0","",""
"nyamu/maskon/nnf03","1","PARAM_HAND_L_02_001","已声明","1","0","0","0","0","",""
"nyamu/maskon/nnf03","1","PARAM_HAND_L_03_001","已声明","1","0","0","0","0","",""
"nyamu/maskon/nnf03","1","PARAM_HAND_L_04_001","已声明","1","0","0","0","0","",""
"nyamu/maskon/nnf03","1","PARAM_HAND_L_05_001","已声明","1","0","0","0","0","",""
"nyamu/maskon/nnf03","1","PARAM_HAND_L_06_001","已声明","1","0","0","0","0","",""
"nyamu/maskon/nnf03","1","PARAM_HAND_L_07_001","已声明","1","1","1","1","1","0–4.633s","0–4.633s"
"nyamu/maskon/nnf03","1","PARAM_HAND_R_01_001","已声明","1","1","1","1","1","0–4.633s","0–4.633s"
"nyamu/maskon/nnf03","1","PARAM_HAND_R_02_001","已声明","1","0","0","0","0","",""
"nyamu/maskon/nnf03","1","PARAM_HAND_R_03_001","已声明","1","0","0","0","0","",""
"nyamu/maskon/nnf03","1","PARAM_HAND_R_04_001","已声明","1","0","0","0","0","",""
"nyamu/maskon/nnf03","1","PARAM_HAND_R_05_001","已声明","1","0","0","0","0","",""
"nyamu/maskon/nnf03","1","PARAM_HAND_R_06_001","已声明","1","0","0","0","0","",""
"nyamu/maskon/nnf03","1","PARAM_HAND_R_09_001","已声明","1","0","0","0","0","",""
"nyamu/maskon/nnf04","1","PARAM_HAND_L_01_001","已声明","1","1","1","1","1","0–3.3s","0–3.3s"
"nyamu/maskon/nnf04","1","PARAM_HAND_L_02_001","已声明","1","0","0","0","0","",""
"nyamu/maskon/nnf04","1","PARAM_HAND_L_03_001","已声明","1","0","0","0","0","",""
"nyamu/maskon/nnf04","1","PARAM_HAND_L_04_001","已声明","1","0","0","0","0","",""
"nyamu/maskon/nnf04","1","PARAM_HAND_L_05_001","已声明","1","0","0","0","0","",""
"nyamu/maskon/nnf04","1","PARAM_HAND_L_06_001","已声明","1","0","0","0","0","",""
"nyamu/maskon/nnf04","1","PARAM_HAND_L_07_001","已声明","1","0","0","0","0","",""
"nyamu/maskon/nnf04","1","PARAM_HAND_R_01_001","已声明","1","1","1","1","1","0–3.3s","0–3.3s"
"nyamu/maskon/nnf04","1","PARAM_HAND_R_02_001","已声明","1","0","0","0","0","",""
"nyamu/maskon/nnf04","1","PARAM_HAND_R_03_001","已声明","1","0","0","0","0","",""
"nyamu/maskon/nnf04","1","PARAM_HAND_R_04_001","已声明","1","0","0","0","0","",""
"nyamu/maskon/nnf04","1","PARAM_HAND_R_05_001","已声明","1","0","0","0","0","",""
"nyamu/maskon/nnf04","1","PARAM_HAND_R_06_001","已声明","1","0","0","0","0","",""
"nyamu/maskon/nnf04","1","PARAM_HAND_R_09_001","已声明","1","0","0","0","0","",""
"nyamu/maskon/nnf05","1","PARAM_HAND_L_01_001","已声明","1","1","1","1","1","0–3.9s","0–3.9s"
"nyamu/maskon/nnf05","1","PARAM_HAND_L_02_001","已声明","1","0","0","0","0","",""
"nyamu/maskon/nnf05","1","PARAM_HAND_L_03_001","已声明","1","0","0","0","0","",""
"nyamu/maskon/nnf05","1","PARAM_HAND_L_04_001","已声明","1","0","0","0","0","",""
"nyamu/maskon/nnf05","1","PARAM_HAND_L_05_001","已声明","1","0","0","0","0","",""
"nyamu/maskon/nnf05","1","PARAM_HAND_L_06_001","已声明","1","0","0","0","0","",""
"nyamu/maskon/nnf05","1","PARAM_HAND_L_07_001","已声明","1","0","0","0","0","",""
"nyamu/maskon/nnf05","1","PARAM_HAND_R_01_001","已声明","1","0","0","0","0","",""
"nyamu/maskon/nnf05","1","PARAM_HAND_R_02_001","已声明","1","1","1","1","1","0–3.9s","0–3.9s"
"nyamu/maskon/nnf05","1","PARAM_HAND_R_03_001","已声明","1","0","0","0","0","",""
"nyamu/maskon/nnf05","1","PARAM_HAND_R_04_001","已声明","1","0","0","0","0","",""
"nyamu/maskon/nnf05","1","PARAM_HAND_R_05_001","已声明","1","0","0","0","0","",""
"nyamu/maskon/nnf05","1","PARAM_HAND_R_06_001","已声明","1","0","0","0","0","",""
"nyamu/maskon/nnf05","1","PARAM_HAND_R_09_001","已声明","1","0","0","0","0","",""
"nyamu/maskon/sad01","1","PARAM_HAND_L_01_001","已声明","1","1","1","1","1","0–4.333s","0–4.333s"
"nyamu/maskon/sad01","1","PARAM_HAND_L_02_001","已声明","1","0","0","0","0","",""
"nyamu/maskon/sad01","1","PARAM_HAND_L_03_001","已声明","1","0","0","0","0","",""
"nyamu/maskon/sad01","1","PARAM_HAND_L_04_001","已声明","1","0","0","0","0","",""
"nyamu/maskon/sad01","1","PARAM_HAND_L_05_001","已声明","1","0","0","0","0","",""
"nyamu/maskon/sad01","1","PARAM_HAND_L_06_001","已声明","1","0","0","0","0","",""
"nyamu/maskon/sad01","1","PARAM_HAND_L_07_001","已声明","1","0","0","0","0","",""
"nyamu/maskon/sad01","1","PARAM_HAND_R_01_001","已声明","1","0","0","0","0","",""
"nyamu/maskon/sad01","1","PARAM_HAND_R_02_001","已声明","1","0","0","0","0","",""
"nyamu/maskon/sad01","1","PARAM_HAND_R_03_001","已声明","1","0","0","0","0","",""
"nyamu/maskon/sad01","1","PARAM_HAND_R_04_001","已声明","1","0","0","0","0","",""
"nyamu/maskon/sad01","1","PARAM_HAND_R_05_001","已声明","1","1","1","1","1","0–4.333s","0–4.333s"
"nyamu/maskon/sad01","1","PARAM_HAND_R_06_001","已声明","1","0","0","0","0","",""
"nyamu/maskon/sad01","1","PARAM_HAND_R_09_001","已声明","1","0","0","0","0","",""
"nyamu/maskon/serious01","1","PARAM_HAND_L_01_001","已声明","1","1","1","1","1","0–3.967s","0–3.967s"
"nyamu/maskon/serious01","1","PARAM_HAND_L_02_001","已声明","1","0","0","0","0","",""
"nyamu/maskon/serious01","1","PARAM_HAND_L_03_001","已声明","1","0","0","0","0","",""
"nyamu/maskon/serious01","1","PARAM_HAND_L_04_001","已声明","1","0","0","0","0","",""
"nyamu/maskon/serious01","1","PARAM_HAND_L_05_001","已声明","1","0","0","0","0","",""
"nyamu/maskon/serious01","1","PARAM_HAND_L_06_001","已声明","1","0","0","0","0","",""
"nyamu/maskon/serious01","1","PARAM_HAND_L_07_001","已声明","1","0","0","0","0","",""
"nyamu/maskon/serious01","1","PARAM_HAND_R_01_001","已声明","1","1","1","1","1","0–3.967s","0–3.967s"
"nyamu/maskon/serious01","1","PARAM_HAND_R_02_001","已声明","1","0","0","0","0","",""
"nyamu/maskon/serious01","1","PARAM_HAND_R_03_001","已声明","1","0","0","0","0","",""
"nyamu/maskon/serious01","1","PARAM_HAND_R_04_001","已声明","1","0","0","0","0","",""
"nyamu/maskon/serious01","1","PARAM_HAND_R_05_001","已声明","1","0","0","0","0","",""
"nyamu/maskon/serious01","1","PARAM_HAND_R_06_001","已声明","1","0","0","0","0","",""
"nyamu/maskon/serious01","1","PARAM_HAND_R_09_001","已声明","1","0","0","0","0","",""
"nyamu/maskon/smile01","1","PARAM_HAND_L_01_001","已声明","1","0","0","0","0","",""
"nyamu/maskon/smile01","1","PARAM_HAND_L_02_001","已声明","1","0","0","0","0","",""
"nyamu/maskon/smile01","1","PARAM_HAND_L_03_001","已声明","1","0","0","0","0","",""
"nyamu/maskon/smile01","1","PARAM_HAND_L_04_001","已声明","1","0","0","0","0","",""
"nyamu/maskon/smile01","1","PARAM_HAND_L_05_001","已声明","1","0","0","0","0","",""
"nyamu/maskon/smile01","1","PARAM_HAND_L_06_001","已声明","1","1","1","1","1","0–3.5s","0–3.5s"
"nyamu/maskon/smile01","1","PARAM_HAND_L_07_001","已声明","1","0","0","0","0","",""
"nyamu/maskon/smile01","1","PARAM_HAND_R_01_001","已声明","1","0","0","0","0","",""
"nyamu/maskon/smile01","1","PARAM_HAND_R_02_001","已声明","1","0","0","0","0","",""
"nyamu/maskon/smile01","1","PARAM_HAND_R_03_001","已声明","1","0","0","0","0","",""
"nyamu/maskon/smile01","1","PARAM_HAND_R_04_001","已声明","1","0","0","0","0","",""
"nyamu/maskon/smile01","1","PARAM_HAND_R_05_001","已声明","1","0","0","0","0","",""
"nyamu/maskon/smile01","1","PARAM_HAND_R_06_001","已声明","1","1","1","1","1","0–3.5s","0–3.5s"
"nyamu/maskon/smile01","1","PARAM_HAND_R_09_001","已声明","1","0","0","0","0","",""
"nyamu/maskon/smile02","1","PARAM_HAND_L_01_001","已声明","1","0","0","0","0","",""
"nyamu/maskon/smile02","1","PARAM_HAND_L_02_001","已声明","1","0","0","0","0","",""
"nyamu/maskon/smile02","1","PARAM_HAND_L_03_001","已声明","1","0","0","0","0","",""
"nyamu/maskon/smile02","1","PARAM_HAND_L_04_001","已声明","1","0","0","0","0","",""
"nyamu/maskon/smile02","1","PARAM_HAND_L_05_001","已声明","1","1","1","1","1","0–3.467s","0–3.467s"
"nyamu/maskon/smile02","1","PARAM_HAND_L_06_001","已声明","1","0","0","0","0","",""
"nyamu/maskon/smile02","1","PARAM_HAND_L_07_001","已声明","1","0","0","0","0","",""
"nyamu/maskon/smile02","1","PARAM_HAND_R_01_001","已声明","1","0","0","0","0","",""
"nyamu/maskon/smile02","1","PARAM_HAND_R_02_001","已声明","1","0","0","0","0","",""
"nyamu/maskon/smile02","1","PARAM_HAND_R_03_001","已声明","1","0","0","0","0","",""
"nyamu/maskon/smile02","1","PARAM_HAND_R_04_001","已声明","1","0","0","0","0","",""
"nyamu/maskon/smile02","1","PARAM_HAND_R_05_001","已声明","1","1","1","1","1","0–3.467s","0–3.467s"
"nyamu/maskon/smile02","1","PARAM_HAND_R_06_001","已声明","1","0","0","0","0","",""
"nyamu/maskon/smile02","1","PARAM_HAND_R_09_001","已声明","1","0","0","0","0","",""
"nyamu/maskon/smile03","1","PARAM_HAND_L_01_001","已声明","1","0","0","0","0","",""
"nyamu/maskon/smile03","1","PARAM_HAND_L_02_001","已声明","1","0","0","0","0","",""
"nyamu/maskon/smile03","1","PARAM_HAND_L_03_001","已声明","1","0","0","0","0","",""
"nyamu/maskon/smile03","1","PARAM_HAND_L_04_001","已声明","1","0","0","0","0","",""
"nyamu/maskon/smile03","1","PARAM_HAND_L_05_001","已声明","1","0","0","0","0","",""
"nyamu/maskon/smile03","1","PARAM_HAND_L_06_001","已声明","1","0","0","0","0","",""
"nyamu/maskon/smile03","1","PARAM_HAND_L_07_001","已声明","1","1","1","1","1","0–4.033s","0–4.033s"
"nyamu/maskon/smile03","1","PARAM_HAND_R_01_001","已声明","1","0","0","0","0","",""
"nyamu/maskon/smile03","1","PARAM_HAND_R_02_001","已声明","1","0","0","0","0","",""
"nyamu/maskon/smile03","1","PARAM_HAND_R_03_001","已声明","1","0","0","0","0","",""
"nyamu/maskon/smile03","1","PARAM_HAND_R_04_001","已声明","1","0","0","0","0","",""
"nyamu/maskon/smile03","1","PARAM_HAND_R_05_001","已声明","1","0","0","0","0","",""
"nyamu/maskon/smile03","1","PARAM_HAND_R_06_001","已声明","1","0","0","0","0","",""
"nyamu/maskon/smile03","1","PARAM_HAND_R_09_001","已声明","1","1","1","1","1","0–4.033s","0–4.033s"
"nyamu/maskon/surprised01","1","PARAM_HAND_L_01_001","已声明","1","0","0","0","0","",""
"nyamu/maskon/surprised01","1","PARAM_HAND_L_02_001","已声明","1","0","0","0","0","",""
"nyamu/maskon/surprised01","1","PARAM_HAND_L_03_001","已声明","1","1","1","1","1","0–4.667s","0–4.667s"
"nyamu/maskon/surprised01","1","PARAM_HAND_L_04_001","已声明","1","0","0","0","0","",""
"nyamu/maskon/surprised01","1","PARAM_HAND_L_05_001","已声明","1","0","0","0","0","",""
"nyamu/maskon/surprised01","1","PARAM_HAND_L_06_001","已声明","1","0","0","0","0","",""
"nyamu/maskon/surprised01","1","PARAM_HAND_L_07_001","已声明","1","0","0","0","0","",""
"nyamu/maskon/surprised01","1","PARAM_HAND_R_01_001","已声明","1","0","0","0","0","",""
"nyamu/maskon/surprised01","1","PARAM_HAND_R_02_001","已声明","1","0","0","0","0","",""
"nyamu/maskon/surprised01","1","PARAM_HAND_R_03_001","已声明","1","1","1","1","1","0–4.667s","0–4.667s"
"nyamu/maskon/surprised01","1","PARAM_HAND_R_04_001","已声明","1","0","0","0","0","",""
"nyamu/maskon/surprised01","1","PARAM_HAND_R_05_001","已声明","1","0","0","0","0","",""
"nyamu/maskon/surprised01","1","PARAM_HAND_R_06_001","已声明","1","0","0","0","0","",""
"nyamu/maskon/surprised01","1","PARAM_HAND_R_09_001","已声明","1","0","0","0","0","",""
"nyamu/maskon/surprised02","1","PARAM_HAND_L_01_001","已声明","1","0","0","0","0","",""
"nyamu/maskon/surprised02","1","PARAM_HAND_L_02_001","已声明","1","0","0","0","0","",""
"nyamu/maskon/surprised02","1","PARAM_HAND_L_03_001","已声明","1","0","0","0","0","",""
"nyamu/maskon/surprised02","1","PARAM_HAND_L_04_001","已声明","1","0","0","0","0","",""
"nyamu/maskon/surprised02","1","PARAM_HAND_L_05_001","已声明","101","0","1","1","0","0–0.3s","0–0.267s"
"nyamu/maskon/surprised02","1","PARAM_HAND_L_06_001","已声明","1","0","0","0","0","",""
"nyamu/maskon/surprised02","1","PARAM_HAND_L_07_001","已声明","101","0","1","0","1","0.267–3.333s","0.3–3.333s"
"nyamu/maskon/surprised02","1","PARAM_HAND_R_01_001","已声明","1","0","0","0","0","",""
"nyamu/maskon/surprised02","1","PARAM_HAND_R_02_001","已声明","1","0","0","0","0","",""
"nyamu/maskon/surprised02","1","PARAM_HAND_R_03_001","已声明","1","0","0","0","0","",""
"nyamu/maskon/surprised02","1","PARAM_HAND_R_04_001","已声明","1","0","0","0","0","",""
"nyamu/maskon/surprised02","1","PARAM_HAND_R_05_001","已声明","101","0","1","1","0","0–0.3s","0–0.267s"
"nyamu/maskon/surprised02","1","PARAM_HAND_R_06_001","已声明","1","0","0","0","0","",""
"nyamu/maskon/surprised02","1","PARAM_HAND_R_09_001","已声明","101","0","1","0","1","0.267–3.333s","0.3–3.333s"
"nyamu/nf_left01","1","PARAM_HAND_L_01_001","已声明","1","1","1","1","1","0–4.5s","0–4.5s"
"nyamu/nf_left01","1","PARAM_HAND_L_02_001","已声明","1","0","0","0","0","",""
"nyamu/nf_left01","1","PARAM_HAND_L_03_001","已声明","1","0","0","0","0","",""
"nyamu/nf_left01","1","PARAM_HAND_L_04_001","已声明","1","0","0","0","0","",""
"nyamu/nf_left01","1","PARAM_HAND_L_05_001","已声明","1","0","0","0","0","",""
"nyamu/nf_left01","1","PARAM_HAND_L_06_001","已声明","1","0","0","0","0","",""
"nyamu/nf_left01","1","PARAM_HAND_L_07_001","已声明","1","0","0","0","0","",""
"nyamu/nf_left01","1","PARAM_HAND_R_01_001","已声明","1","1","1","1","1","0–4.5s","0–4.5s"
"nyamu/nf_left01","1","PARAM_HAND_R_02_001","已声明","1","0","0","0","0","",""
"nyamu/nf_left01","1","PARAM_HAND_R_03_001","已声明","1","0","0","0","0","",""
"nyamu/nf_left01","1","PARAM_HAND_R_04_001","已声明","1","0","0","0","0","",""
"nyamu/nf_left01","1","PARAM_HAND_R_05_001","已声明","1","0","0","0","0","",""
"nyamu/nf_left01","1","PARAM_HAND_R_06_001","已声明","1","0","0","0","0","",""
"nyamu/nf_left01","1","PARAM_HAND_R_09_001","已声明","1","0","0","0","0","",""
"nyamu/nf_right01","1","PARAM_HAND_L_01_001","已声明","1","1","1","1","1","0–4.433s","0–4.433s"
"nyamu/nf_right01","1","PARAM_HAND_L_02_001","已声明","1","0","0","0","0","",""
"nyamu/nf_right01","1","PARAM_HAND_L_03_001","已声明","1","0","0","0","0","",""
"nyamu/nf_right01","1","PARAM_HAND_L_04_001","已声明","1","0","0","0","0","",""
"nyamu/nf_right01","1","PARAM_HAND_L_05_001","已声明","1","0","0","0","0","",""
"nyamu/nf_right01","1","PARAM_HAND_L_06_001","已声明","1","0","0","0","0","",""
"nyamu/nf_right01","1","PARAM_HAND_L_07_001","已声明","1","0","0","0","0","",""
"nyamu/nf_right01","1","PARAM_HAND_R_01_001","已声明","1","1","1","1","1","0–4.433s","0–4.433s"
"nyamu/nf_right01","1","PARAM_HAND_R_02_001","已声明","1","0","0","0","0","",""
"nyamu/nf_right01","1","PARAM_HAND_R_03_001","已声明","1","0","0","0","0","",""
"nyamu/nf_right01","1","PARAM_HAND_R_04_001","已声明","1","0","0","0","0","",""
"nyamu/nf_right01","1","PARAM_HAND_R_05_001","已声明","1","0","0","0","0","",""
"nyamu/nf_right01","1","PARAM_HAND_R_06_001","已声明","1","0","0","0","0","",""
"nyamu/nf_right01","1","PARAM_HAND_R_09_001","已声明","1","0","0","0","0","",""
"nyamu/nf01","1","PARAM_HAND_L_01_001","已声明","1","1","1","1","1","0–3.3s","0–3.3s"
"nyamu/nf01","1","PARAM_HAND_L_02_001","已声明","1","0","0","0","0","",""
"nyamu/nf01","1","PARAM_HAND_L_03_001","已声明","1","0","0","0","0","",""
"nyamu/nf01","1","PARAM_HAND_L_04_001","已声明","1","0","0","0","0","",""
"nyamu/nf01","1","PARAM_HAND_L_05_001","已声明","1","0","0","0","0","",""
"nyamu/nf01","1","PARAM_HAND_L_06_001","已声明","1","0","0","0","0","",""
"nyamu/nf01","1","PARAM_HAND_L_07_001","已声明","1","0","0","0","0","",""
"nyamu/nf01","1","PARAM_HAND_R_01_001","已声明","1","0","0","0","0","",""
"nyamu/nf01","1","PARAM_HAND_R_02_001","已声明","1","0","0","0","0","",""
"nyamu/nf01","1","PARAM_HAND_R_03_001","已声明","1","0","0","0","0","",""
"nyamu/nf01","1","PARAM_HAND_R_04_001","已声明","1","0","0","0","0","",""
"nyamu/nf01","1","PARAM_HAND_R_05_001","已声明","1","0","0","0","0","",""
"nyamu/nf01","1","PARAM_HAND_R_06_001","已声明","1","0","0","0","0","",""
"nyamu/nf01","1","PARAM_HAND_R_09_001","已声明","1","1","1","1","1","0–3.3s","0–3.3s"
"nyamu/nf02","1","PARAM_HAND_L_01_001","已声明","1","1","1","1","1","0–2.967s","0–2.967s"
"nyamu/nf02","1","PARAM_HAND_L_02_001","已声明","1","0","0","0","0","",""
"nyamu/nf02","1","PARAM_HAND_L_03_001","已声明","1","0","0","0","0","",""
"nyamu/nf02","1","PARAM_HAND_L_04_001","已声明","1","0","0","0","0","",""
"nyamu/nf02","1","PARAM_HAND_L_05_001","已声明","1","0","0","0","0","",""
"nyamu/nf02","1","PARAM_HAND_L_06_001","已声明","1","0","0","0","0","",""
"nyamu/nf02","1","PARAM_HAND_L_07_001","已声明","1","0","0","0","0","",""
"nyamu/nf02","1","PARAM_HAND_R_01_001","已声明","1","1","1","1","1","0–2.967s","0–2.967s"
"nyamu/nf02","1","PARAM_HAND_R_02_001","已声明","1","0","0","0","0","",""
"nyamu/nf02","1","PARAM_HAND_R_03_001","已声明","1","0","0","0","0","",""
"nyamu/nf02","1","PARAM_HAND_R_04_001","已声明","1","0","0","0","0","",""
"nyamu/nf02","1","PARAM_HAND_R_05_001","已声明","1","0","0","0","0","",""
"nyamu/nf02","1","PARAM_HAND_R_06_001","已声明","1","0","0","0","0","",""
"nyamu/nf02","1","PARAM_HAND_R_09_001","已声明","1","0","0","0","0","",""
"nyamu/nf03","1","PARAM_HAND_L_01_001","已声明","1","0","0","0","0","",""
"nyamu/nf03","1","PARAM_HAND_L_02_001","已声明","1","0","0","0","0","",""
"nyamu/nf03","1","PARAM_HAND_L_03_001","已声明","1","0","0","0","0","",""
"nyamu/nf03","1","PARAM_HAND_L_04_001","已声明","1","0","0","0","0","",""
"nyamu/nf03","1","PARAM_HAND_L_05_001","已声明","1","0","0","0","0","",""
"nyamu/nf03","1","PARAM_HAND_L_06_001","已声明","1","0","0","0","0","",""
"nyamu/nf03","1","PARAM_HAND_L_07_001","已声明","1","1","1","1","1","0–4.633s","0–4.633s"
"nyamu/nf03","1","PARAM_HAND_R_01_001","已声明","1","1","1","1","1","0–4.633s","0–4.633s"
"nyamu/nf03","1","PARAM_HAND_R_02_001","已声明","1","0","0","0","0","",""
"nyamu/nf03","1","PARAM_HAND_R_03_001","已声明","1","0","0","0","0","",""
"nyamu/nf03","1","PARAM_HAND_R_04_001","已声明","1","0","0","0","0","",""
"nyamu/nf03","1","PARAM_HAND_R_05_001","已声明","1","0","0","0","0","",""
"nyamu/nf03","1","PARAM_HAND_R_06_001","已声明","1","0","0","0","0","",""
"nyamu/nf03","1","PARAM_HAND_R_09_001","已声明","1","0","0","0","0","",""
"nyamu/nf04","1","PARAM_HAND_L_01_001","已声明","1","1","1","1","1","0–3.3s","0–3.3s"
"nyamu/nf04","1","PARAM_HAND_L_02_001","已声明","1","0","0","0","0","",""
"nyamu/nf04","1","PARAM_HAND_L_03_001","已声明","1","0","0","0","0","",""
"nyamu/nf04","1","PARAM_HAND_L_04_001","已声明","1","0","0","0","0","",""
"nyamu/nf04","1","PARAM_HAND_L_05_001","已声明","1","0","0","0","0","",""
"nyamu/nf04","1","PARAM_HAND_L_06_001","已声明","1","0","0","0","0","",""
"nyamu/nf04","1","PARAM_HAND_L_07_001","已声明","1","0","0","0","0","",""
"nyamu/nf04","1","PARAM_HAND_R_01_001","已声明","1","1","1","1","1","0–3.3s","0–3.3s"
"nyamu/nf04","1","PARAM_HAND_R_02_001","已声明","1","0","0","0","0","",""
"nyamu/nf04","1","PARAM_HAND_R_03_001","已声明","1","0","0","0","0","",""
"nyamu/nf04","1","PARAM_HAND_R_04_001","已声明","1","0","0","0","0","",""
"nyamu/nf04","1","PARAM_HAND_R_05_001","已声明","1","0","0","0","0","",""
"nyamu/nf04","1","PARAM_HAND_R_06_001","已声明","1","0","0","0","0","",""
"nyamu/nf04","1","PARAM_HAND_R_09_001","已声明","1","0","0","0","0","",""
"nyamu/nf05","1","PARAM_HAND_L_01_001","已声明","1","1","1","1","1","0–3.9s","0–3.9s"
"nyamu/nf05","1","PARAM_HAND_L_02_001","已声明","1","0","0","0","0","",""
"nyamu/nf05","1","PARAM_HAND_L_03_001","已声明","1","0","0","0","0","",""
"nyamu/nf05","1","PARAM_HAND_L_04_001","已声明","1","0","0","0","0","",""
"nyamu/nf05","1","PARAM_HAND_L_05_001","已声明","1","0","0","0","0","",""
"nyamu/nf05","1","PARAM_HAND_L_06_001","已声明","1","0","0","0","0","",""
"nyamu/nf05","1","PARAM_HAND_L_07_001","已声明","1","0","0","0","0","",""
"nyamu/nf05","1","PARAM_HAND_R_01_001","已声明","1","0","0","0","0","",""
"nyamu/nf05","1","PARAM_HAND_R_02_001","已声明","1","1","1","1","1","0–3.9s","0–3.9s"
"nyamu/nf05","1","PARAM_HAND_R_03_001","已声明","1","0","0","0","0","",""
"nyamu/nf05","1","PARAM_HAND_R_04_001","已声明","1","0","0","0","0","",""
"nyamu/nf05","1","PARAM_HAND_R_05_001","已声明","1","0","0","0","0","",""
"nyamu/nf05","1","PARAM_HAND_R_06_001","已声明","1","0","0","0","0","",""
"nyamu/nf05","1","PARAM_HAND_R_09_001","已声明","1","0","0","0","0","",""
"nyamu/niyake","1","PARAM_HAND_L_01_001","已声明","1","0","0","0","0","",""
"nyamu/niyake","1","PARAM_HAND_L_02_001","已声明","107","0","1","0","1","0.933–3.533s","0.933–3.533s"
"nyamu/niyake","1","PARAM_HAND_L_03_001","已声明","1","0","0","0","0","",""
"nyamu/niyake","1","PARAM_HAND_L_04_001","已声明","1","0","0","0","0","",""
"nyamu/niyake","1","PARAM_HAND_L_05_001","已声明","107","0","1","1","0","0–0.933s","0–0.9s"
"nyamu/niyake","1","PARAM_HAND_L_06_001","已声明","1","0","0","0","0","",""
"nyamu/niyake","1","PARAM_HAND_L_07_001","已声明","1","0","0","0","0","",""
"nyamu/niyake","1","PARAM_HAND_R_01_001","已声明","1","0","0","0","0","",""
"nyamu/niyake","1","PARAM_HAND_R_02_001","已声明","1","1","1","1","1","0–3.533s","0–3.533s"
"nyamu/niyake","1","PARAM_HAND_R_03_001","已声明","1","0","0","0","0","",""
"nyamu/niyake","1","PARAM_HAND_R_04_001","已声明","1","0","0","0","0","",""
"nyamu/niyake","1","PARAM_HAND_R_05_001","已声明","1","0","0","0","0","",""
"nyamu/niyake","1","PARAM_HAND_R_06_001","已声明","1","0","0","0","0","",""
"nyamu/niyake","1","PARAM_HAND_R_09_001","已声明","1","0","0","0","0","",""
"nyamu/nnf_left01","1","PARAM_HAND_L_01_001","已声明","1","1","1","1","1","0–4.5s","0–4.5s"
"nyamu/nnf_left01","1","PARAM_HAND_L_02_001","已声明","1","0","0","0","0","",""
"nyamu/nnf_left01","1","PARAM_HAND_L_03_001","已声明","1","0","0","0","0","",""
"nyamu/nnf_left01","1","PARAM_HAND_L_04_001","已声明","1","0","0","0","0","",""
"nyamu/nnf_left01","1","PARAM_HAND_L_05_001","已声明","1","0","0","0","0","",""
"nyamu/nnf_left01","1","PARAM_HAND_L_06_001","已声明","1","0","0","0","0","",""
"nyamu/nnf_left01","1","PARAM_HAND_L_07_001","已声明","1","0","0","0","0","",""
"nyamu/nnf_left01","1","PARAM_HAND_R_01_001","已声明","1","1","1","1","1","0–4.5s","0–4.5s"
"nyamu/nnf_left01","1","PARAM_HAND_R_02_001","已声明","1","0","0","0","0","",""
"nyamu/nnf_left01","1","PARAM_HAND_R_03_001","已声明","1","0","0","0","0","",""
"nyamu/nnf_left01","1","PARAM_HAND_R_04_001","已声明","1","0","0","0","0","",""
"nyamu/nnf_left01","1","PARAM_HAND_R_05_001","已声明","1","0","0","0","0","",""
"nyamu/nnf_left01","1","PARAM_HAND_R_06_001","已声明","1","0","0","0","0","",""
"nyamu/nnf_left01","1","PARAM_HAND_R_09_001","已声明","1","0","0","0","0","",""
"nyamu/nnf_right01","1","PARAM_HAND_L_01_001","已声明","1","1","1","1","1","0–4.433s","0–4.433s"
"nyamu/nnf_right01","1","PARAM_HAND_L_02_001","已声明","1","0","0","0","0","",""
"nyamu/nnf_right01","1","PARAM_HAND_L_03_001","已声明","1","0","0","0","0","",""
"nyamu/nnf_right01","1","PARAM_HAND_L_04_001","已声明","1","0","0","0","0","",""
"nyamu/nnf_right01","1","PARAM_HAND_L_05_001","已声明","1","0","0","0","0","",""
"nyamu/nnf_right01","1","PARAM_HAND_L_06_001","已声明","1","0","0","0","0","",""
"nyamu/nnf_right01","1","PARAM_HAND_L_07_001","已声明","1","0","0","0","0","",""
"nyamu/nnf_right01","1","PARAM_HAND_R_01_001","已声明","1","1","1","1","1","0–4.433s","0–4.433s"
"nyamu/nnf_right01","1","PARAM_HAND_R_02_001","已声明","1","0","0","0","0","",""
"nyamu/nnf_right01","1","PARAM_HAND_R_03_001","已声明","1","0","0","0","0","",""
"nyamu/nnf_right01","1","PARAM_HAND_R_04_001","已声明","1","0","0","0","0","",""
"nyamu/nnf_right01","1","PARAM_HAND_R_05_001","已声明","1","0","0","0","0","",""
"nyamu/nnf_right01","1","PARAM_HAND_R_06_001","已声明","1","0","0","0","0","",""
"nyamu/nnf_right01","1","PARAM_HAND_R_09_001","已声明","1","0","0","0","0","",""
"nyamu/nnf01","1","PARAM_HAND_L_01_001","已声明","1","1","1","1","1","0–3.3s","0–3.3s"
"nyamu/nnf01","1","PARAM_HAND_L_02_001","已声明","1","0","0","0","0","",""
"nyamu/nnf01","1","PARAM_HAND_L_03_001","已声明","1","0","0","0","0","",""
"nyamu/nnf01","1","PARAM_HAND_L_04_001","已声明","1","0","0","0","0","",""
"nyamu/nnf01","1","PARAM_HAND_L_05_001","已声明","1","0","0","0","0","",""
"nyamu/nnf01","1","PARAM_HAND_L_06_001","已声明","1","0","0","0","0","",""
"nyamu/nnf01","1","PARAM_HAND_L_07_001","已声明","1","0","0","0","0","",""
"nyamu/nnf01","1","PARAM_HAND_R_01_001","已声明","1","0","0","0","0","",""
"nyamu/nnf01","1","PARAM_HAND_R_02_001","已声明","1","0","0","0","0","",""
"nyamu/nnf01","1","PARAM_HAND_R_03_001","已声明","1","0","0","0","0","",""
"nyamu/nnf01","1","PARAM_HAND_R_04_001","已声明","1","0","0","0","0","",""
"nyamu/nnf01","1","PARAM_HAND_R_05_001","已声明","1","0","0","0","0","",""
"nyamu/nnf01","1","PARAM_HAND_R_06_001","已声明","1","0","0","0","0","",""
"nyamu/nnf01","1","PARAM_HAND_R_09_001","已声明","1","1","1","1","1","0–3.3s","0–3.3s"
"nyamu/nnf02","1","PARAM_HAND_L_01_001","已声明","1","1","1","1","1","0–2.967s","0–2.967s"
"nyamu/nnf02","1","PARAM_HAND_L_02_001","已声明","1","0","0","0","0","",""
"nyamu/nnf02","1","PARAM_HAND_L_03_001","已声明","1","0","0","0","0","",""
"nyamu/nnf02","1","PARAM_HAND_L_04_001","已声明","1","0","0","0","0","",""
"nyamu/nnf02","1","PARAM_HAND_L_05_001","已声明","1","0","0","0","0","",""
"nyamu/nnf02","1","PARAM_HAND_L_06_001","已声明","1","0","0","0","0","",""
"nyamu/nnf02","1","PARAM_HAND_L_07_001","已声明","1","0","0","0","0","",""
"nyamu/nnf02","1","PARAM_HAND_R_01_001","已声明","1","1","1","1","1","0–2.967s","0–2.967s"
"nyamu/nnf02","1","PARAM_HAND_R_02_001","已声明","1","0","0","0","0","",""
"nyamu/nnf02","1","PARAM_HAND_R_03_001","已声明","1","0","0","0","0","",""
"nyamu/nnf02","1","PARAM_HAND_R_04_001","已声明","1","0","0","0","0","",""
"nyamu/nnf02","1","PARAM_HAND_R_05_001","已声明","1","0","0","0","0","",""
"nyamu/nnf02","1","PARAM_HAND_R_06_001","已声明","1","0","0","0","0","",""
"nyamu/nnf02","1","PARAM_HAND_R_09_001","已声明","1","0","0","0","0","",""
"nyamu/nnf03","1","PARAM_HAND_L_01_001","已声明","1","0","0","0","0","",""
"nyamu/nnf03","1","PARAM_HAND_L_02_001","已声明","1","0","0","0","0","",""
"nyamu/nnf03","1","PARAM_HAND_L_03_001","已声明","1","0","0","0","0","",""
"nyamu/nnf03","1","PARAM_HAND_L_04_001","已声明","1","0","0","0","0","",""
"nyamu/nnf03","1","PARAM_HAND_L_05_001","已声明","1","0","0","0","0","",""
"nyamu/nnf03","1","PARAM_HAND_L_06_001","已声明","1","0","0","0","0","",""
"nyamu/nnf03","1","PARAM_HAND_L_07_001","已声明","1","1","1","1","1","0–4.633s","0–4.633s"
"nyamu/nnf03","1","PARAM_HAND_R_01_001","已声明","1","1","1","1","1","0–4.633s","0–4.633s"
"nyamu/nnf03","1","PARAM_HAND_R_02_001","已声明","1","0","0","0","0","",""
"nyamu/nnf03","1","PARAM_HAND_R_03_001","已声明","1","0","0","0","0","",""
"nyamu/nnf03","1","PARAM_HAND_R_04_001","已声明","1","0","0","0","0","",""
"nyamu/nnf03","1","PARAM_HAND_R_05_001","已声明","1","0","0","0","0","",""
"nyamu/nnf03","1","PARAM_HAND_R_06_001","已声明","1","0","0","0","0","",""
"nyamu/nnf03","1","PARAM_HAND_R_09_001","已声明","1","0","0","0","0","",""
"nyamu/nnf04","1","PARAM_HAND_L_01_001","已声明","1","1","1","1","1","0–3.3s","0–3.3s"
"nyamu/nnf04","1","PARAM_HAND_L_02_001","已声明","1","0","0","0","0","",""
"nyamu/nnf04","1","PARAM_HAND_L_03_001","已声明","1","0","0","0","0","",""
"nyamu/nnf04","1","PARAM_HAND_L_04_001","已声明","1","0","0","0","0","",""
"nyamu/nnf04","1","PARAM_HAND_L_05_001","已声明","1","0","0","0","0","",""
"nyamu/nnf04","1","PARAM_HAND_L_06_001","已声明","1","0","0","0","0","",""
"nyamu/nnf04","1","PARAM_HAND_L_07_001","已声明","1","0","0","0","0","",""
"nyamu/nnf04","1","PARAM_HAND_R_01_001","已声明","1","1","1","1","1","0–3.3s","0–3.3s"
"nyamu/nnf04","1","PARAM_HAND_R_02_001","已声明","1","0","0","0","0","",""
"nyamu/nnf04","1","PARAM_HAND_R_03_001","已声明","1","0","0","0","0","",""
"nyamu/nnf04","1","PARAM_HAND_R_04_001","已声明","1","0","0","0","0","",""
"nyamu/nnf04","1","PARAM_HAND_R_05_001","已声明","1","0","0","0","0","",""
"nyamu/nnf04","1","PARAM_HAND_R_06_001","已声明","1","0","0","0","0","",""
"nyamu/nnf04","1","PARAM_HAND_R_09_001","已声明","1","0","0","0","0","",""
"nyamu/nnf05","1","PARAM_HAND_L_01_001","已声明","1","1","1","1","1","0–3.9s","0–3.9s"
"nyamu/nnf05","1","PARAM_HAND_L_02_001","已声明","1","0","0","0","0","",""
"nyamu/nnf05","1","PARAM_HAND_L_03_001","已声明","1","0","0","0","0","",""
"nyamu/nnf05","1","PARAM_HAND_L_04_001","已声明","1","0","0","0","0","",""
"nyamu/nnf05","1","PARAM_HAND_L_05_001","已声明","1","0","0","0","0","",""
"nyamu/nnf05","1","PARAM_HAND_L_06_001","已声明","1","0","0","0","0","",""
"nyamu/nnf05","1","PARAM_HAND_L_07_001","已声明","1","0","0","0","0","",""
"nyamu/nnf05","1","PARAM_HAND_R_01_001","已声明","1","0","0","0","0","",""
"nyamu/nnf05","1","PARAM_HAND_R_02_001","已声明","1","1","1","1","1","0–3.9s","0–3.9s"
"nyamu/nnf05","1","PARAM_HAND_R_03_001","已声明","1","0","0","0","0","",""
"nyamu/nnf05","1","PARAM_HAND_R_04_001","已声明","1","0","0","0","0","",""
"nyamu/nnf05","1","PARAM_HAND_R_05_001","已声明","1","0","0","0","0","",""
"nyamu/nnf05","1","PARAM_HAND_R_06_001","已声明","1","0","0","0","0","",""
"nyamu/nnf05","1","PARAM_HAND_R_09_001","已声明","1","0","0","0","0","",""
"nyamu/sad01","1","PARAM_HAND_L_01_001","已声明","1","1","1","1","1","0–4.333s","0–4.333s"
"nyamu/sad01","1","PARAM_HAND_L_02_001","已声明","1","0","0","0","0","",""
"nyamu/sad01","1","PARAM_HAND_L_03_001","已声明","1","0","0","0","0","",""
"nyamu/sad01","1","PARAM_HAND_L_04_001","已声明","1","0","0","0","0","",""
"nyamu/sad01","1","PARAM_HAND_L_05_001","已声明","1","0","0","0","0","",""
"nyamu/sad01","1","PARAM_HAND_L_06_001","已声明","1","0","0","0","0","",""
"nyamu/sad01","1","PARAM_HAND_L_07_001","已声明","1","0","0","0","0","",""
"nyamu/sad01","1","PARAM_HAND_R_01_001","已声明","1","0","0","0","0","",""
"nyamu/sad01","1","PARAM_HAND_R_02_001","已声明","1","0","0","0","0","",""
"nyamu/sad01","1","PARAM_HAND_R_03_001","已声明","1","0","0","0","0","",""
"nyamu/sad01","1","PARAM_HAND_R_04_001","已声明","1","0","0","0","0","",""
"nyamu/sad01","1","PARAM_HAND_R_05_001","已声明","1","1","1","1","1","0–4.333s","0–4.333s"
"nyamu/sad01","1","PARAM_HAND_R_06_001","已声明","1","0","0","0","0","",""
"nyamu/sad01","1","PARAM_HAND_R_09_001","已声明","1","0","0","0","0","",""
"nyamu/serious01","1","PARAM_HAND_L_01_001","已声明","1","1","1","1","1","0–3.967s","0–3.967s"
"nyamu/serious01","1","PARAM_HAND_L_02_001","已声明","1","0","0","0","0","",""
"nyamu/serious01","1","PARAM_HAND_L_03_001","已声明","1","0","0","0","0","",""
"nyamu/serious01","1","PARAM_HAND_L_04_001","已声明","1","0","0","0","0","",""
"nyamu/serious01","1","PARAM_HAND_L_05_001","已声明","1","0","0","0","0","",""
"nyamu/serious01","1","PARAM_HAND_L_06_001","已声明","1","0","0","0","0","",""
"nyamu/serious01","1","PARAM_HAND_L_07_001","已声明","1","0","0","0","0","",""
"nyamu/serious01","1","PARAM_HAND_R_01_001","已声明","1","1","1","1","1","0–3.967s","0–3.967s"
"nyamu/serious01","1","PARAM_HAND_R_02_001","已声明","1","0","0","0","0","",""
"nyamu/serious01","1","PARAM_HAND_R_03_001","已声明","1","0","0","0","0","",""
"nyamu/serious01","1","PARAM_HAND_R_04_001","已声明","1","0","0","0","0","",""
"nyamu/serious01","1","PARAM_HAND_R_05_001","已声明","1","0","0","0","0","",""
"nyamu/serious01","1","PARAM_HAND_R_06_001","已声明","1","0","0","0","0","",""
"nyamu/serious01","1","PARAM_HAND_R_09_001","已声明","1","0","0","0","0","",""
"nyamu/smile01","1","PARAM_HAND_L_01_001","已声明","1","0","0","0","0","",""
"nyamu/smile01","1","PARAM_HAND_L_02_001","已声明","1","0","0","0","0","",""
"nyamu/smile01","1","PARAM_HAND_L_03_001","已声明","1","0","0","0","0","",""
"nyamu/smile01","1","PARAM_HAND_L_04_001","已声明","1","0","0","0","0","",""
"nyamu/smile01","1","PARAM_HAND_L_05_001","已声明","1","0","0","0","0","",""
"nyamu/smile01","1","PARAM_HAND_L_06_001","已声明","1","1","1","1","1","0–3.5s","0–3.5s"
"nyamu/smile01","1","PARAM_HAND_L_07_001","已声明","1","0","0","0","0","",""
"nyamu/smile01","1","PARAM_HAND_R_01_001","已声明","1","0","0","0","0","",""
"nyamu/smile01","1","PARAM_HAND_R_02_001","已声明","1","0","0","0","0","",""
"nyamu/smile01","1","PARAM_HAND_R_03_001","已声明","1","0","0","0","0","",""
"nyamu/smile01","1","PARAM_HAND_R_04_001","已声明","1","0","0","0","0","",""
"nyamu/smile01","1","PARAM_HAND_R_05_001","已声明","1","0","0","0","0","",""
"nyamu/smile01","1","PARAM_HAND_R_06_001","已声明","1","1","1","1","1","0–3.5s","0–3.5s"
"nyamu/smile01","1","PARAM_HAND_R_09_001","已声明","1","0","0","0","0","",""
"nyamu/smile02","1","PARAM_HAND_L_01_001","已声明","1","0","0","0","0","",""
"nyamu/smile02","1","PARAM_HAND_L_02_001","已声明","1","0","0","0","0","",""
"nyamu/smile02","1","PARAM_HAND_L_03_001","已声明","1","0","0","0","0","",""
"nyamu/smile02","1","PARAM_HAND_L_04_001","已声明","1","0","0","0","0","",""
"nyamu/smile02","1","PARAM_HAND_L_05_001","已声明","1","1","1","1","1","0–3.467s","0–3.467s"
"nyamu/smile02","1","PARAM_HAND_L_06_001","已声明","1","0","0","0","0","",""
"nyamu/smile02","1","PARAM_HAND_L_07_001","已声明","1","0","0","0","0","",""
"nyamu/smile02","1","PARAM_HAND_R_01_001","已声明","1","0","0","0","0","",""
"nyamu/smile02","1","PARAM_HAND_R_02_001","已声明","1","0","0","0","0","",""
"nyamu/smile02","1","PARAM_HAND_R_03_001","已声明","1","0","0","0","0","",""
"nyamu/smile02","1","PARAM_HAND_R_04_001","已声明","1","0","0","0","0","",""
"nyamu/smile02","1","PARAM_HAND_R_05_001","已声明","1","1","1","1","1","0–3.467s","0–3.467s"
"nyamu/smile02","1","PARAM_HAND_R_06_001","已声明","1","0","0","0","0","",""
"nyamu/smile02","1","PARAM_HAND_R_09_001","已声明","1","0","0","0","0","",""
"nyamu/smile03","1","PARAM_HAND_L_01_001","已声明","1","0","0","0","0","",""
"nyamu/smile03","1","PARAM_HAND_L_02_001","已声明","1","0","0","0","0","",""
"nyamu/smile03","1","PARAM_HAND_L_03_001","已声明","1","0","0","0","0","",""
"nyamu/smile03","1","PARAM_HAND_L_04_001","已声明","1","0","0","0","0","",""
"nyamu/smile03","1","PARAM_HAND_L_05_001","已声明","1","0","0","0","0","",""
"nyamu/smile03","1","PARAM_HAND_L_06_001","已声明","1","0","0","0","0","",""
"nyamu/smile03","1","PARAM_HAND_L_07_001","已声明","1","1","1","1","1","0–4.033s","0–4.033s"
"nyamu/smile03","1","PARAM_HAND_R_01_001","已声明","1","0","0","0","0","",""
"nyamu/smile03","1","PARAM_HAND_R_02_001","已声明","1","0","0","0","0","",""
"nyamu/smile03","1","PARAM_HAND_R_03_001","已声明","1","0","0","0","0","",""
"nyamu/smile03","1","PARAM_HAND_R_04_001","已声明","1","0","0","0","0","",""
"nyamu/smile03","1","PARAM_HAND_R_05_001","已声明","1","0","0","0","0","",""
"nyamu/smile03","1","PARAM_HAND_R_06_001","已声明","1","0","0","0","0","",""
"nyamu/smile03","1","PARAM_HAND_R_09_001","已声明","1","1","1","1","1","0–4.033s","0–4.033s"
"nyamu/surprised01","1","PARAM_HAND_L_01_001","已声明","1","0","0","0","0","",""
"nyamu/surprised01","1","PARAM_HAND_L_02_001","已声明","1","0","0","0","0","",""
"nyamu/surprised01","1","PARAM_HAND_L_03_001","已声明","1","1","1","1","1","0–4.667s","0–4.667s"
"nyamu/surprised01","1","PARAM_HAND_L_04_001","已声明","1","0","0","0","0","",""
"nyamu/surprised01","1","PARAM_HAND_L_05_001","已声明","1","0","0","0","0","",""
"nyamu/surprised01","1","PARAM_HAND_L_06_001","已声明","1","0","0","0","0","",""
"nyamu/surprised01","1","PARAM_HAND_L_07_001","已声明","1","0","0","0","0","",""
"nyamu/surprised01","1","PARAM_HAND_R_01_001","已声明","1","0","0","0","0","",""
"nyamu/surprised01","1","PARAM_HAND_R_02_001","已声明","1","0","0","0","0","",""
"nyamu/surprised01","1","PARAM_HAND_R_03_001","已声明","1","1","1","1","1","0–4.667s","0–4.667s"
"nyamu/surprised01","1","PARAM_HAND_R_04_001","已声明","1","0","0","0","0","",""
"nyamu/surprised01","1","PARAM_HAND_R_05_001","已声明","1","0","0","0","0","",""
"nyamu/surprised01","1","PARAM_HAND_R_06_001","已声明","1","0","0","0","0","",""
"nyamu/surprised01","1","PARAM_HAND_R_09_001","已声明","1","0","0","0","0","",""
"nyamu/surprised02","1","PARAM_HAND_L_01_001","已声明","1","0","0","0","0","",""
"nyamu/surprised02","1","PARAM_HAND_L_02_001","已声明","1","0","0","0","0","",""
"nyamu/surprised02","1","PARAM_HAND_L_03_001","已声明","1","0","0","0","0","",""
"nyamu/surprised02","1","PARAM_HAND_L_04_001","已声明","1","0","0","0","0","",""
"nyamu/surprised02","1","PARAM_HAND_L_05_001","已声明","101","0","1","1","0","0–0.3s","0–0.267s"
"nyamu/surprised02","1","PARAM_HAND_L_06_001","已声明","1","0","0","0","0","",""
"nyamu/surprised02","1","PARAM_HAND_L_07_001","已声明","101","0","1","0","1","0.267–3.333s","0.3–3.333s"
"nyamu/surprised02","1","PARAM_HAND_R_01_001","已声明","1","0","0","0","0","",""
"nyamu/surprised02","1","PARAM_HAND_R_02_001","已声明","1","0","0","0","0","",""
"nyamu/surprised02","1","PARAM_HAND_R_03_001","已声明","1","0","0","0","0","",""
"nyamu/surprised02","1","PARAM_HAND_R_04_001","已声明","1","0","0","0","0","",""
"nyamu/surprised02","1","PARAM_HAND_R_05_001","已声明","101","0","1","1","0","0–0.3s","0–0.267s"
"nyamu/surprised02","1","PARAM_HAND_R_06_001","已声明","1","0","0","0","0","",""
"nyamu/surprised02","1","PARAM_HAND_R_09_001","已声明","101","0","1","0","1","0.267–3.333s","0.3–3.333s"
"rana/angry01","1","PARAM_HAND_L_01_001","已声明","1","1","1","1","1","0–4.467s","0–4.467s"
"rana/angry01","1","PARAM_HAND_L_02_001","已声明","1","0","0","0","0","",""
"rana/angry01","1","PARAM_HAND_L_03_001","已声明","1","0","0","0","0","",""
"rana/angry01","1","PARAM_HAND_L_04_001","已声明","1","0","0","0","0","",""
"rana/angry01","1","PARAM_HAND_L_05_001","已声明","1","0","0","0","0","",""
"rana/angry01","1","PARAM_HAND_L_06_001","已声明","1","0","0","0","0","",""
"rana/angry01","1","PARAM_HAND_L_07_001","已声明","1","0","0","0","0","",""
"rana/angry01","1","PARAM_HAND_R_01_001","已声明","1","1","1","1","1","0–4.467s","0–4.467s"
"rana/angry01","1","PARAM_HAND_R_02_001","已声明","1","0","0","0","0","",""
"rana/angry01","1","PARAM_HAND_R_03_001","已声明","1","0","0","0","0","",""
"rana/angry01","1","PARAM_HAND_R_04_001","已声明","1","0","0","0","0","",""
"rana/angry01","1","PARAM_HAND_R_05_001","已声明","1","0","0","0","0","",""
"rana/angry01","1","PARAM_HAND_R_06_001","已声明","1","0","0","0","0","",""
"rana/angry01","1","PARAM_HAND_R_09_001","已声明","1","0","0","0","0","",""
"rana/angry02","1","PARAM_HAND_L_01_001","已声明","1","0","0","0","0","",""
"rana/angry02","1","PARAM_HAND_L_02_001","已声明","1","0","0","0","0","",""
"rana/angry02","1","PARAM_HAND_L_03_001","已声明","1","0","0","0","0","",""
"rana/angry02","1","PARAM_HAND_L_04_001","已声明","1","0","0","0","0","",""
"rana/angry02","1","PARAM_HAND_L_05_001","已声明","1","0","0","0","0","",""
"rana/angry02","1","PARAM_HAND_L_06_001","已声明","1","0","0","0","0","",""
"rana/angry02","1","PARAM_HAND_L_07_001","已声明","1","1","1","1","1","0–4.967s","0–4.967s"
"rana/angry02","1","PARAM_HAND_R_01_001","已声明","1","0","0","0","0","",""
"rana/angry02","1","PARAM_HAND_R_02_001","已声明","1","0","0","0","0","",""
"rana/angry02","1","PARAM_HAND_R_03_001","已声明","1","0","0","0","0","",""
"rana/angry02","1","PARAM_HAND_R_04_001","已声明","1","0","0","0","0","",""
"rana/angry02","1","PARAM_HAND_R_05_001","已声明","1","0","0","0","0","",""
"rana/angry02","1","PARAM_HAND_R_06_001","已声明","1","0","0","0","0","",""
"rana/angry02","1","PARAM_HAND_R_09_001","已声明","1","1","1","1","1","0–4.967s","0–4.967s"
"rana/angry03","1","PARAM_HAND_L_01_001","已声明","1","1","1","1","1","0–4.467s","0–4.467s"
"rana/angry03","1","PARAM_HAND_L_02_001","已声明","1","0","0","0","0","",""
"rana/angry03","1","PARAM_HAND_L_03_001","已声明","1","0","0","0","0","",""
"rana/angry03","1","PARAM_HAND_L_04_001","已声明","1","0","0","0","0","",""
"rana/angry03","1","PARAM_HAND_L_05_001","已声明","1","0","0","0","0","",""
"rana/angry03","1","PARAM_HAND_L_06_001","已声明","1","0","0","0","0","",""
"rana/angry03","1","PARAM_HAND_L_07_001","已声明","1","0","0","0","0","",""
"rana/angry03","1","PARAM_HAND_R_01_001","已声明","1","1","1","1","1","0–4.467s","0–4.467s"
"rana/angry03","1","PARAM_HAND_R_02_001","已声明","1","0","0","0","0","",""
"rana/angry03","1","PARAM_HAND_R_03_001","已声明","1","0","0","0","0","",""
"rana/angry03","1","PARAM_HAND_R_04_001","已声明","1","0","0","0","0","",""
"rana/angry03","1","PARAM_HAND_R_05_001","已声明","1","0","0","0","0","",""
"rana/angry03","1","PARAM_HAND_R_06_001","已声明","1","0","0","0","0","",""
"rana/angry03","1","PARAM_HAND_R_09_001","已声明","1","0","0","0","0","",""
"rana/bye01","1","PARAM_HAND_L_01_001","已声明","1","1","1","1","1","0–7s","0–7s"
"rana/bye01","1","PARAM_HAND_L_02_001","已声明","1","0","0","0","0","",""
"rana/bye01","1","PARAM_HAND_L_03_001","已声明","1","0","0","0","0","",""
"rana/bye01","1","PARAM_HAND_L_04_001","已声明","1","0","0","0","0","",""
"rana/bye01","1","PARAM_HAND_L_05_001","已声明","1","0","0","0","0","",""
"rana/bye01","1","PARAM_HAND_L_06_001","已声明","1","0","0","0","0","",""
"rana/bye01","1","PARAM_HAND_L_07_001","已声明","1","0","0","0","0","",""
"rana/bye01","1","PARAM_HAND_R_01_001","已声明","1","1","1","1","1","0–7s","0–7s"
"rana/bye01","1","PARAM_HAND_R_02_001","已声明","1","0","0","0","0","",""
"rana/bye01","1","PARAM_HAND_R_03_001","已声明","1","0","0","0","0","",""
"rana/bye01","1","PARAM_HAND_R_04_001","已声明","1","0","0","0","0","",""
"rana/bye01","1","PARAM_HAND_R_05_001","已声明","1","0","0","0","0","",""
"rana/bye01","1","PARAM_HAND_R_06_001","已声明","1","0","0","0","0","",""
"rana/bye01","1","PARAM_HAND_R_09_001","已声明","1","0","0","0","0","",""
"rana/cry01","1","PARAM_HAND_L_01_001","已声明","1","1","1","1","1","0–4.467s","0–4.467s"
"rana/cry01","1","PARAM_HAND_L_02_001","已声明","1","0","0","0","0","",""
"rana/cry01","1","PARAM_HAND_L_03_001","已声明","1","0","0","0","0","",""
"rana/cry01","1","PARAM_HAND_L_04_001","已声明","1","0","0","0","0","",""
"rana/cry01","1","PARAM_HAND_L_05_001","已声明","1","0","0","0","0","",""
"rana/cry01","1","PARAM_HAND_L_06_001","已声明","1","0","0","0","0","",""
"rana/cry01","1","PARAM_HAND_L_07_001","已声明","1","0","0","0","0","",""
"rana/cry01","1","PARAM_HAND_R_01_001","已声明","1","1","1","1","1","0–4.467s","0–4.467s"
"rana/cry01","1","PARAM_HAND_R_02_001","已声明","1","0","0","0","0","",""
"rana/cry01","1","PARAM_HAND_R_03_001","已声明","1","0","0","0","0","",""
"rana/cry01","1","PARAM_HAND_R_04_001","已声明","1","0","0","0","0","",""
"rana/cry01","1","PARAM_HAND_R_05_001","已声明","1","0","0","0","0","",""
"rana/cry01","1","PARAM_HAND_R_06_001","已声明","1","0","0","0","0","",""
"rana/cry01","1","PARAM_HAND_R_09_001","已声明","1","0","0","0","0","",""
"rana/gacha_b2024_01","1","PARAM_HAND_L_01_001","已声明","1","1","1","1","1","0–5.967s","0–5.967s"
"rana/gacha_b2024_01","1","PARAM_HAND_L_02_001","已声明","1","0","0","0","0","",""
"rana/gacha_b2024_01","1","PARAM_HAND_L_03_001","已声明","1","0","0","0","0","",""
"rana/gacha_b2024_01","1","PARAM_HAND_L_04_001","已声明","1","0","0","0","0","",""
"rana/gacha_b2024_01","1","PARAM_HAND_L_05_001","已声明","1","0","0","0","0","",""
"rana/gacha_b2024_01","1","PARAM_HAND_L_06_001","已声明","1","0","0","0","0","",""
"rana/gacha_b2024_01","1","PARAM_HAND_L_07_001","已声明","1","0","0","0","0","",""
"rana/gacha_b2024_01","1","PARAM_HAND_R_01_001","已声明","1","0","0","0","0","",""
"rana/gacha_b2024_01","1","PARAM_HAND_R_02_001","已声明","1","1","1","1","1","0–5.967s","0–5.967s"
"rana/gacha_b2024_01","1","PARAM_HAND_R_03_001","已声明","1","0","0","0","0","",""
"rana/gacha_b2024_01","1","PARAM_HAND_R_04_001","已声明","1","0","0","0","0","",""
"rana/gacha_b2024_01","1","PARAM_HAND_R_05_001","已声明","1","0","0","0","0","",""
"rana/gacha_b2024_01","1","PARAM_HAND_R_06_001","已声明","1","0","0","0","0","",""
"rana/gacha_b2024_01","1","PARAM_HAND_R_09_001","已声明","1","0","0","0","0","",""
"rana/gacha_c_a_01","1","PARAM_HAND_L_01_001","已声明","1","1","1","1","1","0–8.967s","0–8.967s"
"rana/gacha_c_a_01","1","PARAM_HAND_L_02_001","已声明","1","0","0","0","0","",""
"rana/gacha_c_a_01","1","PARAM_HAND_L_03_001","已声明","1","0","0","0","0","",""
"rana/gacha_c_a_01","1","PARAM_HAND_L_04_001","已声明","1","0","0","0","0","",""
"rana/gacha_c_a_01","1","PARAM_HAND_L_05_001","已声明","1","0","0","0","0","",""
"rana/gacha_c_a_01","1","PARAM_HAND_L_06_001","已声明","1","0","0","0","0","",""
"rana/gacha_c_a_01","1","PARAM_HAND_L_07_001","已声明","1","0","0","0","0","",""
"rana/gacha_c_a_01","1","PARAM_HAND_R_01_001","已声明","1","0","0","0","0","",""
"rana/gacha_c_a_01","1","PARAM_HAND_R_02_001","已声明","1","0","0","0","0","",""
"rana/gacha_c_a_01","1","PARAM_HAND_R_03_001","已声明","1","0","0","0","0","",""
"rana/gacha_c_a_01","1","PARAM_HAND_R_04_001","已声明","1","0","0","0","0","",""
"rana/gacha_c_a_01","1","PARAM_HAND_R_05_001","已声明","1","1","1","1","1","0–8.967s","0–8.967s"
"rana/gacha_c_a_01","1","PARAM_HAND_R_06_001","已声明","1","0","0","0","0","",""
"rana/gacha_c_a_01","1","PARAM_HAND_R_09_001","已声明","1","0","0","0","0","",""
"rana/gacha_df3_01","1","PARAM_HAND_L_01_001","已声明","1","1","1","1","1","0–5.467s","0–5.467s"
"rana/gacha_df3_01","1","PARAM_HAND_L_02_001","已声明","1","0","0","0","0","",""
"rana/gacha_df3_01","1","PARAM_HAND_L_03_001","已声明","1","0","0","0","0","",""
"rana/gacha_df3_01","1","PARAM_HAND_L_04_001","已声明","1","0","0","0","0","",""
"rana/gacha_df3_01","1","PARAM_HAND_L_05_001","已声明","1","0","0","0","0","",""
"rana/gacha_df3_01","1","PARAM_HAND_L_06_001","已声明","1","0","0","0","0","",""
"rana/gacha_df3_01","1","PARAM_HAND_L_07_001","已声明","1","0","0","0","0","",""
"rana/gacha_df3_01","1","PARAM_HAND_R_01_001","已声明","1","0","0","0","0","",""
"rana/gacha_df3_01","1","PARAM_HAND_R_02_001","已声明","1","0","0","0","0","",""
"rana/gacha_df3_01","1","PARAM_HAND_R_03_001","已声明","1","0","0","0","0","",""
"rana/gacha_df3_01","1","PARAM_HAND_R_04_001","已声明","1","0","0","0","0","",""
"rana/gacha_df3_01","1","PARAM_HAND_R_05_001","已声明","1","1","1","1","1","0–5.467s","0–5.467s"
"rana/gacha_df3_01","1","PARAM_HAND_R_06_001","已声明","1","0","0","0","0","",""
"rana/gacha_df3_01","1","PARAM_HAND_R_09_001","已声明","1","0","0","0","0","",""
"rana/gacha_e240_01","1","PARAM_HAND_L_01_001","已声明","1","1","1","1","1","0–5.967s","0–5.967s"
"rana/gacha_e240_01","1","PARAM_HAND_L_02_001","已声明","1","0","0","0","0","",""
"rana/gacha_e240_01","1","PARAM_HAND_L_03_001","已声明","1","0","0","0","0","",""
"rana/gacha_e240_01","1","PARAM_HAND_L_04_001","已声明","1","0","0","0","0","",""
"rana/gacha_e240_01","1","PARAM_HAND_L_05_001","已声明","1","0","0","0","0","",""
"rana/gacha_e240_01","1","PARAM_HAND_L_06_001","已声明","1","0","0","0","0","",""
"rana/gacha_e240_01","1","PARAM_HAND_L_07_001","已声明","1","0","0","0","0","",""
"rana/gacha_e240_01","1","PARAM_HAND_R_01_001","已声明","1","0","0","0","0","",""
"rana/gacha_e240_01","1","PARAM_HAND_R_02_001","已声明","1","1","1","1","1","0–5.967s","0–5.967s"
"rana/gacha_e240_01","1","PARAM_HAND_R_03_001","已声明","1","0","0","0","0","",""
"rana/gacha_e240_01","1","PARAM_HAND_R_04_001","已声明","1","0","0","0","0","",""
"rana/gacha_e240_01","1","PARAM_HAND_R_05_001","已声明","1","0","0","0","0","",""
"rana/gacha_e240_01","1","PARAM_HAND_R_06_001","已声明","1","0","0","0","0","",""
"rana/gacha_e240_01","1","PARAM_HAND_R_09_001","已声明","1","0","0","0","0","",""
"rana/gacha_e286_01","1","PARAM_HAND_L_01_001","已声明","1","0","0","0","0","",""
"rana/gacha_e286_01","1","PARAM_HAND_L_02_001","已声明","1","0","0","0","0","",""
"rana/gacha_e286_01","1","PARAM_HAND_L_03_001","已声明","346","0","1","0","0","0.033–2.333s","0.233–2.267s"
"rana/gacha_e286_01","1","PARAM_HAND_L_04_001","已声明","1","0","0","0","0","",""
"rana/gacha_e286_01","1","PARAM_HAND_L_05_001","已声明","346","0","1","1","1","0–0.4s; 2.267–11.5s","0–0.2s; 2.3–11.5s"
"rana/gacha_e286_01","1","PARAM_HAND_L_06_001","已声明","1","0","0","0","0","",""
"rana/gacha_e286_01","1","PARAM_HAND_L_07_001","已声明","1","0","0","0","0","",""
"rana/gacha_e286_01","1","PARAM_HAND_R_01_001","已声明","1","1","1","1","1","0–11.5s","0–11.5s"
"rana/gacha_e286_01","1","PARAM_HAND_R_02_001","已声明","1","0","0","0","0","",""
"rana/gacha_e286_01","1","PARAM_HAND_R_03_001","已声明","1","0","0","0","0","",""
"rana/gacha_e286_01","1","PARAM_HAND_R_04_001","已声明","1","0","0","0","0","",""
"rana/gacha_e286_01","1","PARAM_HAND_R_05_001","已声明","1","0","0","0","0","",""
"rana/gacha_e286_01","1","PARAM_HAND_R_06_001","已声明","1","0","0","0","0","",""
"rana/gacha_e286_01","1","PARAM_HAND_R_09_001","已声明","1","0","0","0","0","",""
"rana/gacha_e287_01","1","PARAM_HAND_L_01_001","已声明","1","1","1","1","1","0–5.967s","0–5.967s"
"rana/gacha_e287_01","1","PARAM_HAND_L_02_001","已声明","1","0","0","0","0","",""
"rana/gacha_e287_01","1","PARAM_HAND_L_03_001","已声明","1","0","0","0","0","",""
"rana/gacha_e287_01","1","PARAM_HAND_L_04_001","已声明","1","0","0","0","0","",""
"rana/gacha_e287_01","1","PARAM_HAND_L_05_001","已声明","1","0","0","0","0","",""
"rana/gacha_e287_01","1","PARAM_HAND_L_06_001","已声明","1","0","0","0","0","",""
"rana/gacha_e287_01","1","PARAM_HAND_L_07_001","已声明","1","0","0","0","0","",""
"rana/gacha_e287_01","1","PARAM_HAND_R_01_001","已声明","1","0","0","0","0","",""
"rana/gacha_e287_01","1","PARAM_HAND_R_02_001","已声明","1","1","1","1","1","0–5.967s","0–5.967s"
"rana/gacha_e287_01","1","PARAM_HAND_R_03_001","已声明","1","0","0","0","0","",""
"rana/gacha_e287_01","1","PARAM_HAND_R_04_001","已声明","1","0","0","0","0","",""
"rana/gacha_e287_01","1","PARAM_HAND_R_05_001","已声明","1","0","0","0","0","",""
"rana/gacha_e287_01","1","PARAM_HAND_R_06_001","已声明","1","0","0","0","0","",""
"rana/gacha_e287_01","1","PARAM_HAND_R_09_001","已声明","1","0","0","0","0","",""
"rana/idle01","1","PARAM_HAND_L_01_001","已声明","1","1","1","1","1","0–5.967s","0–5.967s"
"rana/idle01","1","PARAM_HAND_L_02_001","已声明","1","0","0","0","0","",""
"rana/idle01","1","PARAM_HAND_L_03_001","已声明","1","0","0","0","0","",""
"rana/idle01","1","PARAM_HAND_L_04_001","已声明","1","0","0","0","0","",""
"rana/idle01","1","PARAM_HAND_L_05_001","已声明","1","0","0","0","0","",""
"rana/idle01","1","PARAM_HAND_L_06_001","已声明","1","0","0","0","0","",""
"rana/idle01","1","PARAM_HAND_L_07_001","已声明","1","0","0","0","0","",""
"rana/idle01","1","PARAM_HAND_R_01_001","已声明","1","1","1","1","1","0–5.967s","0–5.967s"
"rana/idle01","1","PARAM_HAND_R_02_001","已声明","1","0","0","0","0","",""
"rana/idle01","1","PARAM_HAND_R_03_001","已声明","1","0","0","0","0","",""
"rana/idle01","1","PARAM_HAND_R_04_001","已声明","1","0","0","0","0","",""
"rana/idle01","1","PARAM_HAND_R_05_001","已声明","1","0","0","0","0","",""
"rana/idle01","1","PARAM_HAND_R_06_001","已声明","1","0","0","0","0","",""
"rana/idle01","1","PARAM_HAND_R_09_001","已声明","1","0","0","0","0","",""
"rana/kime01","1","PARAM_HAND_L_01_001","已声明","1","1","1","1","1","0–4.967s","0–4.967s"
"rana/kime01","1","PARAM_HAND_L_02_001","已声明","1","0","0","0","0","",""
"rana/kime01","1","PARAM_HAND_L_03_001","已声明","1","0","0","0","0","",""
"rana/kime01","1","PARAM_HAND_L_04_001","已声明","1","0","0","0","0","",""
"rana/kime01","1","PARAM_HAND_L_05_001","已声明","1","0","0","0","0","",""
"rana/kime01","1","PARAM_HAND_L_06_001","已声明","1","0","0","0","0","",""
"rana/kime01","1","PARAM_HAND_L_07_001","已声明","1","0","0","0","0","",""
"rana/kime01","1","PARAM_HAND_R_01_001","已声明","1","1","1","1","1","0–4.967s","0–4.967s"
"rana/kime01","1","PARAM_HAND_R_02_001","已声明","1","0","0","0","0","",""
"rana/kime01","1","PARAM_HAND_R_03_001","已声明","1","0","0","0","0","",""
"rana/kime01","1","PARAM_HAND_R_04_001","已声明","1","0","0","0","0","",""
"rana/kime01","1","PARAM_HAND_R_05_001","已声明","1","0","0","0","0","",""
"rana/kime01","1","PARAM_HAND_R_06_001","已声明","1","0","0","0","0","",""
"rana/kime01","1","PARAM_HAND_R_09_001","已声明","1","0","0","0","0","",""
"rana/nf_left01","1","PARAM_HAND_L_01_001","已声明","1","1","1","1","1","0–4.967s","0–4.967s"
"rana/nf_left01","1","PARAM_HAND_L_02_001","已声明","1","0","0","0","0","",""
"rana/nf_left01","1","PARAM_HAND_L_03_001","已声明","1","0","0","0","0","",""
"rana/nf_left01","1","PARAM_HAND_L_04_001","已声明","1","0","0","0","0","",""
"rana/nf_left01","1","PARAM_HAND_L_05_001","已声明","1","0","0","0","0","",""
"rana/nf_left01","1","PARAM_HAND_L_06_001","已声明","1","0","0","0","0","",""
"rana/nf_left01","1","PARAM_HAND_L_07_001","已声明","1","0","0","0","0","",""
"rana/nf_left01","1","PARAM_HAND_R_01_001","已声明","1","1","1","1","1","0–4.967s","0–4.967s"
"rana/nf_left01","1","PARAM_HAND_R_02_001","已声明","1","0","0","0","0","",""
"rana/nf_left01","1","PARAM_HAND_R_03_001","已声明","1","0","0","0","0","",""
"rana/nf_left01","1","PARAM_HAND_R_04_001","已声明","1","0","0","0","0","",""
"rana/nf_left01","1","PARAM_HAND_R_05_001","已声明","1","0","0","0","0","",""
"rana/nf_left01","1","PARAM_HAND_R_06_001","已声明","1","0","0","0","0","",""
"rana/nf_left01","1","PARAM_HAND_R_09_001","已声明","1","0","0","0","0","",""
"rana/nf_right01","1","PARAM_HAND_L_01_001","已声明","1","1","1","1","1","0–4.967s","0–4.967s"
"rana/nf_right01","1","PARAM_HAND_L_02_001","已声明","1","0","0","0","0","",""
"rana/nf_right01","1","PARAM_HAND_L_03_001","已声明","1","0","0","0","0","",""
"rana/nf_right01","1","PARAM_HAND_L_04_001","已声明","1","0","0","0","0","",""
"rana/nf_right01","1","PARAM_HAND_L_05_001","已声明","1","0","0","0","0","",""
"rana/nf_right01","1","PARAM_HAND_L_06_001","已声明","1","0","0","0","0","",""
"rana/nf_right01","1","PARAM_HAND_L_07_001","已声明","1","0","0","0","0","",""
"rana/nf_right01","1","PARAM_HAND_R_01_001","已声明","1","1","1","1","1","0–4.967s","0–4.967s"
"rana/nf_right01","1","PARAM_HAND_R_02_001","已声明","1","0","0","0","0","",""
"rana/nf_right01","1","PARAM_HAND_R_03_001","已声明","1","0","0","0","0","",""
"rana/nf_right01","1","PARAM_HAND_R_04_001","已声明","1","0","0","0","0","",""
"rana/nf_right01","1","PARAM_HAND_R_05_001","已声明","1","0","0","0","0","",""
"rana/nf_right01","1","PARAM_HAND_R_06_001","已声明","1","0","0","0","0","",""
"rana/nf_right01","1","PARAM_HAND_R_09_001","已声明","1","0","0","0","0","",""
"rana/nf01","1","PARAM_HAND_L_01_001","已声明","1","1","1","1","1","0–8.967s","0–8.967s"
"rana/nf01","1","PARAM_HAND_L_02_001","已声明","1","0","0","0","0","",""
"rana/nf01","1","PARAM_HAND_L_03_001","已声明","1","0","0","0","0","",""
"rana/nf01","1","PARAM_HAND_L_04_001","已声明","1","0","0","0","0","",""
"rana/nf01","1","PARAM_HAND_L_05_001","已声明","1","0","0","0","0","",""
"rana/nf01","1","PARAM_HAND_L_06_001","已声明","1","0","0","0","0","",""
"rana/nf01","1","PARAM_HAND_L_07_001","已声明","1","0","0","0","0","",""
"rana/nf01","1","PARAM_HAND_R_01_001","已声明","1","0","0","0","0","",""
"rana/nf01","1","PARAM_HAND_R_02_001","已声明","1","0","0","0","0","",""
"rana/nf01","1","PARAM_HAND_R_03_001","已声明","1","0","0","0","0","",""
"rana/nf01","1","PARAM_HAND_R_04_001","已声明","1","0","0","0","0","",""
"rana/nf01","1","PARAM_HAND_R_05_001","已声明","1","1","1","1","1","0–8.967s","0–8.967s"
"rana/nf01","1","PARAM_HAND_R_06_001","已声明","1","0","0","0","0","",""
"rana/nf01","1","PARAM_HAND_R_09_001","已声明","1","0","0","0","0","",""
"rana/nf01_ingameV2","1","PARAM_HAND_L_01_001","已声明","1","1","1","1","1","0–4.967s","0–4.967s"
"rana/nf01_ingameV2","1","PARAM_HAND_L_02_001","已声明","1","0","0","0","0","",""
"rana/nf01_ingameV2","1","PARAM_HAND_L_03_001","已声明","1","0","0","0","0","",""
"rana/nf01_ingameV2","1","PARAM_HAND_L_04_001","已声明","1","0","0","0","0","",""
"rana/nf01_ingameV2","1","PARAM_HAND_L_05_001","已声明","1","0","0","0","0","",""
"rana/nf01_ingameV2","1","PARAM_HAND_L_06_001","已声明","1","0","0","0","0","",""
"rana/nf01_ingameV2","1","PARAM_HAND_L_07_001","已声明","1","0","0","0","0","",""
"rana/nf01_ingameV2","1","PARAM_HAND_R_01_001","已声明","1","1","1","1","1","0–4.967s","0–4.967s"
"rana/nf01_ingameV2","1","PARAM_HAND_R_02_001","已声明","1","0","0","0","0","",""
"rana/nf01_ingameV2","1","PARAM_HAND_R_03_001","已声明","1","0","0","0","0","",""
"rana/nf01_ingameV2","1","PARAM_HAND_R_04_001","已声明","1","0","0","0","0","",""
"rana/nf01_ingameV2","1","PARAM_HAND_R_05_001","已声明","1","0","0","0","0","",""
"rana/nf01_ingameV2","1","PARAM_HAND_R_06_001","已声明","1","0","0","0","0","",""
"rana/nf01_ingameV2","1","PARAM_HAND_R_09_001","已声明","1","0","0","0","0","",""
"rana/nf02","1","PARAM_HAND_L_01_001","已声明","1","1","1","1","1","0–4.967s","0–4.967s"
"rana/nf02","1","PARAM_HAND_L_02_001","已声明","1","0","0","0","0","",""
"rana/nf02","1","PARAM_HAND_L_03_001","已声明","1","0","0","0","0","",""
"rana/nf02","1","PARAM_HAND_L_04_001","已声明","1","0","0","0","0","",""
"rana/nf02","1","PARAM_HAND_L_05_001","已声明","1","0","0","0","0","",""
"rana/nf02","1","PARAM_HAND_L_06_001","已声明","1","0","0","0","0","",""
"rana/nf02","1","PARAM_HAND_L_07_001","已声明","1","0","0","0","0","",""
"rana/nf02","1","PARAM_HAND_R_01_001","已声明","1","1","1","1","1","0–4.967s","0–4.967s"
"rana/nf02","1","PARAM_HAND_R_02_001","已声明","1","0","0","0","0","",""
"rana/nf02","1","PARAM_HAND_R_03_001","已声明","1","0","0","0","0","",""
"rana/nf02","1","PARAM_HAND_R_04_001","已声明","1","0","0","0","0","",""
"rana/nf02","1","PARAM_HAND_R_05_001","已声明","1","0","0","0","0","",""
"rana/nf02","1","PARAM_HAND_R_06_001","已声明","1","0","0","0","0","",""
"rana/nf02","1","PARAM_HAND_R_09_001","已声明","1","0","0","0","0","",""
"rana/nf03","1","PARAM_HAND_L_01_001","已声明","1","0","0","0","0","",""
"rana/nf03","1","PARAM_HAND_L_02_001","已声明","1","0","0","0","0","",""
"rana/nf03","1","PARAM_HAND_L_03_001","已声明","1","0","0","0","0","",""
"rana/nf03","1","PARAM_HAND_L_04_001","已声明","1","0","0","0","0","",""
"rana/nf03","1","PARAM_HAND_L_05_001","已声明","1","0","0","0","0","",""
"rana/nf03","1","PARAM_HAND_L_06_001","已声明","1","0","0","0","0","",""
"rana/nf03","1","PARAM_HAND_L_07_001","已声明","1","1","1","1","1","0–5.467s","0–5.467s"
"rana/nf03","1","PARAM_HAND_R_01_001","已声明","1","1","1","1","1","0–5.467s","0–5.467s"
"rana/nf03","1","PARAM_HAND_R_02_001","已声明","1","0","0","0","0","",""
"rana/nf03","1","PARAM_HAND_R_03_001","已声明","1","0","0","0","0","",""
"rana/nf03","1","PARAM_HAND_R_04_001","已声明","1","0","0","0","0","",""
"rana/nf03","1","PARAM_HAND_R_05_001","已声明","1","0","0","0","0","",""
"rana/nf03","1","PARAM_HAND_R_06_001","已声明","1","0","0","0","0","",""
"rana/nf03","1","PARAM_HAND_R_09_001","已声明","1","0","0","0","0","",""
"rana/nf04","1","PARAM_HAND_L_01_001","已声明","1","1","1","1","1","0–5.467s","0–5.467s"
"rana/nf04","1","PARAM_HAND_L_02_001","已声明","1","0","0","0","0","",""
"rana/nf04","1","PARAM_HAND_L_03_001","已声明","1","0","0","0","0","",""
"rana/nf04","1","PARAM_HAND_L_04_001","已声明","1","0","0","0","0","",""
"rana/nf04","1","PARAM_HAND_L_05_001","已声明","1","0","0","0","0","",""
"rana/nf04","1","PARAM_HAND_L_06_001","已声明","1","0","0","0","0","",""
"rana/nf04","1","PARAM_HAND_L_07_001","已声明","1","0","0","0","0","",""
"rana/nf04","1","PARAM_HAND_R_01_001","已声明","1","1","1","1","1","0–5.467s","0–5.467s"
"rana/nf04","1","PARAM_HAND_R_02_001","已声明","1","0","0","0","0","",""
"rana/nf04","1","PARAM_HAND_R_03_001","已声明","1","0","0","0","0","",""
"rana/nf04","1","PARAM_HAND_R_04_001","已声明","1","0","0","0","0","",""
"rana/nf04","1","PARAM_HAND_R_05_001","已声明","1","0","0","0","0","",""
"rana/nf04","1","PARAM_HAND_R_06_001","已声明","1","0","0","0","0","",""
"rana/nf04","1","PARAM_HAND_R_09_001","已声明","1","0","0","0","0","",""
"rana/nf05","1","PARAM_HAND_L_01_001","已声明","1","1","1","1","1","0–4.967s","0–4.967s"
"rana/nf05","1","PARAM_HAND_L_02_001","已声明","1","0","0","0","0","",""
"rana/nf05","1","PARAM_HAND_L_03_001","已声明","1","0","0","0","0","",""
"rana/nf05","1","PARAM_HAND_L_04_001","已声明","1","0","0","0","0","",""
"rana/nf05","1","PARAM_HAND_L_05_001","已声明","1","0","0","0","0","",""
"rana/nf05","1","PARAM_HAND_L_06_001","已声明","1","0","0","0","0","",""
"rana/nf05","1","PARAM_HAND_L_07_001","已声明","1","0","0","0","0","",""
"rana/nf05","1","PARAM_HAND_R_01_001","已声明","1","1","1","1","1","0–4.967s","0–4.967s"
"rana/nf05","1","PARAM_HAND_R_02_001","已声明","1","0","0","0","0","",""
"rana/nf05","1","PARAM_HAND_R_03_001","已声明","1","0","0","0","0","",""
"rana/nf05","1","PARAM_HAND_R_04_001","已声明","1","0","0","0","0","",""
"rana/nf05","1","PARAM_HAND_R_05_001","已声明","1","0","0","0","0","",""
"rana/nf05","1","PARAM_HAND_R_06_001","已声明","1","0","0","0","0","",""
"rana/nf05","1","PARAM_HAND_R_09_001","已声明","1","0","0","0","0","",""
"rana/niya01","1","PARAM_HAND_L_01_001","已声明","1","1","1","1","1","0–6.467s","0–6.467s"
"rana/niya01","1","PARAM_HAND_L_02_001","已声明","1","0","0","0","0","",""
"rana/niya01","1","PARAM_HAND_L_03_001","已声明","1","0","0","0","0","",""
"rana/niya01","1","PARAM_HAND_L_04_001","已声明","1","0","0","0","0","",""
"rana/niya01","1","PARAM_HAND_L_05_001","已声明","1","0","0","0","0","",""
"rana/niya01","1","PARAM_HAND_L_06_001","已声明","1","0","0","0","0","",""
"rana/niya01","1","PARAM_HAND_L_07_001","已声明","1","0","0","0","0","",""
"rana/niya01","1","PARAM_HAND_R_01_001","已声明","1","0","0","0","0","",""
"rana/niya01","1","PARAM_HAND_R_02_001","已声明","1","0","0","0","0","",""
"rana/niya01","1","PARAM_HAND_R_03_001","已声明","1","0","0","0","0","",""
"rana/niya01","1","PARAM_HAND_R_04_001","已声明","1","0","0","0","0","",""
"rana/niya01","1","PARAM_HAND_R_05_001","已声明","1","0","0","0","0","",""
"rana/niya01","1","PARAM_HAND_R_06_001","已声明","1","0","0","0","0","",""
"rana/niya01","1","PARAM_HAND_R_09_001","已声明","1","1","1","1","1","0–6.467s","0–6.467s"
"rana/nnf01","1","PARAM_HAND_L_01_001","已声明","1","1","1","1","1","0–4.967s","0–4.967s"
"rana/nnf01","1","PARAM_HAND_L_02_001","已声明","1","0","0","0","0","",""
"rana/nnf01","1","PARAM_HAND_L_03_001","已声明","1","0","0","0","0","",""
"rana/nnf01","1","PARAM_HAND_L_04_001","已声明","1","0","0","0","0","",""
"rana/nnf01","1","PARAM_HAND_L_05_001","已声明","1","0","0","0","0","",""
"rana/nnf01","1","PARAM_HAND_L_06_001","已声明","1","0","0","0","0","",""
"rana/nnf01","1","PARAM_HAND_L_07_001","已声明","1","0","0","0","0","",""
"rana/nnf01","1","PARAM_HAND_R_01_001","已声明","1","1","1","1","1","0–4.967s","0–4.967s"
"rana/nnf01","1","PARAM_HAND_R_02_001","已声明","1","0","0","0","0","",""
"rana/nnf01","1","PARAM_HAND_R_03_001","已声明","1","0","0","0","0","",""
"rana/nnf01","1","PARAM_HAND_R_04_001","已声明","1","0","0","0","0","",""
"rana/nnf01","1","PARAM_HAND_R_05_001","已声明","1","0","0","0","0","",""
"rana/nnf01","1","PARAM_HAND_R_06_001","已声明","1","0","0","0","0","",""
"rana/nnf01","1","PARAM_HAND_R_09_001","已声明","1","0","0","0","0","",""
"rana/nnf04","1","PARAM_HAND_L_01_001","已声明","1","1","1","1","1","0–5.467s","0–5.467s"
"rana/nnf04","1","PARAM_HAND_L_02_001","已声明","1","0","0","0","0","",""
"rana/nnf04","1","PARAM_HAND_L_03_001","已声明","1","0","0","0","0","",""
"rana/nnf04","1","PARAM_HAND_L_04_001","已声明","1","0","0","0","0","",""
"rana/nnf04","1","PARAM_HAND_L_05_001","已声明","1","0","0","0","0","",""
"rana/nnf04","1","PARAM_HAND_L_06_001","已声明","1","0","0","0","0","",""
"rana/nnf04","1","PARAM_HAND_L_07_001","已声明","1","0","0","0","0","",""
"rana/nnf04","1","PARAM_HAND_R_01_001","已声明","1","1","1","1","1","0–5.467s","0–5.467s"
"rana/nnf04","1","PARAM_HAND_R_02_001","已声明","1","0","0","0","0","",""
"rana/nnf04","1","PARAM_HAND_R_03_001","已声明","1","0","0","0","0","",""
"rana/nnf04","1","PARAM_HAND_R_04_001","已声明","1","0","0","0","0","",""
"rana/nnf04","1","PARAM_HAND_R_05_001","已声明","1","0","0","0","0","",""
"rana/nnf04","1","PARAM_HAND_R_06_001","已声明","1","0","0","0","0","",""
"rana/nnf04","1","PARAM_HAND_R_09_001","已声明","1","0","0","0","0","",""
"rana/nnf05","1","PARAM_HAND_L_01_001","已声明","1","1","1","1","1","0–4.967s","0–4.967s"
"rana/nnf05","1","PARAM_HAND_L_02_001","已声明","1","0","0","0","0","",""
"rana/nnf05","1","PARAM_HAND_L_03_001","已声明","1","0","0","0","0","",""
"rana/nnf05","1","PARAM_HAND_L_04_001","已声明","1","0","0","0","0","",""
"rana/nnf05","1","PARAM_HAND_L_05_001","已声明","1","0","0","0","0","",""
"rana/nnf05","1","PARAM_HAND_L_06_001","已声明","1","0","0","0","0","",""
"rana/nnf05","1","PARAM_HAND_L_07_001","已声明","1","0","0","0","0","",""
"rana/nnf05","1","PARAM_HAND_R_01_001","已声明","1","1","1","1","1","0–4.967s","0–4.967s"
"rana/nnf05","1","PARAM_HAND_R_02_001","已声明","1","0","0","0","0","",""
"rana/nnf05","1","PARAM_HAND_R_03_001","已声明","1","0","0","0","0","",""
"rana/nnf05","1","PARAM_HAND_R_04_001","已声明","1","0","0","0","0","",""
"rana/nnf05","1","PARAM_HAND_R_05_001","已声明","1","0","0","0","0","",""
"rana/nnf05","1","PARAM_HAND_R_06_001","已声明","1","0","0","0","0","",""
"rana/nnf05","1","PARAM_HAND_R_09_001","已声明","1","0","0","0","0","",""
"rana/sad01","1","PARAM_HAND_L_01_001","已声明","1","1","1","1","1","0–5.967s","0–5.967s"
"rana/sad01","1","PARAM_HAND_L_02_001","已声明","1","0","0","0","0","",""
"rana/sad01","1","PARAM_HAND_L_03_001","已声明","1","0","0","0","0","",""
"rana/sad01","1","PARAM_HAND_L_04_001","已声明","1","0","0","0","0","",""
"rana/sad01","1","PARAM_HAND_L_05_001","已声明","1","0","0","0","0","",""
"rana/sad01","1","PARAM_HAND_L_06_001","已声明","1","0","0","0","0","",""
"rana/sad01","1","PARAM_HAND_L_07_001","已声明","1","0","0","0","0","",""
"rana/sad01","1","PARAM_HAND_R_01_001","已声明","1","1","1","1","1","0–5.967s","0–5.967s"
"rana/sad01","1","PARAM_HAND_R_02_001","已声明","1","0","0","0","0","",""
"rana/sad01","1","PARAM_HAND_R_03_001","已声明","1","0","0","0","0","",""
"rana/sad01","1","PARAM_HAND_R_04_001","已声明","1","0","0","0","0","",""
"rana/sad01","1","PARAM_HAND_R_05_001","已声明","1","0","0","0","0","",""
"rana/sad01","1","PARAM_HAND_R_06_001","已声明","1","0","0","0","0","",""
"rana/sad01","1","PARAM_HAND_R_09_001","已声明","1","0","0","0","0","",""
"rana/serious01","1","PARAM_HAND_L_01_001","已声明","1","1","1","1","1","0–5.467s","0–5.467s"
"rana/serious01","1","PARAM_HAND_L_02_001","已声明","1","0","0","0","0","",""
"rana/serious01","1","PARAM_HAND_L_03_001","已声明","1","0","0","0","0","",""
"rana/serious01","1","PARAM_HAND_L_04_001","已声明","1","0","0","0","0","",""
"rana/serious01","1","PARAM_HAND_L_05_001","已声明","1","0","0","0","0","",""
"rana/serious01","1","PARAM_HAND_L_06_001","已声明","1","0","0","0","0","",""
"rana/serious01","1","PARAM_HAND_L_07_001","已声明","1","0","0","0","0","",""
"rana/serious01","1","PARAM_HAND_R_01_001","已声明","1","1","1","1","1","0–5.467s","0–5.467s"
"rana/serious01","1","PARAM_HAND_R_02_001","已声明","1","0","0","0","0","",""
"rana/serious01","1","PARAM_HAND_R_03_001","已声明","1","0","0","0","0","",""
"rana/serious01","1","PARAM_HAND_R_04_001","已声明","1","0","0","0","0","",""
"rana/serious01","1","PARAM_HAND_R_05_001","已声明","1","0","0","0","0","",""
"rana/serious01","1","PARAM_HAND_R_06_001","已声明","1","0","0","0","0","",""
"rana/serious01","1","PARAM_HAND_R_09_001","已声明","1","0","0","0","0","",""
"rana/serious02","1","PARAM_HAND_L_01_001","已声明","1","1","1","1","1","0–5.467s","0–5.467s"
"rana/serious02","1","PARAM_HAND_L_02_001","已声明","1","0","0","0","0","",""
"rana/serious02","1","PARAM_HAND_L_03_001","已声明","1","0","0","0","0","",""
"rana/serious02","1","PARAM_HAND_L_04_001","已声明","1","0","0","0","0","",""
"rana/serious02","1","PARAM_HAND_L_05_001","已声明","1","0","0","0","0","",""
"rana/serious02","1","PARAM_HAND_L_06_001","已声明","1","0","0","0","0","",""
"rana/serious02","1","PARAM_HAND_L_07_001","已声明","1","0","0","0","0","",""
"rana/serious02","1","PARAM_HAND_R_01_001","已声明","1","0","0","0","0","",""
"rana/serious02","1","PARAM_HAND_R_02_001","已声明","1","0","0","0","0","",""
"rana/serious02","1","PARAM_HAND_R_03_001","已声明","1","0","0","0","0","",""
"rana/serious02","1","PARAM_HAND_R_04_001","已声明","1","0","0","0","0","",""
"rana/serious02","1","PARAM_HAND_R_05_001","已声明","1","0","0","0","0","",""
"rana/serious02","1","PARAM_HAND_R_06_001","已声明","1","0","0","0","0","",""
"rana/serious02","1","PARAM_HAND_R_09_001","已声明","1","1","1","1","1","0–5.467s","0–5.467s"
"rana/shame01","1","PARAM_HAND_L_01_001","已声明","1","0","0","0","0","",""
"rana/shame01","1","PARAM_HAND_L_02_001","已声明","1","0","0","0","0","",""
"rana/shame01","1","PARAM_HAND_L_03_001","已声明","1","0","0","0","0","",""
"rana/shame01","1","PARAM_HAND_L_04_001","已声明","1","0","0","0","0","",""
"rana/shame01","1","PARAM_HAND_L_05_001","已声明","1","0","0","0","0","",""
"rana/shame01","1","PARAM_HAND_L_06_001","已声明","1","0","0","0","0","",""
"rana/shame01","1","PARAM_HAND_L_07_001","已声明","1","1","1","1","1","0–4.967s","0–4.967s"
"rana/shame01","1","PARAM_HAND_R_01_001","已声明","1","0","0","0","0","",""
"rana/shame01","1","PARAM_HAND_R_02_001","已声明","1","0","0","0","0","",""
"rana/shame01","1","PARAM_HAND_R_03_001","已声明","1","0","0","0","0","",""
"rana/shame01","1","PARAM_HAND_R_04_001","已声明","1","0","0","0","0","",""
"rana/shame01","1","PARAM_HAND_R_05_001","已声明","1","0","0","0","0","",""
"rana/shame01","1","PARAM_HAND_R_06_001","已声明","1","0","0","0","0","",""
"rana/shame01","1","PARAM_HAND_R_09_001","已声明","1","1","1","1","1","0–4.967s","0–4.967s"
"rana/sigh01","1","PARAM_HAND_L_01_001","已声明","1","1","1","1","1","0–4.967s","0–4.967s"
"rana/sigh01","1","PARAM_HAND_L_02_001","已声明","1","0","0","0","0","",""
"rana/sigh01","1","PARAM_HAND_L_03_001","已声明","1","0","0","0","0","",""
"rana/sigh01","1","PARAM_HAND_L_04_001","已声明","1","0","0","0","0","",""
"rana/sigh01","1","PARAM_HAND_L_05_001","已声明","1","0","0","0","0","",""
"rana/sigh01","1","PARAM_HAND_L_06_001","已声明","1","0","0","0","0","",""
"rana/sigh01","1","PARAM_HAND_L_07_001","已声明","1","0","0","0","0","",""
"rana/sigh01","1","PARAM_HAND_R_01_001","已声明","1","1","1","1","1","0–4.967s","0–4.967s"
"rana/sigh01","1","PARAM_HAND_R_02_001","已声明","1","0","0","0","0","",""
"rana/sigh01","1","PARAM_HAND_R_03_001","已声明","1","0","0","0","0","",""
"rana/sigh01","1","PARAM_HAND_R_04_001","已声明","1","0","0","0","0","",""
"rana/sigh01","1","PARAM_HAND_R_05_001","已声明","1","0","0","0","0","",""
"rana/sigh01","1","PARAM_HAND_R_06_001","已声明","1","0","0","0","0","",""
"rana/sigh01","1","PARAM_HAND_R_09_001","已声明","1","0","0","0","0","",""
"rana/smile01","1","PARAM_HAND_L_01_001","已声明","1","0","0","0","0","",""
"rana/smile01","1","PARAM_HAND_L_02_001","已声明","1","0","0","0","0","",""
"rana/smile01","1","PARAM_HAND_L_03_001","已声明","346","0","1","0","0","0.033–2.333s","0.233–2.267s"
"rana/smile01","1","PARAM_HAND_L_04_001","已声明","1","0","0","0","0","",""
"rana/smile01","1","PARAM_HAND_L_05_001","已声明","346","0","1","1","1","0–0.4s; 2.267–11.5s","0–0.2s; 2.3–11.5s"
"rana/smile01","1","PARAM_HAND_L_06_001","已声明","1","0","0","0","0","",""
"rana/smile01","1","PARAM_HAND_L_07_001","已声明","1","0","0","0","0","",""
"rana/smile01","1","PARAM_HAND_R_01_001","已声明","1","1","1","1","1","0–11.5s","0–11.5s"
"rana/smile01","1","PARAM_HAND_R_02_001","已声明","1","0","0","0","0","",""
"rana/smile01","1","PARAM_HAND_R_03_001","已声明","1","0","0","0","0","",""
"rana/smile01","1","PARAM_HAND_R_04_001","已声明","1","0","0","0","0","",""
"rana/smile01","1","PARAM_HAND_R_05_001","已声明","1","0","0","0","0","",""
"rana/smile01","1","PARAM_HAND_R_06_001","已声明","1","0","0","0","0","",""
"rana/smile01","1","PARAM_HAND_R_09_001","已声明","1","0","0","0","0","",""
"rana/smile01_ingameV2","1","PARAM_HAND_L_01_001","已声明","1","1","1","1","1","0–5.467s","0–5.467s"
"rana/smile01_ingameV2","1","PARAM_HAND_L_02_001","已声明","1","0","0","0","0","",""
"rana/smile01_ingameV2","1","PARAM_HAND_L_03_001","已声明","1","0","0","0","0","",""
"rana/smile01_ingameV2","1","PARAM_HAND_L_04_001","已声明","1","0","0","0","0","",""
"rana/smile01_ingameV2","1","PARAM_HAND_L_05_001","已声明","1","0","0","0","0","",""
"rana/smile01_ingameV2","1","PARAM_HAND_L_06_001","已声明","1","0","0","0","0","",""
"rana/smile01_ingameV2","1","PARAM_HAND_L_07_001","已声明","1","0","0","0","0","",""
"rana/smile01_ingameV2","1","PARAM_HAND_R_01_001","已声明","1","0","0","0","0","",""
"rana/smile01_ingameV2","1","PARAM_HAND_R_02_001","已声明","1","0","0","0","0","",""
"rana/smile01_ingameV2","1","PARAM_HAND_R_03_001","已声明","1","0","0","0","0","",""
"rana/smile01_ingameV2","1","PARAM_HAND_R_04_001","已声明","1","0","0","0","0","",""
"rana/smile01_ingameV2","1","PARAM_HAND_R_05_001","已声明","1","1","1","1","1","0–5.467s","0–5.467s"
"rana/smile01_ingameV2","1","PARAM_HAND_R_06_001","已声明","1","0","0","0","0","",""
"rana/smile01_ingameV2","1","PARAM_HAND_R_09_001","已声明","1","0","0","0","0","",""
"rana/smile02","1","PARAM_HAND_L_01_001","已声明","1","1","1","1","1","0–5.967s","0–5.967s"
"rana/smile02","1","PARAM_HAND_L_02_001","已声明","1","0","0","0","0","",""
"rana/smile02","1","PARAM_HAND_L_03_001","已声明","1","0","0","0","0","",""
"rana/smile02","1","PARAM_HAND_L_04_001","已声明","1","0","0","0","0","",""
"rana/smile02","1","PARAM_HAND_L_05_001","已声明","1","0","0","0","0","",""
"rana/smile02","1","PARAM_HAND_L_06_001","已声明","1","0","0","0","0","",""
"rana/smile02","1","PARAM_HAND_L_07_001","已声明","1","0","0","0","0","",""
"rana/smile02","1","PARAM_HAND_R_01_001","已声明","1","0","0","0","0","",""
"rana/smile02","1","PARAM_HAND_R_02_001","已声明","1","1","1","1","1","0–5.967s","0–5.967s"
"rana/smile02","1","PARAM_HAND_R_03_001","已声明","1","0","0","0","0","",""
"rana/smile02","1","PARAM_HAND_R_04_001","已声明","1","0","0","0","0","",""
"rana/smile02","1","PARAM_HAND_R_05_001","已声明","1","0","0","0","0","",""
"rana/smile02","1","PARAM_HAND_R_06_001","已声明","1","0","0","0","0","",""
"rana/smile02","1","PARAM_HAND_R_09_001","已声明","1","0","0","0","0","",""
"rana/smile04","1","PARAM_HAND_L_01_001","已声明","1","1","1","1","1","0–5.467s","0–5.467s"
"rana/smile04","1","PARAM_HAND_L_02_001","已声明","1","0","0","0","0","",""
"rana/smile04","1","PARAM_HAND_L_03_001","已声明","1","0","0","0","0","",""
"rana/smile04","1","PARAM_HAND_L_04_001","已声明","1","0","0","0","0","",""
"rana/smile04","1","PARAM_HAND_L_05_001","已声明","1","0","0","0","0","",""
"rana/smile04","1","PARAM_HAND_L_06_001","已声明","1","0","0","0","0","",""
"rana/smile04","1","PARAM_HAND_L_07_001","已声明","1","0","0","0","0","",""
"rana/smile04","1","PARAM_HAND_R_01_001","已声明","1","1","1","1","1","0–5.467s","0–5.467s"
"rana/smile04","1","PARAM_HAND_R_02_001","已声明","1","0","0","0","0","",""
"rana/smile04","1","PARAM_HAND_R_03_001","已声明","1","0","0","0","0","",""
"rana/smile04","1","PARAM_HAND_R_04_001","已声明","1","0","0","0","0","",""
"rana/smile04","1","PARAM_HAND_R_05_001","已声明","1","0","0","0","0","",""
"rana/smile04","1","PARAM_HAND_R_06_001","已声明","1","0","0","0","0","",""
"rana/smile04","1","PARAM_HAND_R_09_001","已声明","1","0","0","0","0","",""
"rana/surprised01","1","PARAM_HAND_L_01_001","已声明","1","1","1","1","1","0–4.967s","0–4.967s"
"rana/surprised01","1","PARAM_HAND_L_02_001","已声明","1","0","0","0","0","",""
"rana/surprised01","1","PARAM_HAND_L_03_001","已声明","1","0","0","0","0","",""
"rana/surprised01","1","PARAM_HAND_L_04_001","已声明","1","0","0","0","0","",""
"rana/surprised01","1","PARAM_HAND_L_05_001","已声明","1","0","0","0","0","",""
"rana/surprised01","1","PARAM_HAND_L_06_001","已声明","1","0","0","0","0","",""
"rana/surprised01","1","PARAM_HAND_L_07_001","已声明","1","0","0","0","0","",""
"rana/surprised01","1","PARAM_HAND_R_01_001","已声明","1","1","1","1","1","0–4.967s","0–4.967s"
"rana/surprised01","1","PARAM_HAND_R_02_001","已声明","1","0","0","0","0","",""
"rana/surprised01","1","PARAM_HAND_R_03_001","已声明","1","0","0","0","0","",""
"rana/surprised01","1","PARAM_HAND_R_04_001","已声明","1","0","0","0","0","",""
"rana/surprised01","1","PARAM_HAND_R_05_001","已声明","1","0","0","0","0","",""
"rana/surprised01","1","PARAM_HAND_R_06_001","已声明","1","0","0","0","0","",""
"rana/surprised01","1","PARAM_HAND_R_09_001","已声明","1","0","0","0","0","",""
"rana/thinking01","1","PARAM_HAND_L_01_001","已声明","1","0","0","0","0","",""
"rana/thinking01","1","PARAM_HAND_L_02_001","已声明","1","0","0","0","0","",""
"rana/thinking01","1","PARAM_HAND_L_03_001","已声明","1","0","0","0","0","",""
"rana/thinking01","1","PARAM_HAND_L_04_001","已声明","1","0","0","0","0","",""
"rana/thinking01","1","PARAM_HAND_L_05_001","已声明","1","0","0","0","0","",""
"rana/thinking01","1","PARAM_HAND_L_06_001","已声明","1","0","0","0","0","",""
"rana/thinking01","1","PARAM_HAND_L_07_001","已声明","1","1","1","1","1","0–6.967s","0–6.967s"
"rana/thinking01","1","PARAM_HAND_R_01_001","已声明","1","1","1","1","1","0–6.967s","0–6.967s"
"rana/thinking01","1","PARAM_HAND_R_02_001","已声明","1","0","0","0","0","",""
"rana/thinking01","1","PARAM_HAND_R_03_001","已声明","1","0","0","0","0","",""
"rana/thinking01","1","PARAM_HAND_R_04_001","已声明","1","0","0","0","0","",""
"rana/thinking01","1","PARAM_HAND_R_05_001","已声明","1","0","0","0","0","",""
"rana/thinking01","1","PARAM_HAND_R_06_001","已声明","1","0","0","0","0","",""
"rana/thinking01","1","PARAM_HAND_R_09_001","已声明","1","0","0","0","0","",""
"sakiko/angry01","1","PARAM_HAND_L_01_001","已声明","1","1","1","1","1","0–4.133s","0–4.133s"
"sakiko/angry01","1","PARAM_HAND_L_02_001","已声明","1","0","0","0","0","",""
"sakiko/angry01","1","PARAM_HAND_L_03_001","已声明","1","0","0","0","0","",""
"sakiko/angry01","1","PARAM_HAND_L_04_001","已声明","1","0","0","0","0","",""
"sakiko/angry01","1","PARAM_HAND_L_05_001","已声明","1","0","0","0","0","",""
"sakiko/angry01","1","PARAM_HAND_L_06_001","已声明","1","0","0","0","0","",""
"sakiko/angry01","1","PARAM_HAND_L_07_001","已声明","1","0","0","0","0","",""
"sakiko/angry01","1","PARAM_HAND_R_01_001","已声明","1","1","1","1","1","0–4.133s","0–4.133s"
"sakiko/angry01","1","PARAM_HAND_R_02_001","已声明","1","0","0","0","0","",""
"sakiko/angry01","1","PARAM_HAND_R_03_001","已声明","1","0","0","0","0","",""
"sakiko/angry01","1","PARAM_HAND_R_04_001","已声明","1","0","0","0","0","",""
"sakiko/angry01","1","PARAM_HAND_R_05_001","已声明","1","0","0","0","0","",""
"sakiko/angry01","1","PARAM_HAND_R_06_001","已声明","1","0","0","0","0","",""
"sakiko/angry01","1","PARAM_HAND_R_09_001","已声明","1","0","0","0","0","",""
"sakiko/angry02","1","PARAM_HAND_L_01_001","已声明","1","0","0","0","0","",""
"sakiko/angry02","1","PARAM_HAND_L_02_001","已声明","1","0","0","0","0","",""
"sakiko/angry02","1","PARAM_HAND_L_03_001","已声明","1","0","0","0","0","",""
"sakiko/angry02","1","PARAM_HAND_L_04_001","已声明","1","0","0","0","0","",""
"sakiko/angry02","1","PARAM_HAND_L_05_001","已声明","1","1","1","1","1","0–4s","0–4s"
"sakiko/angry02","1","PARAM_HAND_L_06_001","已声明","1","0","0","0","0","",""
"sakiko/angry02","1","PARAM_HAND_L_07_001","已声明","1","0","0","0","0","",""
"sakiko/angry02","1","PARAM_HAND_R_01_001","已声明","1","0","0","0","0","",""
"sakiko/angry02","1","PARAM_HAND_R_02_001","已声明","1","0","0","0","0","",""
"sakiko/angry02","1","PARAM_HAND_R_03_001","已声明","1","0","0","0","0","",""
"sakiko/angry02","1","PARAM_HAND_R_04_001","已声明","1","0","0","0","0","",""
"sakiko/angry02","1","PARAM_HAND_R_05_001","已声明","1","1","1","1","1","0–4s","0–4s"
"sakiko/angry02","1","PARAM_HAND_R_06_001","已声明","1","0","0","0","0","",""
"sakiko/angry02","1","PARAM_HAND_R_09_001","已声明","1","0","0","0","0","",""
"sakiko/angry03","1","PARAM_HAND_L_01_001","已声明","1","0","0","0","0","",""
"sakiko/angry03","1","PARAM_HAND_L_02_001","已声明","1","0","0","0","0","",""
"sakiko/angry03","1","PARAM_HAND_L_03_001","已声明","1","0","0","0","0","",""
"sakiko/angry03","1","PARAM_HAND_L_04_001","已声明","1","0","0","0","0","",""
"sakiko/angry03","1","PARAM_HAND_L_05_001","已声明","1","0","0","0","0","",""
"sakiko/angry03","1","PARAM_HAND_L_06_001","已声明","1","0","0","0","0","",""
"sakiko/angry03","1","PARAM_HAND_L_07_001","已声明","1","1","1","1","1","0–4.3s","0–4.3s"
"sakiko/angry03","1","PARAM_HAND_R_01_001","已声明","1","0","0","0","0","",""
"sakiko/angry03","1","PARAM_HAND_R_02_001","已声明","1","0","0","0","0","",""
"sakiko/angry03","1","PARAM_HAND_R_03_001","已声明","1","0","0","0","0","",""
"sakiko/angry03","1","PARAM_HAND_R_04_001","已声明","1","0","0","0","0","",""
"sakiko/angry03","1","PARAM_HAND_R_05_001","已声明","1","1","1","1","1","0–4.3s","0–4.3s"
"sakiko/angry03","1","PARAM_HAND_R_06_001","已声明","1","0","0","0","0","",""
"sakiko/angry03","1","PARAM_HAND_R_09_001","已声明","1","0","0","0","0","",""
"sakiko/angry04","1","PARAM_HAND_L_01_001","已声明","1","0","0","0","0","",""
"sakiko/angry04","1","PARAM_HAND_L_02_001","已声明","1","0","0","0","0","",""
"sakiko/angry04","1","PARAM_HAND_L_03_001","已声明","1","0","0","0","0","",""
"sakiko/angry04","1","PARAM_HAND_L_04_001","已声明","1","0","0","0","0","",""
"sakiko/angry04","1","PARAM_HAND_L_05_001","已声明","1","0","0","0","0","",""
"sakiko/angry04","1","PARAM_HAND_L_06_001","已声明","1","0","0","0","0","",""
"sakiko/angry04","1","PARAM_HAND_L_07_001","已声明","1","1","1","1","1","0–3.8s","0–3.8s"
"sakiko/angry04","1","PARAM_HAND_R_01_001","已声明","1","1","1","1","1","0–3.8s","0–3.8s"
"sakiko/angry04","1","PARAM_HAND_R_02_001","已声明","1","0","0","0","0","",""
"sakiko/angry04","1","PARAM_HAND_R_03_001","已声明","1","0","0","0","0","",""
"sakiko/angry04","1","PARAM_HAND_R_04_001","已声明","1","0","0","0","0","",""
"sakiko/angry04","1","PARAM_HAND_R_05_001","已声明","1","0","0","0","0","",""
"sakiko/angry04","1","PARAM_HAND_R_06_001","已声明","1","0","0","0","0","",""
"sakiko/angry04","1","PARAM_HAND_R_09_001","已声明","1","0","0","0","0","",""
"sakiko/angry05","1","PARAM_HAND_L_01_001","已声明","1","0","0","0","0","",""
"sakiko/angry05","1","PARAM_HAND_L_02_001","已声明","1","0","0","0","0","",""
"sakiko/angry05","1","PARAM_HAND_L_03_001","已声明","1","0","0","0","0","",""
"sakiko/angry05","1","PARAM_HAND_L_04_001","已声明","1","0","0","0","0","",""
"sakiko/angry05","1","PARAM_HAND_L_05_001","已声明","1","0","0","0","0","",""
"sakiko/angry05","1","PARAM_HAND_L_06_001","已声明","1","0","0","0","0","",""
"sakiko/angry05","1","PARAM_HAND_L_07_001","已声明","1","1","1","1","1","0–3.6s","0–3.6s"
"sakiko/angry05","1","PARAM_HAND_R_01_001","已声明","1","1","1","1","1","0–3.6s","0–3.6s"
"sakiko/angry05","1","PARAM_HAND_R_02_001","已声明","1","0","0","0","0","",""
"sakiko/angry05","1","PARAM_HAND_R_03_001","已声明","1","0","0","0","0","",""
"sakiko/angry05","1","PARAM_HAND_R_04_001","已声明","1","0","0","0","0","",""
"sakiko/angry05","1","PARAM_HAND_R_05_001","已声明","1","0","0","0","0","",""
"sakiko/angry05","1","PARAM_HAND_R_06_001","已声明","1","0","0","0","0","",""
"sakiko/angry05","1","PARAM_HAND_R_09_001","已声明","1","0","0","0","0","",""
"sakiko/angry06","1","PARAM_HAND_L_01_001","已声明","1","0","0","0","0","",""
"sakiko/angry06","1","PARAM_HAND_L_02_001","已声明","1","0","0","0","0","",""
"sakiko/angry06","1","PARAM_HAND_L_03_001","已声明","1","0","0","0","0","",""
"sakiko/angry06","1","PARAM_HAND_L_04_001","已声明","1","0","0","0","0","",""
"sakiko/angry06","1","PARAM_HAND_L_05_001","已声明","1","0","0","0","0","",""
"sakiko/angry06","1","PARAM_HAND_L_06_001","已声明","1","0","0","0","0","",""
"sakiko/angry06","1","PARAM_HAND_L_07_001","已声明","1","1","1","1","1","0–3.967s","0–3.967s"
"sakiko/angry06","1","PARAM_HAND_R_01_001","已声明","1","0","0","0","0","",""
"sakiko/angry06","1","PARAM_HAND_R_02_001","已声明","1","0","0","0","0","",""
"sakiko/angry06","1","PARAM_HAND_R_03_001","已声明","1","0","0","0","0","",""
"sakiko/angry06","1","PARAM_HAND_R_04_001","已声明","1","0","0","0","0","",""
"sakiko/angry06","1","PARAM_HAND_R_05_001","已声明","1","0","0","0","0","",""
"sakiko/angry06","1","PARAM_HAND_R_06_001","已声明","1","0","0","0","0","",""
"sakiko/angry06","1","PARAM_HAND_R_09_001","已声明","1","1","1","1","1","0–3.967s","0–3.967s"
"sakiko/angry07","1","PARAM_HAND_L_01_001","已声明","1","1","1","1","1","0–4.067s","0–4.067s"
"sakiko/angry07","1","PARAM_HAND_L_02_001","已声明","1","0","0","0","0","",""
"sakiko/angry07","1","PARAM_HAND_L_03_001","已声明","1","0","0","0","0","",""
"sakiko/angry07","1","PARAM_HAND_L_04_001","已声明","1","0","0","0","0","",""
"sakiko/angry07","1","PARAM_HAND_L_05_001","已声明","1","0","0","0","0","",""
"sakiko/angry07","1","PARAM_HAND_L_06_001","已声明","1","0","0","0","0","",""
"sakiko/angry07","1","PARAM_HAND_L_07_001","已声明","1","0","0","0","0","",""
"sakiko/angry07","1","PARAM_HAND_R_01_001","已声明","1","0","0","0","0","",""
"sakiko/angry07","1","PARAM_HAND_R_02_001","已声明","1","0","0","0","0","",""
"sakiko/angry07","1","PARAM_HAND_R_03_001","已声明","1","0","0","0","0","",""
"sakiko/angry07","1","PARAM_HAND_R_04_001","已声明","1","0","0","0","0","",""
"sakiko/angry07","1","PARAM_HAND_R_05_001","已声明","1","1","1","1","1","0–4.067s","0–4.067s"
"sakiko/angry07","1","PARAM_HAND_R_06_001","已声明","1","0","0","0","0","",""
"sakiko/angry07","1","PARAM_HAND_R_09_001","已声明","1","0","0","0","0","",""
"sakiko/bow","1","PARAM_HAND_L_01_001","已声明","1","1","1","1","1","0–3.967s","0–3.967s"
"sakiko/bow","1","PARAM_HAND_L_02_001","已声明","1","0","0","0","0","",""
"sakiko/bow","1","PARAM_HAND_L_03_001","已声明","1","0","0","0","0","",""
"sakiko/bow","1","PARAM_HAND_L_04_001","已声明","1","0","0","0","0","",""
"sakiko/bow","1","PARAM_HAND_L_05_001","已声明","1","0","0","0","0","",""
"sakiko/bow","1","PARAM_HAND_L_06_001","已声明","1","0","0","0","0","",""
"sakiko/bow","1","PARAM_HAND_L_07_001","已声明","1","0","0","0","0","",""
"sakiko/bow","1","PARAM_HAND_R_01_001","已声明","1","1","1","1","1","0–3.967s","0–3.967s"
"sakiko/bow","1","PARAM_HAND_R_02_001","已声明","1","0","0","0","0","",""
"sakiko/bow","1","PARAM_HAND_R_03_001","已声明","1","0","0","0","0","",""
"sakiko/bow","1","PARAM_HAND_R_04_001","已声明","1","0","0","0","0","",""
"sakiko/bow","1","PARAM_HAND_R_05_001","已声明","1","0","0","0","0","",""
"sakiko/bow","1","PARAM_HAND_R_06_001","已声明","1","0","0","0","0","",""
"sakiko/bow","1","PARAM_HAND_R_09_001","已声明","1","0","0","0","0","",""
"sakiko/bye01","1","PARAM_HAND_L_01_001","已声明","1","0","0","0","0","",""
"sakiko/bye01","1","PARAM_HAND_L_02_001","已声明","1","0","0","0","0","",""
"sakiko/bye01","1","PARAM_HAND_L_03_001","已声明","1","0","0","0","0","",""
"sakiko/bye01","1","PARAM_HAND_L_04_001","已声明","1","0","0","0","0","",""
"sakiko/bye01","1","PARAM_HAND_L_05_001","已声明","1","0","0","0","0","",""
"sakiko/bye01","1","PARAM_HAND_L_06_001","已声明","1","0","0","0","0","",""
"sakiko/bye01","1","PARAM_HAND_L_07_001","已声明","1","1","1","1","1","0–4.2s","0–4.2s"
"sakiko/bye01","1","PARAM_HAND_R_01_001","已声明","1","0","0","0","0","",""
"sakiko/bye01","1","PARAM_HAND_R_02_001","已声明","1","0","0","0","0","",""
"sakiko/bye01","1","PARAM_HAND_R_03_001","已声明","1","0","0","0","0","",""
"sakiko/bye01","1","PARAM_HAND_R_04_001","已声明","1","0","0","0","0","",""
"sakiko/bye01","1","PARAM_HAND_R_05_001","已声明","1","1","1","1","1","0–4.2s","0–4.2s"
"sakiko/bye01","1","PARAM_HAND_R_06_001","已声明","1","0","0","0","0","",""
"sakiko/bye01","1","PARAM_HAND_R_09_001","已声明","1","0","0","0","0","",""
"sakiko/bye02","1","PARAM_HAND_L_01_001","已声明","1","0","0","0","0","",""
"sakiko/bye02","1","PARAM_HAND_L_02_001","已声明","1","0","0","0","0","",""
"sakiko/bye02","1","PARAM_HAND_L_03_001","已声明","1","0","0","0","0","",""
"sakiko/bye02","1","PARAM_HAND_L_04_001","已声明","1","0","0","0","0","",""
"sakiko/bye02","1","PARAM_HAND_L_05_001","已声明","1","0","0","0","0","",""
"sakiko/bye02","1","PARAM_HAND_L_06_001","已声明","1","0","0","0","0","",""
"sakiko/bye02","1","PARAM_HAND_L_07_001","已声明","1","1","1","1","1","0–4.2s","0–4.2s"
"sakiko/bye02","1","PARAM_HAND_R_01_001","已声明","1","0","0","0","0","",""
"sakiko/bye02","1","PARAM_HAND_R_02_001","已声明","1","0","0","0","0","",""
"sakiko/bye02","1","PARAM_HAND_R_03_001","已声明","1","0","0","0","0","",""
"sakiko/bye02","1","PARAM_HAND_R_04_001","已声明","1","0","0","0","0","",""
"sakiko/bye02","1","PARAM_HAND_R_05_001","已声明","1","1","1","1","1","0–4.2s","0–4.2s"
"sakiko/bye02","1","PARAM_HAND_R_06_001","已声明","1","0","0","0","0","",""
"sakiko/bye02","1","PARAM_HAND_R_09_001","已声明","1","0","0","0","0","",""
"sakiko/cry01","1","PARAM_HAND_L_01_001","已声明","1","0","0","0","0","",""
"sakiko/cry01","1","PARAM_HAND_L_02_001","已声明","1","0","0","0","0","",""
"sakiko/cry01","1","PARAM_HAND_L_03_001","已声明","1","0","0","0","0","",""
"sakiko/cry01","1","PARAM_HAND_L_04_001","已声明","1","0","0","0","0","",""
"sakiko/cry01","1","PARAM_HAND_L_05_001","已声明","1","0","0","0","0","",""
"sakiko/cry01","1","PARAM_HAND_L_06_001","已声明","1","0","0","0","0","",""
"sakiko/cry01","1","PARAM_HAND_L_07_001","已声明","1","1","1","1","1","0–3.8s","0–3.8s"
"sakiko/cry01","1","PARAM_HAND_R_01_001","已声明","1","0","0","0","0","",""
"sakiko/cry01","1","PARAM_HAND_R_02_001","已声明","1","0","0","0","0","",""
"sakiko/cry01","1","PARAM_HAND_R_03_001","已声明","1","0","0","0","0","",""
"sakiko/cry01","1","PARAM_HAND_R_04_001","已声明","1","0","0","0","0","",""
"sakiko/cry01","1","PARAM_HAND_R_05_001","已声明","1","1","1","1","1","0–3.8s","0–3.8s"
"sakiko/cry01","1","PARAM_HAND_R_06_001","已声明","1","0","0","0","0","",""
"sakiko/cry01","1","PARAM_HAND_R_09_001","已声明","1","0","0","0","0","",""
"sakiko/cry02","1","PARAM_HAND_L_01_001","已声明","1","0","0","0","0","",""
"sakiko/cry02","1","PARAM_HAND_L_02_001","已声明","1","0","0","0","0","",""
"sakiko/cry02","1","PARAM_HAND_L_03_001","已声明","1","0","0","0","0","",""
"sakiko/cry02","1","PARAM_HAND_L_04_001","已声明","1","0","0","0","0","",""
"sakiko/cry02","1","PARAM_HAND_L_05_001","已声明","1","0","0","0","0","",""
"sakiko/cry02","1","PARAM_HAND_L_06_001","已声明","1","0","0","0","0","",""
"sakiko/cry02","1","PARAM_HAND_L_07_001","已声明","1","1","1","1","1","0–3.8s","0–3.8s"
"sakiko/cry02","1","PARAM_HAND_R_01_001","已声明","1","0","0","0","0","",""
"sakiko/cry02","1","PARAM_HAND_R_02_001","已声明","1","0","0","0","0","",""
"sakiko/cry02","1","PARAM_HAND_R_03_001","已声明","1","0","0","0","0","",""
"sakiko/cry02","1","PARAM_HAND_R_04_001","已声明","1","0","0","0","0","",""
"sakiko/cry02","1","PARAM_HAND_R_05_001","已声明","1","0","0","0","0","",""
"sakiko/cry02","1","PARAM_HAND_R_06_001","已声明","1","0","0","0","0","",""
"sakiko/cry02","1","PARAM_HAND_R_09_001","已声明","1","1","1","1","1","0–3.8s","0–3.8s"
"sakiko/cry03","1","PARAM_HAND_L_01_001","已声明","1","0","0","0","0","",""
"sakiko/cry03","1","PARAM_HAND_L_02_001","已声明","1","0","0","0","0","",""
"sakiko/cry03","1","PARAM_HAND_L_03_001","已声明","1","0","0","0","0","",""
"sakiko/cry03","1","PARAM_HAND_L_04_001","已声明","1","0","0","0","0","",""
"sakiko/cry03","1","PARAM_HAND_L_05_001","已声明","1","0","0","0","0","",""
"sakiko/cry03","1","PARAM_HAND_L_06_001","已声明","1","0","0","0","0","",""
"sakiko/cry03","1","PARAM_HAND_L_07_001","已声明","1","1","1","1","1","0–4.3s","0–4.3s"
"sakiko/cry03","1","PARAM_HAND_R_01_001","已声明","1","0","0","0","0","",""
"sakiko/cry03","1","PARAM_HAND_R_02_001","已声明","1","0","0","0","0","",""
"sakiko/cry03","1","PARAM_HAND_R_03_001","已声明","1","0","0","0","0","",""
"sakiko/cry03","1","PARAM_HAND_R_04_001","已声明","1","0","0","0","0","",""
"sakiko/cry03","1","PARAM_HAND_R_05_001","已声明","1","1","1","1","1","0–4.3s","0–4.3s"
"sakiko/cry03","1","PARAM_HAND_R_06_001","已声明","1","0","0","0","0","",""
"sakiko/cry03","1","PARAM_HAND_R_09_001","已声明","1","0","0","0","0","",""
"sakiko/cry04","1","PARAM_HAND_L_01_001","已声明","1","0","0","0","0","",""
"sakiko/cry04","1","PARAM_HAND_L_02_001","已声明","1","0","0","0","0","",""
"sakiko/cry04","1","PARAM_HAND_L_03_001","已声明","1","0","0","0","0","",""
"sakiko/cry04","1","PARAM_HAND_L_04_001","已声明","1","0","0","0","0","",""
"sakiko/cry04","1","PARAM_HAND_L_05_001","已声明","1","1","1","1","1","0–3.867s","0–3.867s"
"sakiko/cry04","1","PARAM_HAND_L_06_001","已声明","1","0","0","0","0","",""
"sakiko/cry04","1","PARAM_HAND_L_07_001","已声明","1","0","0","0","0","",""
"sakiko/cry04","1","PARAM_HAND_R_01_001","已声明","1","0","0","0","0","",""
"sakiko/cry04","1","PARAM_HAND_R_02_001","已声明","1","0","0","0","0","",""
"sakiko/cry04","1","PARAM_HAND_R_03_001","已声明","1","0","0","0","0","",""
"sakiko/cry04","1","PARAM_HAND_R_04_001","已声明","1","0","0","0","0","",""
"sakiko/cry04","1","PARAM_HAND_R_05_001","已声明","1","1","1","1","1","0–3.867s","0–3.867s"
"sakiko/cry04","1","PARAM_HAND_R_06_001","已声明","1","0","0","0","0","",""
"sakiko/cry04","1","PARAM_HAND_R_09_001","已声明","1","0","0","0","0","",""
"sakiko/cry05","1","PARAM_HAND_L_01_001","已声明","1","0","0","0","0","",""
"sakiko/cry05","1","PARAM_HAND_L_02_001","已声明","1","0","0","0","0","",""
"sakiko/cry05","1","PARAM_HAND_L_03_001","已声明","1","0","0","0","0","",""
"sakiko/cry05","1","PARAM_HAND_L_04_001","已声明","1","0","0","0","0","",""
"sakiko/cry05","1","PARAM_HAND_L_05_001","已声明","1","1","1","1","1","0–3.867s","0–3.867s"
"sakiko/cry05","1","PARAM_HAND_L_06_001","已声明","1","0","0","0","0","",""
"sakiko/cry05","1","PARAM_HAND_L_07_001","已声明","1","0","0","0","0","",""
"sakiko/cry05","1","PARAM_HAND_R_01_001","已声明","1","0","0","0","0","",""
"sakiko/cry05","1","PARAM_HAND_R_02_001","已声明","1","0","0","0","0","",""
"sakiko/cry05","1","PARAM_HAND_R_03_001","已声明","1","0","0","0","0","",""
"sakiko/cry05","1","PARAM_HAND_R_04_001","已声明","1","0","0","0","0","",""
"sakiko/cry05","1","PARAM_HAND_R_05_001","已声明","1","1","1","1","1","0–3.867s","0–3.867s"
"sakiko/cry05","1","PARAM_HAND_R_06_001","已声明","1","0","0","0","0","",""
"sakiko/cry05","1","PARAM_HAND_R_09_001","已声明","1","0","0","0","0","",""
"sakiko/cry06","1","PARAM_HAND_L_01_001","已声明","1","0","0","0","0","",""
"sakiko/cry06","1","PARAM_HAND_L_02_001","已声明","1","0","0","0","0","",""
"sakiko/cry06","1","PARAM_HAND_L_03_001","已声明","1","0","0","0","0","",""
"sakiko/cry06","1","PARAM_HAND_L_04_001","已声明","1","0","0","0","0","",""
"sakiko/cry06","1","PARAM_HAND_L_05_001","已声明","1","1","1","1","1","0–4.6s","0–4.6s"
"sakiko/cry06","1","PARAM_HAND_L_06_001","已声明","1","0","0","0","0","",""
"sakiko/cry06","1","PARAM_HAND_L_07_001","已声明","1","0","0","0","0","",""
"sakiko/cry06","1","PARAM_HAND_R_01_001","已声明","1","0","0","0","0","",""
"sakiko/cry06","1","PARAM_HAND_R_02_001","已声明","1","0","0","0","0","",""
"sakiko/cry06","1","PARAM_HAND_R_03_001","已声明","1","0","0","0","0","",""
"sakiko/cry06","1","PARAM_HAND_R_04_001","已声明","1","0","0","0","0","",""
"sakiko/cry06","1","PARAM_HAND_R_05_001","已声明","1","1","1","1","1","0–4.6s","0–4.6s"
"sakiko/cry06","1","PARAM_HAND_R_06_001","已声明","1","0","0","0","0","",""
"sakiko/cry06","1","PARAM_HAND_R_09_001","已声明","1","0","0","0","0","",""
"sakiko/idle01","1","PARAM_HAND_L_01_001","已声明","1","0","0","0","0","",""
"sakiko/idle01","1","PARAM_HAND_L_02_001","已声明","1","0","0","0","0","",""
"sakiko/idle01","1","PARAM_HAND_L_03_001","已声明","1","0","0","0","0","",""
"sakiko/idle01","1","PARAM_HAND_L_04_001","已声明","1","0","0","0","0","",""
"sakiko/idle01","1","PARAM_HAND_L_05_001","已声明","1","0","0","0","0","",""
"sakiko/idle01","1","PARAM_HAND_L_06_001","已声明","1","0","0","0","0","",""
"sakiko/idle01","1","PARAM_HAND_L_07_001","已声明","1","1","1","1","1","0–6.967s","0–6.967s"
"sakiko/idle01","1","PARAM_HAND_R_01_001","已声明","1","0","0","0","0","",""
"sakiko/idle01","1","PARAM_HAND_R_02_001","已声明","1","0","0","0","0","",""
"sakiko/idle01","1","PARAM_HAND_R_03_001","已声明","1","0","0","0","0","",""
"sakiko/idle01","1","PARAM_HAND_R_04_001","已声明","1","0","0","0","0","",""
"sakiko/idle01","1","PARAM_HAND_R_05_001","已声明","1","1","1","1","1","0–6.967s","0–6.967s"
"sakiko/idle01","1","PARAM_HAND_R_06_001","已声明","1","0","0","0","0","",""
"sakiko/idle01","1","PARAM_HAND_R_09_001","已声明","1","0","0","0","0","",""
"sakiko/kime01","1","PARAM_HAND_L_01_001","已声明","1","1","1","1","1","0–4.033s","0–4.033s"
"sakiko/kime01","1","PARAM_HAND_L_02_001","已声明","1","0","0","0","0","",""
"sakiko/kime01","1","PARAM_HAND_L_03_001","已声明","1","0","0","0","0","",""
"sakiko/kime01","1","PARAM_HAND_L_04_001","已声明","1","0","0","0","0","",""
"sakiko/kime01","1","PARAM_HAND_L_05_001","已声明","1","0","0","0","0","",""
"sakiko/kime01","1","PARAM_HAND_L_06_001","已声明","1","0","0","0","0","",""
"sakiko/kime01","1","PARAM_HAND_L_07_001","已声明","1","0","0","0","0","",""
"sakiko/kime01","1","PARAM_HAND_R_01_001","已声明","1","0","0","0","0","",""
"sakiko/kime01","1","PARAM_HAND_R_02_001","已声明","1","0","0","0","0","",""
"sakiko/kime01","1","PARAM_HAND_R_03_001","已声明","1","0","0","0","0","",""
"sakiko/kime01","1","PARAM_HAND_R_04_001","已声明","1","0","0","0","0","",""
"sakiko/kime01","1","PARAM_HAND_R_05_001","已声明","1","0","0","0","0","",""
"sakiko/kime01","1","PARAM_HAND_R_06_001","已声明","1","0","0","0","0","",""
"sakiko/kime01","1","PARAM_HAND_R_09_001","已声明","1","1","1","1","1","0–4.033s","0–4.033s"
"sakiko/maskoff","1","PARAM_HAND_L_01_001","已声明","1","0","0","0","0","",""
"sakiko/maskoff","1","PARAM_HAND_L_02_001","已声明","1","0","0","0","0","",""
"sakiko/maskoff","1","PARAM_HAND_L_03_001","已声明","1","0","0","0","0","",""
"sakiko/maskoff","1","PARAM_HAND_L_04_001","已声明","1","0","0","0","0","",""
"sakiko/maskoff","1","PARAM_HAND_L_05_001","已声明","140","0","1","1","0","0–0.3s","0–0.133s"
"sakiko/maskoff","1","PARAM_HAND_L_06_001","已声明","1","0","0","0","0","",""
"sakiko/maskoff","1","PARAM_HAND_L_07_001","已声明","140","0","1","0","1","0.033–4.633s","0.167–4.633s"
"sakiko/maskoff","1","PARAM_HAND_R_01_001","已声明","1","1","1","1","1","0–4.633s","0–4.633s"
"sakiko/maskoff","1","PARAM_HAND_R_02_001","已声明","1","0","0","0","0","",""
"sakiko/maskoff","1","PARAM_HAND_R_03_001","已声明","1","0","0","0","0","",""
"sakiko/maskoff","1","PARAM_HAND_R_04_001","已声明","1","0","0","0","0","",""
"sakiko/maskoff","1","PARAM_HAND_R_05_001","已声明","1","0","0","0","0","",""
"sakiko/maskoff","1","PARAM_HAND_R_06_001","已声明","1","0","0","0","0","",""
"sakiko/maskoff","1","PARAM_HAND_R_09_001","已声明","1","0","0","0","0","",""
"sakiko/maskon/angry01","1","PARAM_HAND_L_01_001","已声明","1","1","1","1","1","0–4.133s","0–4.133s"
"sakiko/maskon/angry01","1","PARAM_HAND_L_02_001","已声明","1","0","0","0","0","",""
"sakiko/maskon/angry01","1","PARAM_HAND_L_03_001","已声明","1","0","0","0","0","",""
"sakiko/maskon/angry01","1","PARAM_HAND_L_04_001","已声明","1","0","0","0","0","",""
"sakiko/maskon/angry01","1","PARAM_HAND_L_05_001","已声明","1","0","0","0","0","",""
"sakiko/maskon/angry01","1","PARAM_HAND_L_06_001","已声明","1","0","0","0","0","",""
"sakiko/maskon/angry01","1","PARAM_HAND_L_07_001","已声明","1","0","0","0","0","",""
"sakiko/maskon/angry01","1","PARAM_HAND_R_01_001","已声明","1","1","1","1","1","0–4.133s","0–4.133s"
"sakiko/maskon/angry01","1","PARAM_HAND_R_02_001","已声明","1","0","0","0","0","",""
"sakiko/maskon/angry01","1","PARAM_HAND_R_03_001","已声明","1","0","0","0","0","",""
"sakiko/maskon/angry01","1","PARAM_HAND_R_04_001","已声明","1","0","0","0","0","",""
"sakiko/maskon/angry01","1","PARAM_HAND_R_05_001","已声明","1","0","0","0","0","",""
"sakiko/maskon/angry01","1","PARAM_HAND_R_06_001","已声明","1","0","0","0","0","",""
"sakiko/maskon/angry01","1","PARAM_HAND_R_09_001","已声明","1","0","0","0","0","",""
"sakiko/maskon/angry02","1","PARAM_HAND_L_01_001","已声明","1","0","0","0","0","",""
"sakiko/maskon/angry02","1","PARAM_HAND_L_02_001","已声明","1","0","0","0","0","",""
"sakiko/maskon/angry02","1","PARAM_HAND_L_03_001","已声明","1","0","0","0","0","",""
"sakiko/maskon/angry02","1","PARAM_HAND_L_04_001","已声明","1","0","0","0","0","",""
"sakiko/maskon/angry02","1","PARAM_HAND_L_05_001","已声明","1","1","1","1","1","0–4s","0–4s"
"sakiko/maskon/angry02","1","PARAM_HAND_L_06_001","已声明","1","0","0","0","0","",""
"sakiko/maskon/angry02","1","PARAM_HAND_L_07_001","已声明","1","0","0","0","0","",""
"sakiko/maskon/angry02","1","PARAM_HAND_R_01_001","已声明","1","0","0","0","0","",""
"sakiko/maskon/angry02","1","PARAM_HAND_R_02_001","已声明","1","0","0","0","0","",""
"sakiko/maskon/angry02","1","PARAM_HAND_R_03_001","已声明","1","0","0","0","0","",""
"sakiko/maskon/angry02","1","PARAM_HAND_R_04_001","已声明","1","0","0","0","0","",""
"sakiko/maskon/angry02","1","PARAM_HAND_R_05_001","已声明","1","1","1","1","1","0–4s","0–4s"
"sakiko/maskon/angry02","1","PARAM_HAND_R_06_001","已声明","1","0","0","0","0","",""
"sakiko/maskon/angry02","1","PARAM_HAND_R_09_001","已声明","1","0","0","0","0","",""
"sakiko/maskon/angry03","1","PARAM_HAND_L_01_001","已声明","1","0","0","0","0","",""
"sakiko/maskon/angry03","1","PARAM_HAND_L_02_001","已声明","1","0","0","0","0","",""
"sakiko/maskon/angry03","1","PARAM_HAND_L_03_001","已声明","1","0","0","0","0","",""
"sakiko/maskon/angry03","1","PARAM_HAND_L_04_001","已声明","1","0","0","0","0","",""
"sakiko/maskon/angry03","1","PARAM_HAND_L_05_001","已声明","1","0","0","0","0","",""
"sakiko/maskon/angry03","1","PARAM_HAND_L_06_001","已声明","1","0","0","0","0","",""
"sakiko/maskon/angry03","1","PARAM_HAND_L_07_001","已声明","1","1","1","1","1","0–4.3s","0–4.3s"
"sakiko/maskon/angry03","1","PARAM_HAND_R_01_001","已声明","1","0","0","0","0","",""
"sakiko/maskon/angry03","1","PARAM_HAND_R_02_001","已声明","1","0","0","0","0","",""
"sakiko/maskon/angry03","1","PARAM_HAND_R_03_001","已声明","1","0","0","0","0","",""
"sakiko/maskon/angry03","1","PARAM_HAND_R_04_001","已声明","1","0","0","0","0","",""
"sakiko/maskon/angry03","1","PARAM_HAND_R_05_001","已声明","1","1","1","1","1","0–4.3s","0–4.3s"
"sakiko/maskon/angry03","1","PARAM_HAND_R_06_001","已声明","1","0","0","0","0","",""
"sakiko/maskon/angry03","1","PARAM_HAND_R_09_001","已声明","1","0","0","0","0","",""
"sakiko/maskon/angry04","1","PARAM_HAND_L_01_001","已声明","1","0","0","0","0","",""
"sakiko/maskon/angry04","1","PARAM_HAND_L_02_001","已声明","1","0","0","0","0","",""
"sakiko/maskon/angry04","1","PARAM_HAND_L_03_001","已声明","1","0","0","0","0","",""
"sakiko/maskon/angry04","1","PARAM_HAND_L_04_001","已声明","1","0","0","0","0","",""
"sakiko/maskon/angry04","1","PARAM_HAND_L_05_001","已声明","1","0","0","0","0","",""
"sakiko/maskon/angry04","1","PARAM_HAND_L_06_001","已声明","1","0","0","0","0","",""
"sakiko/maskon/angry04","1","PARAM_HAND_L_07_001","已声明","1","1","1","1","1","0–3.8s","0–3.8s"
"sakiko/maskon/angry04","1","PARAM_HAND_R_01_001","已声明","1","1","1","1","1","0–3.8s","0–3.8s"
"sakiko/maskon/angry04","1","PARAM_HAND_R_02_001","已声明","1","0","0","0","0","",""
"sakiko/maskon/angry04","1","PARAM_HAND_R_03_001","已声明","1","0","0","0","0","",""
"sakiko/maskon/angry04","1","PARAM_HAND_R_04_001","已声明","1","0","0","0","0","",""
"sakiko/maskon/angry04","1","PARAM_HAND_R_05_001","已声明","1","0","0","0","0","",""
"sakiko/maskon/angry04","1","PARAM_HAND_R_06_001","已声明","1","0","0","0","0","",""
"sakiko/maskon/angry04","1","PARAM_HAND_R_09_001","已声明","1","0","0","0","0","",""
"sakiko/maskon/angry05","1","PARAM_HAND_L_01_001","已声明","1","0","0","0","0","",""
"sakiko/maskon/angry05","1","PARAM_HAND_L_02_001","已声明","1","0","0","0","0","",""
"sakiko/maskon/angry05","1","PARAM_HAND_L_03_001","已声明","1","0","0","0","0","",""
"sakiko/maskon/angry05","1","PARAM_HAND_L_04_001","已声明","1","0","0","0","0","",""
"sakiko/maskon/angry05","1","PARAM_HAND_L_05_001","已声明","1","0","0","0","0","",""
"sakiko/maskon/angry05","1","PARAM_HAND_L_06_001","已声明","1","0","0","0","0","",""
"sakiko/maskon/angry05","1","PARAM_HAND_L_07_001","已声明","1","1","1","1","1","0–3.6s","0–3.6s"
"sakiko/maskon/angry05","1","PARAM_HAND_R_01_001","已声明","1","1","1","1","1","0–3.6s","0–3.6s"
"sakiko/maskon/angry05","1","PARAM_HAND_R_02_001","已声明","1","0","0","0","0","",""
"sakiko/maskon/angry05","1","PARAM_HAND_R_03_001","已声明","1","0","0","0","0","",""
"sakiko/maskon/angry05","1","PARAM_HAND_R_04_001","已声明","1","0","0","0","0","",""
"sakiko/maskon/angry05","1","PARAM_HAND_R_05_001","已声明","1","0","0","0","0","",""
"sakiko/maskon/angry05","1","PARAM_HAND_R_06_001","已声明","1","0","0","0","0","",""
"sakiko/maskon/angry05","1","PARAM_HAND_R_09_001","已声明","1","0","0","0","0","",""
"sakiko/maskon/angry06","1","PARAM_HAND_L_01_001","已声明","1","0","0","0","0","",""
"sakiko/maskon/angry06","1","PARAM_HAND_L_02_001","已声明","1","0","0","0","0","",""
"sakiko/maskon/angry06","1","PARAM_HAND_L_03_001","已声明","1","0","0","0","0","",""
"sakiko/maskon/angry06","1","PARAM_HAND_L_04_001","已声明","1","0","0","0","0","",""
"sakiko/maskon/angry06","1","PARAM_HAND_L_05_001","已声明","1","0","0","0","0","",""
"sakiko/maskon/angry06","1","PARAM_HAND_L_06_001","已声明","1","0","0","0","0","",""
"sakiko/maskon/angry06","1","PARAM_HAND_L_07_001","已声明","1","1","1","1","1","0–3.967s","0–3.967s"
"sakiko/maskon/angry06","1","PARAM_HAND_R_01_001","已声明","1","0","0","0","0","",""
"sakiko/maskon/angry06","1","PARAM_HAND_R_02_001","已声明","1","0","0","0","0","",""
"sakiko/maskon/angry06","1","PARAM_HAND_R_03_001","已声明","1","0","0","0","0","",""
"sakiko/maskon/angry06","1","PARAM_HAND_R_04_001","已声明","1","0","0","0","0","",""
"sakiko/maskon/angry06","1","PARAM_HAND_R_05_001","已声明","1","0","0","0","0","",""
"sakiko/maskon/angry06","1","PARAM_HAND_R_06_001","已声明","1","0","0","0","0","",""
"sakiko/maskon/angry06","1","PARAM_HAND_R_09_001","已声明","1","1","1","1","1","0–3.967s","0–3.967s"
"sakiko/maskon/angry07","1","PARAM_HAND_L_01_001","已声明","1","1","1","1","1","0–4.067s","0–4.067s"
"sakiko/maskon/angry07","1","PARAM_HAND_L_02_001","已声明","1","0","0","0","0","",""
"sakiko/maskon/angry07","1","PARAM_HAND_L_03_001","已声明","1","0","0","0","0","",""
"sakiko/maskon/angry07","1","PARAM_HAND_L_04_001","已声明","1","0","0","0","0","",""
"sakiko/maskon/angry07","1","PARAM_HAND_L_05_001","已声明","1","0","0","0","0","",""
"sakiko/maskon/angry07","1","PARAM_HAND_L_06_001","已声明","1","0","0","0","0","",""
"sakiko/maskon/angry07","1","PARAM_HAND_L_07_001","已声明","1","0","0","0","0","",""
"sakiko/maskon/angry07","1","PARAM_HAND_R_01_001","已声明","1","0","0","0","0","",""
"sakiko/maskon/angry07","1","PARAM_HAND_R_02_001","已声明","1","0","0","0","0","",""
"sakiko/maskon/angry07","1","PARAM_HAND_R_03_001","已声明","1","0","0","0","0","",""
"sakiko/maskon/angry07","1","PARAM_HAND_R_04_001","已声明","1","0","0","0","0","",""
"sakiko/maskon/angry07","1","PARAM_HAND_R_05_001","已声明","1","1","1","1","1","0–4.067s","0–4.067s"
"sakiko/maskon/angry07","1","PARAM_HAND_R_06_001","已声明","1","0","0","0","0","",""
"sakiko/maskon/angry07","1","PARAM_HAND_R_09_001","已声明","1","0","0","0","0","",""
"sakiko/maskon/bow","1","PARAM_HAND_L_01_001","已声明","1","1","1","1","1","0–3.967s","0–3.967s"
"sakiko/maskon/bow","1","PARAM_HAND_L_02_001","已声明","1","0","0","0","0","",""
"sakiko/maskon/bow","1","PARAM_HAND_L_03_001","已声明","1","0","0","0","0","",""
"sakiko/maskon/bow","1","PARAM_HAND_L_04_001","已声明","1","0","0","0","0","",""
"sakiko/maskon/bow","1","PARAM_HAND_L_05_001","已声明","1","0","0","0","0","",""
"sakiko/maskon/bow","1","PARAM_HAND_L_06_001","已声明","1","0","0","0","0","",""
"sakiko/maskon/bow","1","PARAM_HAND_L_07_001","已声明","1","0","0","0","0","",""
"sakiko/maskon/bow","1","PARAM_HAND_R_01_001","已声明","1","1","1","1","1","0–3.967s","0–3.967s"
"sakiko/maskon/bow","1","PARAM_HAND_R_02_001","已声明","1","0","0","0","0","",""
"sakiko/maskon/bow","1","PARAM_HAND_R_03_001","已声明","1","0","0","0","0","",""
"sakiko/maskon/bow","1","PARAM_HAND_R_04_001","已声明","1","0","0","0","0","",""
"sakiko/maskon/bow","1","PARAM_HAND_R_05_001","已声明","1","0","0","0","0","",""
"sakiko/maskon/bow","1","PARAM_HAND_R_06_001","已声明","1","0","0","0","0","",""
"sakiko/maskon/bow","1","PARAM_HAND_R_09_001","已声明","1","0","0","0","0","",""
"sakiko/maskon/bye01","1","PARAM_HAND_L_01_001","已声明","1","0","0","0","0","",""
"sakiko/maskon/bye01","1","PARAM_HAND_L_02_001","已声明","1","0","0","0","0","",""
"sakiko/maskon/bye01","1","PARAM_HAND_L_03_001","已声明","1","0","0","0","0","",""
"sakiko/maskon/bye01","1","PARAM_HAND_L_04_001","已声明","1","0","0","0","0","",""
"sakiko/maskon/bye01","1","PARAM_HAND_L_05_001","已声明","1","0","0","0","0","",""
"sakiko/maskon/bye01","1","PARAM_HAND_L_06_001","已声明","1","0","0","0","0","",""
"sakiko/maskon/bye01","1","PARAM_HAND_L_07_001","已声明","1","1","1","1","1","0–4.2s","0–4.2s"
"sakiko/maskon/bye01","1","PARAM_HAND_R_01_001","已声明","1","0","0","0","0","",""
"sakiko/maskon/bye01","1","PARAM_HAND_R_02_001","已声明","1","0","0","0","0","",""
"sakiko/maskon/bye01","1","PARAM_HAND_R_03_001","已声明","1","0","0","0","0","",""
"sakiko/maskon/bye01","1","PARAM_HAND_R_04_001","已声明","1","0","0","0","0","",""
"sakiko/maskon/bye01","1","PARAM_HAND_R_05_001","已声明","1","1","1","1","1","0–4.2s","0–4.2s"
"sakiko/maskon/bye01","1","PARAM_HAND_R_06_001","已声明","1","0","0","0","0","",""
"sakiko/maskon/bye01","1","PARAM_HAND_R_09_001","已声明","1","0","0","0","0","",""
"sakiko/maskon/bye02","1","PARAM_HAND_L_01_001","已声明","1","0","0","0","0","",""
"sakiko/maskon/bye02","1","PARAM_HAND_L_02_001","已声明","1","0","0","0","0","",""
"sakiko/maskon/bye02","1","PARAM_HAND_L_03_001","已声明","1","0","0","0","0","",""
"sakiko/maskon/bye02","1","PARAM_HAND_L_04_001","已声明","1","0","0","0","0","",""
"sakiko/maskon/bye02","1","PARAM_HAND_L_05_001","已声明","1","0","0","0","0","",""
"sakiko/maskon/bye02","1","PARAM_HAND_L_06_001","已声明","1","0","0","0","0","",""
"sakiko/maskon/bye02","1","PARAM_HAND_L_07_001","已声明","1","1","1","1","1","0–4.2s","0–4.2s"
"sakiko/maskon/bye02","1","PARAM_HAND_R_01_001","已声明","1","0","0","0","0","",""
"sakiko/maskon/bye02","1","PARAM_HAND_R_02_001","已声明","1","0","0","0","0","",""
"sakiko/maskon/bye02","1","PARAM_HAND_R_03_001","已声明","1","0","0","0","0","",""
"sakiko/maskon/bye02","1","PARAM_HAND_R_04_001","已声明","1","0","0","0","0","",""
"sakiko/maskon/bye02","1","PARAM_HAND_R_05_001","已声明","1","1","1","1","1","0–4.2s","0–4.2s"
"sakiko/maskon/bye02","1","PARAM_HAND_R_06_001","已声明","1","0","0","0","0","",""
"sakiko/maskon/bye02","1","PARAM_HAND_R_09_001","已声明","1","0","0","0","0","",""
"sakiko/maskon/cry01","1","PARAM_HAND_L_01_001","已声明","1","0","0","0","0","",""
"sakiko/maskon/cry01","1","PARAM_HAND_L_02_001","已声明","1","0","0","0","0","",""
"sakiko/maskon/cry01","1","PARAM_HAND_L_03_001","已声明","1","0","0","0","0","",""
"sakiko/maskon/cry01","1","PARAM_HAND_L_04_001","已声明","1","0","0","0","0","",""
"sakiko/maskon/cry01","1","PARAM_HAND_L_05_001","已声明","1","0","0","0","0","",""
"sakiko/maskon/cry01","1","PARAM_HAND_L_06_001","已声明","1","0","0","0","0","",""
"sakiko/maskon/cry01","1","PARAM_HAND_L_07_001","已声明","1","1","1","1","1","0–3.8s","0–3.8s"
"sakiko/maskon/cry01","1","PARAM_HAND_R_01_001","已声明","1","0","0","0","0","",""
"sakiko/maskon/cry01","1","PARAM_HAND_R_02_001","已声明","1","0","0","0","0","",""
"sakiko/maskon/cry01","1","PARAM_HAND_R_03_001","已声明","1","0","0","0","0","",""
"sakiko/maskon/cry01","1","PARAM_HAND_R_04_001","已声明","1","0","0","0","0","",""
"sakiko/maskon/cry01","1","PARAM_HAND_R_05_001","已声明","1","1","1","1","1","0–3.8s","0–3.8s"
"sakiko/maskon/cry01","1","PARAM_HAND_R_06_001","已声明","1","0","0","0","0","",""
"sakiko/maskon/cry01","1","PARAM_HAND_R_09_001","已声明","1","0","0","0","0","",""
"sakiko/maskon/cry02","1","PARAM_HAND_L_01_001","已声明","1","0","0","0","0","",""
"sakiko/maskon/cry02","1","PARAM_HAND_L_02_001","已声明","1","0","0","0","0","",""
"sakiko/maskon/cry02","1","PARAM_HAND_L_03_001","已声明","1","0","0","0","0","",""
"sakiko/maskon/cry02","1","PARAM_HAND_L_04_001","已声明","1","0","0","0","0","",""
"sakiko/maskon/cry02","1","PARAM_HAND_L_05_001","已声明","1","0","0","0","0","",""
"sakiko/maskon/cry02","1","PARAM_HAND_L_06_001","已声明","1","0","0","0","0","",""
"sakiko/maskon/cry02","1","PARAM_HAND_L_07_001","已声明","1","1","1","1","1","0–3.8s","0–3.8s"
"sakiko/maskon/cry02","1","PARAM_HAND_R_01_001","已声明","1","0","0","0","0","",""
"sakiko/maskon/cry02","1","PARAM_HAND_R_02_001","已声明","1","0","0","0","0","",""
"sakiko/maskon/cry02","1","PARAM_HAND_R_03_001","已声明","1","0","0","0","0","",""
"sakiko/maskon/cry02","1","PARAM_HAND_R_04_001","已声明","1","0","0","0","0","",""
"sakiko/maskon/cry02","1","PARAM_HAND_R_05_001","已声明","1","0","0","0","0","",""
"sakiko/maskon/cry02","1","PARAM_HAND_R_06_001","已声明","1","0","0","0","0","",""
"sakiko/maskon/cry02","1","PARAM_HAND_R_09_001","已声明","1","1","1","1","1","0–3.8s","0–3.8s"
"sakiko/maskon/cry03","1","PARAM_HAND_L_01_001","已声明","1","0","0","0","0","",""
"sakiko/maskon/cry03","1","PARAM_HAND_L_02_001","已声明","1","0","0","0","0","",""
"sakiko/maskon/cry03","1","PARAM_HAND_L_03_001","已声明","1","0","0","0","0","",""
"sakiko/maskon/cry03","1","PARAM_HAND_L_04_001","已声明","1","0","0","0","0","",""
"sakiko/maskon/cry03","1","PARAM_HAND_L_05_001","已声明","1","0","0","0","0","",""
"sakiko/maskon/cry03","1","PARAM_HAND_L_06_001","已声明","1","0","0","0","0","",""
"sakiko/maskon/cry03","1","PARAM_HAND_L_07_001","已声明","1","1","1","1","1","0–4.3s","0–4.3s"
"sakiko/maskon/cry03","1","PARAM_HAND_R_01_001","已声明","1","0","0","0","0","",""
"sakiko/maskon/cry03","1","PARAM_HAND_R_02_001","已声明","1","0","0","0","0","",""
"sakiko/maskon/cry03","1","PARAM_HAND_R_03_001","已声明","1","0","0","0","0","",""
"sakiko/maskon/cry03","1","PARAM_HAND_R_04_001","已声明","1","0","0","0","0","",""
"sakiko/maskon/cry03","1","PARAM_HAND_R_05_001","已声明","1","1","1","1","1","0–4.3s","0–4.3s"
"sakiko/maskon/cry03","1","PARAM_HAND_R_06_001","已声明","1","0","0","0","0","",""
"sakiko/maskon/cry03","1","PARAM_HAND_R_09_001","已声明","1","0","0","0","0","",""
"sakiko/maskon/cry04","1","PARAM_HAND_L_01_001","已声明","1","0","0","0","0","",""
"sakiko/maskon/cry04","1","PARAM_HAND_L_02_001","已声明","1","0","0","0","0","",""
"sakiko/maskon/cry04","1","PARAM_HAND_L_03_001","已声明","1","0","0","0","0","",""
"sakiko/maskon/cry04","1","PARAM_HAND_L_04_001","已声明","1","0","0","0","0","",""
"sakiko/maskon/cry04","1","PARAM_HAND_L_05_001","已声明","1","1","1","1","1","0–3.867s","0–3.867s"
"sakiko/maskon/cry04","1","PARAM_HAND_L_06_001","已声明","1","0","0","0","0","",""
"sakiko/maskon/cry04","1","PARAM_HAND_L_07_001","已声明","1","0","0","0","0","",""
"sakiko/maskon/cry04","1","PARAM_HAND_R_01_001","已声明","1","0","0","0","0","",""
"sakiko/maskon/cry04","1","PARAM_HAND_R_02_001","已声明","1","0","0","0","0","",""
"sakiko/maskon/cry04","1","PARAM_HAND_R_03_001","已声明","1","0","0","0","0","",""
"sakiko/maskon/cry04","1","PARAM_HAND_R_04_001","已声明","1","0","0","0","0","",""
"sakiko/maskon/cry04","1","PARAM_HAND_R_05_001","已声明","1","1","1","1","1","0–3.867s","0–3.867s"
"sakiko/maskon/cry04","1","PARAM_HAND_R_06_001","已声明","1","0","0","0","0","",""
"sakiko/maskon/cry04","1","PARAM_HAND_R_09_001","已声明","1","0","0","0","0","",""
"sakiko/maskon/cry05","1","PARAM_HAND_L_01_001","已声明","1","0","0","0","0","",""
"sakiko/maskon/cry05","1","PARAM_HAND_L_02_001","已声明","1","0","0","0","0","",""
"sakiko/maskon/cry05","1","PARAM_HAND_L_03_001","已声明","1","0","0","0","0","",""
"sakiko/maskon/cry05","1","PARAM_HAND_L_04_001","已声明","1","0","0","0","0","",""
"sakiko/maskon/cry05","1","PARAM_HAND_L_05_001","已声明","1","1","1","1","1","0–3.867s","0–3.867s"
"sakiko/maskon/cry05","1","PARAM_HAND_L_06_001","已声明","1","0","0","0","0","",""
"sakiko/maskon/cry05","1","PARAM_HAND_L_07_001","已声明","1","0","0","0","0","",""
"sakiko/maskon/cry05","1","PARAM_HAND_R_01_001","已声明","1","0","0","0","0","",""
"sakiko/maskon/cry05","1","PARAM_HAND_R_02_001","已声明","1","0","0","0","0","",""
"sakiko/maskon/cry05","1","PARAM_HAND_R_03_001","已声明","1","0","0","0","0","",""
"sakiko/maskon/cry05","1","PARAM_HAND_R_04_001","已声明","1","0","0","0","0","",""
"sakiko/maskon/cry05","1","PARAM_HAND_R_05_001","已声明","1","1","1","1","1","0–3.867s","0–3.867s"
"sakiko/maskon/cry05","1","PARAM_HAND_R_06_001","已声明","1","0","0","0","0","",""
"sakiko/maskon/cry05","1","PARAM_HAND_R_09_001","已声明","1","0","0","0","0","",""
"sakiko/maskon/cry06","1","PARAM_HAND_L_01_001","已声明","1","0","0","0","0","",""
"sakiko/maskon/cry06","1","PARAM_HAND_L_02_001","已声明","1","0","0","0","0","",""
"sakiko/maskon/cry06","1","PARAM_HAND_L_03_001","已声明","1","0","0","0","0","",""
"sakiko/maskon/cry06","1","PARAM_HAND_L_04_001","已声明","1","0","0","0","0","",""
"sakiko/maskon/cry06","1","PARAM_HAND_L_05_001","已声明","1","1","1","1","1","0–4.6s","0–4.6s"
"sakiko/maskon/cry06","1","PARAM_HAND_L_06_001","已声明","1","0","0","0","0","",""
"sakiko/maskon/cry06","1","PARAM_HAND_L_07_001","已声明","1","0","0","0","0","",""
"sakiko/maskon/cry06","1","PARAM_HAND_R_01_001","已声明","1","0","0","0","0","",""
"sakiko/maskon/cry06","1","PARAM_HAND_R_02_001","已声明","1","0","0","0","0","",""
"sakiko/maskon/cry06","1","PARAM_HAND_R_03_001","已声明","1","0","0","0","0","",""
"sakiko/maskon/cry06","1","PARAM_HAND_R_04_001","已声明","1","0","0","0","0","",""
"sakiko/maskon/cry06","1","PARAM_HAND_R_05_001","已声明","1","1","1","1","1","0–4.6s","0–4.6s"
"sakiko/maskon/cry06","1","PARAM_HAND_R_06_001","已声明","1","0","0","0","0","",""
"sakiko/maskon/cry06","1","PARAM_HAND_R_09_001","已声明","1","0","0","0","0","",""
"sakiko/maskon/idle01","1","PARAM_HAND_L_01_001","已声明","1","0","0","0","0","",""
"sakiko/maskon/idle01","1","PARAM_HAND_L_02_001","已声明","1","0","0","0","0","",""
"sakiko/maskon/idle01","1","PARAM_HAND_L_03_001","已声明","1","0","0","0","0","",""
"sakiko/maskon/idle01","1","PARAM_HAND_L_04_001","已声明","1","0","0","0","0","",""
"sakiko/maskon/idle01","1","PARAM_HAND_L_05_001","已声明","1","0","0","0","0","",""
"sakiko/maskon/idle01","1","PARAM_HAND_L_06_001","已声明","1","0","0","0","0","",""
"sakiko/maskon/idle01","1","PARAM_HAND_L_07_001","已声明","1","1","1","1","1","0–6.967s","0–6.967s"
"sakiko/maskon/idle01","1","PARAM_HAND_R_01_001","已声明","1","0","0","0","0","",""
"sakiko/maskon/idle01","1","PARAM_HAND_R_02_001","已声明","1","0","0","0","0","",""
"sakiko/maskon/idle01","1","PARAM_HAND_R_03_001","已声明","1","0","0","0","0","",""
"sakiko/maskon/idle01","1","PARAM_HAND_R_04_001","已声明","1","0","0","0","0","",""
"sakiko/maskon/idle01","1","PARAM_HAND_R_05_001","已声明","1","1","1","1","1","0–6.967s","0–6.967s"
"sakiko/maskon/idle01","1","PARAM_HAND_R_06_001","已声明","1","0","0","0","0","",""
"sakiko/maskon/idle01","1","PARAM_HAND_R_09_001","已声明","1","0","0","0","0","",""
"sakiko/maskon/kime01","1","PARAM_HAND_L_01_001","已声明","1","1","1","1","1","0–4.033s","0–4.033s"
"sakiko/maskon/kime01","1","PARAM_HAND_L_02_001","已声明","1","0","0","0","0","",""
"sakiko/maskon/kime01","1","PARAM_HAND_L_03_001","已声明","1","0","0","0","0","",""
"sakiko/maskon/kime01","1","PARAM_HAND_L_04_001","已声明","1","0","0","0","0","",""
"sakiko/maskon/kime01","1","PARAM_HAND_L_05_001","已声明","1","0","0","0","0","",""
"sakiko/maskon/kime01","1","PARAM_HAND_L_06_001","已声明","1","0","0","0","0","",""
"sakiko/maskon/kime01","1","PARAM_HAND_L_07_001","已声明","1","0","0","0","0","",""
"sakiko/maskon/kime01","1","PARAM_HAND_R_01_001","已声明","1","0","0","0","0","",""
"sakiko/maskon/kime01","1","PARAM_HAND_R_02_001","已声明","1","0","0","0","0","",""
"sakiko/maskon/kime01","1","PARAM_HAND_R_03_001","已声明","1","0","0","0","0","",""
"sakiko/maskon/kime01","1","PARAM_HAND_R_04_001","已声明","1","0","0","0","0","",""
"sakiko/maskon/kime01","1","PARAM_HAND_R_05_001","已声明","1","0","0","0","0","",""
"sakiko/maskon/kime01","1","PARAM_HAND_R_06_001","已声明","1","0","0","0","0","",""
"sakiko/maskon/kime01","1","PARAM_HAND_R_09_001","已声明","1","1","1","1","1","0–4.033s","0–4.033s"
"sakiko/maskon/nf_left01","1","PARAM_HAND_L_01_001","已声明","1","0","0","0","0","",""
"sakiko/maskon/nf_left01","1","PARAM_HAND_L_02_001","已声明","1","0","0","0","0","",""
"sakiko/maskon/nf_left01","1","PARAM_HAND_L_03_001","已声明","1","0","0","0","0","",""
"sakiko/maskon/nf_left01","1","PARAM_HAND_L_04_001","已声明","1","0","0","0","0","",""
"sakiko/maskon/nf_left01","1","PARAM_HAND_L_05_001","已声明","1","0","0","0","0","",""
"sakiko/maskon/nf_left01","1","PARAM_HAND_L_06_001","已声明","1","0","0","0","0","",""
"sakiko/maskon/nf_left01","1","PARAM_HAND_L_07_001","已声明","1","1","1","1","1","0–4.133s","0–4.133s"
"sakiko/maskon/nf_left01","1","PARAM_HAND_R_01_001","已声明","1","1","1","1","1","0–4.133s","0–4.133s"
"sakiko/maskon/nf_left01","1","PARAM_HAND_R_02_001","已声明","1","0","0","0","0","",""
"sakiko/maskon/nf_left01","1","PARAM_HAND_R_03_001","已声明","1","0","0","0","0","",""
"sakiko/maskon/nf_left01","1","PARAM_HAND_R_04_001","已声明","1","0","0","0","0","",""
"sakiko/maskon/nf_left01","1","PARAM_HAND_R_05_001","已声明","1","0","0","0","0","",""
"sakiko/maskon/nf_left01","1","PARAM_HAND_R_06_001","已声明","1","0","0","0","0","",""
"sakiko/maskon/nf_left01","1","PARAM_HAND_R_09_001","已声明","1","0","0","0","0","",""
"sakiko/maskon/nf_right01","1","PARAM_HAND_L_01_001","已声明","1","0","0","0","0","",""
"sakiko/maskon/nf_right01","1","PARAM_HAND_L_02_001","已声明","1","0","0","0","0","",""
"sakiko/maskon/nf_right01","1","PARAM_HAND_L_03_001","已声明","1","0","0","0","0","",""
"sakiko/maskon/nf_right01","1","PARAM_HAND_L_04_001","已声明","1","0","0","0","0","",""
"sakiko/maskon/nf_right01","1","PARAM_HAND_L_05_001","已声明","1","0","0","0","0","",""
"sakiko/maskon/nf_right01","1","PARAM_HAND_L_06_001","已声明","1","0","0","0","0","",""
"sakiko/maskon/nf_right01","1","PARAM_HAND_L_07_001","已声明","1","1","1","1","1","0–3.767s","0–3.767s"
"sakiko/maskon/nf_right01","1","PARAM_HAND_R_01_001","已声明","1","0","0","0","0","",""
"sakiko/maskon/nf_right01","1","PARAM_HAND_R_02_001","已声明","1","0","0","0","0","",""
"sakiko/maskon/nf_right01","1","PARAM_HAND_R_03_001","已声明","1","0","0","0","0","",""
"sakiko/maskon/nf_right01","1","PARAM_HAND_R_04_001","已声明","1","0","0","0","0","",""
"sakiko/maskon/nf_right01","1","PARAM_HAND_R_05_001","已声明","1","1","1","1","1","0–3.767s","0–3.767s"
"sakiko/maskon/nf_right01","1","PARAM_HAND_R_06_001","已声明","1","0","0","0","0","",""
"sakiko/maskon/nf_right01","1","PARAM_HAND_R_09_001","已声明","1","0","0","0","0","",""
"sakiko/maskon/nf01","1","PARAM_HAND_L_01_001","已声明","1","0","0","0","0","",""
"sakiko/maskon/nf01","1","PARAM_HAND_L_02_001","已声明","1","0","0","0","0","",""
"sakiko/maskon/nf01","1","PARAM_HAND_L_03_001","已声明","1","0","0","0","0","",""
"sakiko/maskon/nf01","1","PARAM_HAND_L_04_001","已声明","1","0","0","0","0","",""
"sakiko/maskon/nf01","1","PARAM_HAND_L_05_001","已声明","1","0","0","0","0","",""
"sakiko/maskon/nf01","1","PARAM_HAND_L_06_001","已声明","1","0","0","0","0","",""
"sakiko/maskon/nf01","1","PARAM_HAND_L_07_001","已声明","1","1","1","1","1","0–4.333s","0–4.333s"
"sakiko/maskon/nf01","1","PARAM_HAND_R_01_001","已声明","1","0","0","0","0","",""
"sakiko/maskon/nf01","1","PARAM_HAND_R_02_001","已声明","1","0","0","0","0","",""
"sakiko/maskon/nf01","1","PARAM_HAND_R_03_001","已声明","1","0","0","0","0","",""
"sakiko/maskon/nf01","1","PARAM_HAND_R_04_001","已声明","1","0","0","0","0","",""
"sakiko/maskon/nf01","1","PARAM_HAND_R_05_001","已声明","1","1","1","1","1","0–4.333s","0–4.333s"
"sakiko/maskon/nf01","1","PARAM_HAND_R_06_001","已声明","1","0","0","0","0","",""
"sakiko/maskon/nf01","1","PARAM_HAND_R_09_001","已声明","1","0","0","0","0","",""
"sakiko/maskon/nf02","1","PARAM_HAND_L_01_001","已声明","1","0","0","0","0","",""
"sakiko/maskon/nf02","1","PARAM_HAND_L_02_001","已声明","1","0","0","0","0","",""
"sakiko/maskon/nf02","1","PARAM_HAND_L_03_001","已声明","1","0","0","0","0","",""
"sakiko/maskon/nf02","1","PARAM_HAND_L_04_001","已声明","1","0","0","0","0","",""
"sakiko/maskon/nf02","1","PARAM_HAND_L_05_001","已声明","1","0","0","0","0","",""
"sakiko/maskon/nf02","1","PARAM_HAND_L_06_001","已声明","1","0","0","0","0","",""
"sakiko/maskon/nf02","1","PARAM_HAND_L_07_001","已声明","1","1","1","1","1","0–3.767s","0–3.767s"
"sakiko/maskon/nf02","1","PARAM_HAND_R_01_001","已声明","1","0","0","0","0","",""
"sakiko/maskon/nf02","1","PARAM_HAND_R_02_001","已声明","1","0","0","0","0","",""
"sakiko/maskon/nf02","1","PARAM_HAND_R_03_001","已声明","1","0","0","0","0","",""
"sakiko/maskon/nf02","1","PARAM_HAND_R_04_001","已声明","1","0","0","0","0","",""
"sakiko/maskon/nf02","1","PARAM_HAND_R_05_001","已声明","1","0","0","0","0","",""
"sakiko/maskon/nf02","1","PARAM_HAND_R_06_001","已声明","1","0","0","0","0","",""
"sakiko/maskon/nf02","1","PARAM_HAND_R_09_001","已声明","1","1","1","1","1","0–3.767s","0–3.767s"
"sakiko/maskon/nf03","1","PARAM_HAND_L_01_001","已声明","1","1","1","1","1","0–3.8s","0–3.8s"
"sakiko/maskon/nf03","1","PARAM_HAND_L_02_001","已声明","1","0","0","0","0","",""
"sakiko/maskon/nf03","1","PARAM_HAND_L_03_001","已声明","1","0","0","0","0","",""
"sakiko/maskon/nf03","1","PARAM_HAND_L_04_001","已声明","1","0","0","0","0","",""
"sakiko/maskon/nf03","1","PARAM_HAND_L_05_001","已声明","1","0","0","0","0","",""
"sakiko/maskon/nf03","1","PARAM_HAND_L_06_001","已声明","1","0","0","0","0","",""
"sakiko/maskon/nf03","1","PARAM_HAND_L_07_001","已声明","1","0","0","0","0","",""
"sakiko/maskon/nf03","1","PARAM_HAND_R_01_001","已声明","1","0","0","0","0","",""
"sakiko/maskon/nf03","1","PARAM_HAND_R_02_001","已声明","1","0","0","0","0","",""
"sakiko/maskon/nf03","1","PARAM_HAND_R_03_001","已声明","1","0","0","0","0","",""
"sakiko/maskon/nf03","1","PARAM_HAND_R_04_001","已声明","1","0","0","0","0","",""
"sakiko/maskon/nf03","1","PARAM_HAND_R_05_001","已声明","1","0","0","0","0","",""
"sakiko/maskon/nf03","1","PARAM_HAND_R_06_001","已声明","1","0","0","0","0","",""
"sakiko/maskon/nf03","1","PARAM_HAND_R_09_001","已声明","1","1","1","1","1","0–3.8s","0–3.8s"
"sakiko/maskon/nf04","1","PARAM_HAND_L_01_001","已声明","1","1","1","1","1","0–4.233s","0–4.233s"
"sakiko/maskon/nf04","1","PARAM_HAND_L_02_001","已声明","1","0","0","0","0","",""
"sakiko/maskon/nf04","1","PARAM_HAND_L_03_001","已声明","1","0","0","0","0","",""
"sakiko/maskon/nf04","1","PARAM_HAND_L_04_001","已声明","1","0","0","0","0","",""
"sakiko/maskon/nf04","1","PARAM_HAND_L_05_001","已声明","1","0","0","0","0","",""
"sakiko/maskon/nf04","1","PARAM_HAND_L_06_001","已声明","1","0","0","0","0","",""
"sakiko/maskon/nf04","1","PARAM_HAND_L_07_001","已声明","1","0","0","0","0","",""
"sakiko/maskon/nf04","1","PARAM_HAND_R_01_001","已声明","1","0","0","0","0","",""
"sakiko/maskon/nf04","1","PARAM_HAND_R_02_001","已声明","1","0","0","0","0","",""
"sakiko/maskon/nf04","1","PARAM_HAND_R_03_001","已声明","1","0","0","0","0","",""
"sakiko/maskon/nf04","1","PARAM_HAND_R_04_001","已声明","1","0","0","0","0","",""
"sakiko/maskon/nf04","1","PARAM_HAND_R_05_001","已声明","1","0","0","0","0","",""
"sakiko/maskon/nf04","1","PARAM_HAND_R_06_001","已声明","1","0","0","0","0","",""
"sakiko/maskon/nf04","1","PARAM_HAND_R_09_001","已声明","1","1","1","1","1","0–4.233s","0–4.233s"
"sakiko/maskon/nf05","1","PARAM_HAND_L_01_001","已声明","1","1","1","1","1","0–4.033s","0–4.033s"
"sakiko/maskon/nf05","1","PARAM_HAND_L_02_001","已声明","1","0","0","0","0","",""
"sakiko/maskon/nf05","1","PARAM_HAND_L_03_001","已声明","1","0","0","0","0","",""
"sakiko/maskon/nf05","1","PARAM_HAND_L_04_001","已声明","1","0","0","0","0","",""
"sakiko/maskon/nf05","1","PARAM_HAND_L_05_001","已声明","1","0","0","0","0","",""
"sakiko/maskon/nf05","1","PARAM_HAND_L_06_001","已声明","1","0","0","0","0","",""
"sakiko/maskon/nf05","1","PARAM_HAND_L_07_001","已声明","1","0","0","0","0","",""
"sakiko/maskon/nf05","1","PARAM_HAND_R_01_001","已声明","1","0","0","0","0","",""
"sakiko/maskon/nf05","1","PARAM_HAND_R_02_001","已声明","1","0","0","0","0","",""
"sakiko/maskon/nf05","1","PARAM_HAND_R_03_001","已声明","1","0","0","0","0","",""
"sakiko/maskon/nf05","1","PARAM_HAND_R_04_001","已声明","1","0","0","0","0","",""
"sakiko/maskon/nf05","1","PARAM_HAND_R_05_001","已声明","1","1","1","1","1","0–4.033s","0–4.033s"
"sakiko/maskon/nf05","1","PARAM_HAND_R_06_001","已声明","1","0","0","0","0","",""
"sakiko/maskon/nf05","1","PARAM_HAND_R_09_001","已声明","1","0","0","0","0","",""
"sakiko/maskon/nnf_left01","1","PARAM_HAND_L_01_001","已声明","1","0","0","0","0","",""
"sakiko/maskon/nnf_left01","1","PARAM_HAND_L_02_001","已声明","1","0","0","0","0","",""
"sakiko/maskon/nnf_left01","1","PARAM_HAND_L_03_001","已声明","1","0","0","0","0","",""
"sakiko/maskon/nnf_left01","1","PARAM_HAND_L_04_001","已声明","1","0","0","0","0","",""
"sakiko/maskon/nnf_left01","1","PARAM_HAND_L_05_001","已声明","1","0","0","0","0","",""
"sakiko/maskon/nnf_left01","1","PARAM_HAND_L_06_001","已声明","1","0","0","0","0","",""
"sakiko/maskon/nnf_left01","1","PARAM_HAND_L_07_001","已声明","1","1","1","1","1","0–4.133s","0–4.133s"
"sakiko/maskon/nnf_left01","1","PARAM_HAND_R_01_001","已声明","1","1","1","1","1","0–4.133s","0–4.133s"
"sakiko/maskon/nnf_left01","1","PARAM_HAND_R_02_001","已声明","1","0","0","0","0","",""
"sakiko/maskon/nnf_left01","1","PARAM_HAND_R_03_001","已声明","1","0","0","0","0","",""
"sakiko/maskon/nnf_left01","1","PARAM_HAND_R_04_001","已声明","1","0","0","0","0","",""
"sakiko/maskon/nnf_left01","1","PARAM_HAND_R_05_001","已声明","1","0","0","0","0","",""
"sakiko/maskon/nnf_left01","1","PARAM_HAND_R_06_001","已声明","1","0","0","0","0","",""
"sakiko/maskon/nnf_left01","1","PARAM_HAND_R_09_001","已声明","1","0","0","0","0","",""
"sakiko/maskon/nnf_right01","1","PARAM_HAND_L_01_001","已声明","1","0","0","0","0","",""
"sakiko/maskon/nnf_right01","1","PARAM_HAND_L_02_001","已声明","1","0","0","0","0","",""
"sakiko/maskon/nnf_right01","1","PARAM_HAND_L_03_001","已声明","1","0","0","0","0","",""
"sakiko/maskon/nnf_right01","1","PARAM_HAND_L_04_001","已声明","1","0","0","0","0","",""
"sakiko/maskon/nnf_right01","1","PARAM_HAND_L_05_001","已声明","1","0","0","0","0","",""
"sakiko/maskon/nnf_right01","1","PARAM_HAND_L_06_001","已声明","1","0","0","0","0","",""
"sakiko/maskon/nnf_right01","1","PARAM_HAND_L_07_001","已声明","1","1","1","1","1","0–3.767s","0–3.767s"
"sakiko/maskon/nnf_right01","1","PARAM_HAND_R_01_001","已声明","1","0","0","0","0","",""
"sakiko/maskon/nnf_right01","1","PARAM_HAND_R_02_001","已声明","1","0","0","0","0","",""
"sakiko/maskon/nnf_right01","1","PARAM_HAND_R_03_001","已声明","1","0","0","0","0","",""
"sakiko/maskon/nnf_right01","1","PARAM_HAND_R_04_001","已声明","1","0","0","0","0","",""
"sakiko/maskon/nnf_right01","1","PARAM_HAND_R_05_001","已声明","1","1","1","1","1","0–3.767s","0–3.767s"
"sakiko/maskon/nnf_right01","1","PARAM_HAND_R_06_001","已声明","1","0","0","0","0","",""
"sakiko/maskon/nnf_right01","1","PARAM_HAND_R_09_001","已声明","1","0","0","0","0","",""
"sakiko/maskon/nnf01","1","PARAM_HAND_L_01_001","已声明","1","0","0","0","0","",""
"sakiko/maskon/nnf01","1","PARAM_HAND_L_02_001","已声明","1","0","0","0","0","",""
"sakiko/maskon/nnf01","1","PARAM_HAND_L_03_001","已声明","1","0","0","0","0","",""
"sakiko/maskon/nnf01","1","PARAM_HAND_L_04_001","已声明","1","0","0","0","0","",""
"sakiko/maskon/nnf01","1","PARAM_HAND_L_05_001","已声明","1","0","0","0","0","",""
"sakiko/maskon/nnf01","1","PARAM_HAND_L_06_001","已声明","1","0","0","0","0","",""
"sakiko/maskon/nnf01","1","PARAM_HAND_L_07_001","已声明","1","1","1","1","1","0–4.333s","0–4.333s"
"sakiko/maskon/nnf01","1","PARAM_HAND_R_01_001","已声明","1","0","0","0","0","",""
"sakiko/maskon/nnf01","1","PARAM_HAND_R_02_001","已声明","1","0","0","0","0","",""
"sakiko/maskon/nnf01","1","PARAM_HAND_R_03_001","已声明","1","0","0","0","0","",""
"sakiko/maskon/nnf01","1","PARAM_HAND_R_04_001","已声明","1","0","0","0","0","",""
"sakiko/maskon/nnf01","1","PARAM_HAND_R_05_001","已声明","1","1","1","1","1","0–4.333s","0–4.333s"
"sakiko/maskon/nnf01","1","PARAM_HAND_R_06_001","已声明","1","0","0","0","0","",""
"sakiko/maskon/nnf01","1","PARAM_HAND_R_09_001","已声明","1","0","0","0","0","",""
"sakiko/maskon/nnf02","1","PARAM_HAND_L_01_001","已声明","1","0","0","0","0","",""
"sakiko/maskon/nnf02","1","PARAM_HAND_L_02_001","已声明","1","0","0","0","0","",""
"sakiko/maskon/nnf02","1","PARAM_HAND_L_03_001","已声明","1","0","0","0","0","",""
"sakiko/maskon/nnf02","1","PARAM_HAND_L_04_001","已声明","1","0","0","0","0","",""
"sakiko/maskon/nnf02","1","PARAM_HAND_L_05_001","已声明","1","0","0","0","0","",""
"sakiko/maskon/nnf02","1","PARAM_HAND_L_06_001","已声明","1","0","0","0","0","",""
"sakiko/maskon/nnf02","1","PARAM_HAND_L_07_001","已声明","1","1","1","1","1","0–3.767s","0–3.767s"
"sakiko/maskon/nnf02","1","PARAM_HAND_R_01_001","已声明","1","0","0","0","0","",""
"sakiko/maskon/nnf02","1","PARAM_HAND_R_02_001","已声明","1","0","0","0","0","",""
"sakiko/maskon/nnf02","1","PARAM_HAND_R_03_001","已声明","1","0","0","0","0","",""
"sakiko/maskon/nnf02","1","PARAM_HAND_R_04_001","已声明","1","0","0","0","0","",""
"sakiko/maskon/nnf02","1","PARAM_HAND_R_05_001","已声明","1","0","0","0","0","",""
"sakiko/maskon/nnf02","1","PARAM_HAND_R_06_001","已声明","1","0","0","0","0","",""
"sakiko/maskon/nnf02","1","PARAM_HAND_R_09_001","已声明","1","1","1","1","1","0–3.767s","0–3.767s"
"sakiko/maskon/nnf03","1","PARAM_HAND_L_01_001","已声明","1","1","1","1","1","0–3.8s","0–3.8s"
"sakiko/maskon/nnf03","1","PARAM_HAND_L_02_001","已声明","1","0","0","0","0","",""
"sakiko/maskon/nnf03","1","PARAM_HAND_L_03_001","已声明","1","0","0","0","0","",""
"sakiko/maskon/nnf03","1","PARAM_HAND_L_04_001","已声明","1","0","0","0","0","",""
"sakiko/maskon/nnf03","1","PARAM_HAND_L_05_001","已声明","1","0","0","0","0","",""
"sakiko/maskon/nnf03","1","PARAM_HAND_L_06_001","已声明","1","0","0","0","0","",""
"sakiko/maskon/nnf03","1","PARAM_HAND_L_07_001","已声明","1","0","0","0","0","",""
"sakiko/maskon/nnf03","1","PARAM_HAND_R_01_001","已声明","1","0","0","0","0","",""
"sakiko/maskon/nnf03","1","PARAM_HAND_R_02_001","已声明","1","0","0","0","0","",""
"sakiko/maskon/nnf03","1","PARAM_HAND_R_03_001","已声明","1","0","0","0","0","",""
"sakiko/maskon/nnf03","1","PARAM_HAND_R_04_001","已声明","1","0","0","0","0","",""
"sakiko/maskon/nnf03","1","PARAM_HAND_R_05_001","已声明","1","0","0","0","0","",""
"sakiko/maskon/nnf03","1","PARAM_HAND_R_06_001","已声明","1","0","0","0","0","",""
"sakiko/maskon/nnf03","1","PARAM_HAND_R_09_001","已声明","1","1","1","1","1","0–3.8s","0–3.8s"
"sakiko/maskon/nnf04","1","PARAM_HAND_L_01_001","已声明","1","1","1","1","1","0–4.233s","0–4.233s"
"sakiko/maskon/nnf04","1","PARAM_HAND_L_02_001","已声明","1","0","0","0","0","",""
"sakiko/maskon/nnf04","1","PARAM_HAND_L_03_001","已声明","1","0","0","0","0","",""
"sakiko/maskon/nnf04","1","PARAM_HAND_L_04_001","已声明","1","0","0","0","0","",""
"sakiko/maskon/nnf04","1","PARAM_HAND_L_05_001","已声明","1","0","0","0","0","",""
"sakiko/maskon/nnf04","1","PARAM_HAND_L_06_001","已声明","1","0","0","0","0","",""
"sakiko/maskon/nnf04","1","PARAM_HAND_L_07_001","已声明","1","0","0","0","0","",""
"sakiko/maskon/nnf04","1","PARAM_HAND_R_01_001","已声明","1","0","0","0","0","",""
"sakiko/maskon/nnf04","1","PARAM_HAND_R_02_001","已声明","1","0","0","0","0","",""
"sakiko/maskon/nnf04","1","PARAM_HAND_R_03_001","已声明","1","0","0","0","0","",""
"sakiko/maskon/nnf04","1","PARAM_HAND_R_04_001","已声明","1","0","0","0","0","",""
"sakiko/maskon/nnf04","1","PARAM_HAND_R_05_001","已声明","1","0","0","0","0","",""
"sakiko/maskon/nnf04","1","PARAM_HAND_R_06_001","已声明","1","0","0","0","0","",""
"sakiko/maskon/nnf04","1","PARAM_HAND_R_09_001","已声明","1","1","1","1","1","0–4.233s","0–4.233s"
"sakiko/maskon/nnf05","1","PARAM_HAND_L_01_001","已声明","1","1","1","1","1","0–4.033s","0–4.033s"
"sakiko/maskon/nnf05","1","PARAM_HAND_L_02_001","已声明","1","0","0","0","0","",""
"sakiko/maskon/nnf05","1","PARAM_HAND_L_03_001","已声明","1","0","0","0","0","",""
"sakiko/maskon/nnf05","1","PARAM_HAND_L_04_001","已声明","1","0","0","0","0","",""
"sakiko/maskon/nnf05","1","PARAM_HAND_L_05_001","已声明","1","0","0","0","0","",""
"sakiko/maskon/nnf05","1","PARAM_HAND_L_06_001","已声明","1","0","0","0","0","",""
"sakiko/maskon/nnf05","1","PARAM_HAND_L_07_001","已声明","1","0","0","0","0","",""
"sakiko/maskon/nnf05","1","PARAM_HAND_R_01_001","已声明","1","0","0","0","0","",""
"sakiko/maskon/nnf05","1","PARAM_HAND_R_02_001","已声明","1","0","0","0","0","",""
"sakiko/maskon/nnf05","1","PARAM_HAND_R_03_001","已声明","1","0","0","0","0","",""
"sakiko/maskon/nnf05","1","PARAM_HAND_R_04_001","已声明","1","0","0","0","0","",""
"sakiko/maskon/nnf05","1","PARAM_HAND_R_05_001","已声明","1","1","1","1","1","0–4.033s","0–4.033s"
"sakiko/maskon/nnf05","1","PARAM_HAND_R_06_001","已声明","1","0","0","0","0","",""
"sakiko/maskon/nnf05","1","PARAM_HAND_R_09_001","已声明","1","0","0","0","0","",""
"sakiko/maskon/nod01","1","PARAM_HAND_L_01_001","已声明","1","1","1","1","1","0–3.933s","0–3.933s"
"sakiko/maskon/nod01","1","PARAM_HAND_L_02_001","已声明","1","0","0","0","0","",""
"sakiko/maskon/nod01","1","PARAM_HAND_L_03_001","已声明","1","0","0","0","0","",""
"sakiko/maskon/nod01","1","PARAM_HAND_L_04_001","已声明","1","0","0","0","0","",""
"sakiko/maskon/nod01","1","PARAM_HAND_L_05_001","已声明","1","0","0","0","0","",""
"sakiko/maskon/nod01","1","PARAM_HAND_L_06_001","已声明","1","0","0","0","0","",""
"sakiko/maskon/nod01","1","PARAM_HAND_L_07_001","已声明","1","0","0","0","0","",""
"sakiko/maskon/nod01","1","PARAM_HAND_R_01_001","已声明","1","0","0","0","0","",""
"sakiko/maskon/nod01","1","PARAM_HAND_R_02_001","已声明","1","0","0","0","0","",""
"sakiko/maskon/nod01","1","PARAM_HAND_R_03_001","已声明","1","0","0","0","0","",""
"sakiko/maskon/nod01","1","PARAM_HAND_R_04_001","已声明","1","0","0","0","0","",""
"sakiko/maskon/nod01","1","PARAM_HAND_R_05_001","已声明","1","0","0","0","0","",""
"sakiko/maskon/nod01","1","PARAM_HAND_R_06_001","已声明","1","0","0","0","0","",""
"sakiko/maskon/nod01","1","PARAM_HAND_R_09_001","已声明","1","1","1","1","1","0–3.933s","0–3.933s"
"sakiko/maskon/odoodo01","1","PARAM_HAND_L_01_001","已声明","1","0","0","0","0","",""
"sakiko/maskon/odoodo01","1","PARAM_HAND_L_02_001","已声明","1","0","0","0","0","",""
"sakiko/maskon/odoodo01","1","PARAM_HAND_L_03_001","已声明","1","0","0","0","0","",""
"sakiko/maskon/odoodo01","1","PARAM_HAND_L_04_001","已声明","1","0","0","0","0","",""
"sakiko/maskon/odoodo01","1","PARAM_HAND_L_05_001","已声明","1","0","0","0","0","",""
"sakiko/maskon/odoodo01","1","PARAM_HAND_L_06_001","已声明","1","0","0","0","0","",""
"sakiko/maskon/odoodo01","1","PARAM_HAND_L_07_001","已声明","1","1","1","1","1","0–3.8s","0–3.8s"
"sakiko/maskon/odoodo01","1","PARAM_HAND_R_01_001","已声明","1","0","0","0","0","",""
"sakiko/maskon/odoodo01","1","PARAM_HAND_R_02_001","已声明","1","0","0","0","0","",""
"sakiko/maskon/odoodo01","1","PARAM_HAND_R_03_001","已声明","1","0","0","0","0","",""
"sakiko/maskon/odoodo01","1","PARAM_HAND_R_04_001","已声明","1","0","0","0","0","",""
"sakiko/maskon/odoodo01","1","PARAM_HAND_R_05_001","已声明","1","0","0","0","0","",""
"sakiko/maskon/odoodo01","1","PARAM_HAND_R_06_001","已声明","1","0","0","0","0","",""
"sakiko/maskon/odoodo01","1","PARAM_HAND_R_09_001","已声明","1","1","1","1","1","0–3.8s","0–3.8s"
"sakiko/maskon/sad01","1","PARAM_HAND_L_01_001","已声明","1","0","0","0","0","",""
"sakiko/maskon/sad01","1","PARAM_HAND_L_02_001","已声明","1","0","0","0","0","",""
"sakiko/maskon/sad01","1","PARAM_HAND_L_03_001","已声明","1","0","0","0","0","",""
"sakiko/maskon/sad01","1","PARAM_HAND_L_04_001","已声明","1","0","0","0","0","",""
"sakiko/maskon/sad01","1","PARAM_HAND_L_05_001","已声明","1","0","0","0","0","",""
"sakiko/maskon/sad01","1","PARAM_HAND_L_06_001","已声明","1","0","0","0","0","",""
"sakiko/maskon/sad01","1","PARAM_HAND_L_07_001","已声明","1","1","1","1","1","0–3.633s","0–3.633s"
"sakiko/maskon/sad01","1","PARAM_HAND_R_01_001","已声明","1","0","0","0","0","",""
"sakiko/maskon/sad01","1","PARAM_HAND_R_02_001","已声明","1","0","0","0","0","",""
"sakiko/maskon/sad01","1","PARAM_HAND_R_03_001","已声明","1","0","0","0","0","",""
"sakiko/maskon/sad01","1","PARAM_HAND_R_04_001","已声明","1","0","0","0","0","",""
"sakiko/maskon/sad01","1","PARAM_HAND_R_05_001","已声明","1","1","1","1","1","0–3.633s","0–3.633s"
"sakiko/maskon/sad01","1","PARAM_HAND_R_06_001","已声明","1","0","0","0","0","",""
"sakiko/maskon/sad01","1","PARAM_HAND_R_09_001","已声明","1","0","0","0","0","",""
"sakiko/maskon/sad02","1","PARAM_HAND_L_01_001","已声明","1","1","1","1","1","0–3.967s","0–3.967s"
"sakiko/maskon/sad02","1","PARAM_HAND_L_02_001","已声明","1","0","0","0","0","",""
"sakiko/maskon/sad02","1","PARAM_HAND_L_03_001","已声明","1","0","0","0","0","",""
"sakiko/maskon/sad02","1","PARAM_HAND_L_04_001","已声明","1","0","0","0","0","",""
"sakiko/maskon/sad02","1","PARAM_HAND_L_05_001","已声明","1","0","0","0","0","",""
"sakiko/maskon/sad02","1","PARAM_HAND_L_06_001","已声明","1","0","0","0","0","",""
"sakiko/maskon/sad02","1","PARAM_HAND_L_07_001","已声明","1","0","0","0","0","",""
"sakiko/maskon/sad02","1","PARAM_HAND_R_01_001","已声明","1","0","0","0","0","",""
"sakiko/maskon/sad02","1","PARAM_HAND_R_02_001","已声明","1","0","0","0","0","",""
"sakiko/maskon/sad02","1","PARAM_HAND_R_03_001","已声明","1","0","0","0","0","",""
"sakiko/maskon/sad02","1","PARAM_HAND_R_04_001","已声明","1","0","0","0","0","",""
"sakiko/maskon/sad02","1","PARAM_HAND_R_05_001","已声明","1","0","0","0","0","",""
"sakiko/maskon/sad02","1","PARAM_HAND_R_06_001","已声明","1","0","0","0","0","",""
"sakiko/maskon/sad02","1","PARAM_HAND_R_09_001","已声明","1","1","1","1","1","0–3.967s","0–3.967s"
"sakiko/maskon/serious01","1","PARAM_HAND_L_01_001","已声明","1","0","0","0","0","",""
"sakiko/maskon/serious01","1","PARAM_HAND_L_02_001","已声明","1","0","0","0","0","",""
"sakiko/maskon/serious01","1","PARAM_HAND_L_03_001","已声明","1","0","0","0","0","",""
"sakiko/maskon/serious01","1","PARAM_HAND_L_04_001","已声明","1","0","0","0","0","",""
"sakiko/maskon/serious01","1","PARAM_HAND_L_05_001","已声明","1","1","1","1","1","0–3.967s","0–3.967s"
"sakiko/maskon/serious01","1","PARAM_HAND_L_06_001","已声明","1","0","0","0","0","",""
"sakiko/maskon/serious01","1","PARAM_HAND_L_07_001","已声明","1","0","0","0","0","",""
"sakiko/maskon/serious01","1","PARAM_HAND_R_01_001","已声明","1","1","1","1","1","0–3.967s","0–3.967s"
"sakiko/maskon/serious01","1","PARAM_HAND_R_02_001","已声明","1","0","0","0","0","",""
"sakiko/maskon/serious01","1","PARAM_HAND_R_03_001","已声明","1","0","0","0","0","",""
"sakiko/maskon/serious01","1","PARAM_HAND_R_04_001","已声明","1","0","0","0","0","",""
"sakiko/maskon/serious01","1","PARAM_HAND_R_05_001","已声明","1","0","0","0","0","",""
"sakiko/maskon/serious01","1","PARAM_HAND_R_06_001","已声明","1","0","0","0","0","",""
"sakiko/maskon/serious01","1","PARAM_HAND_R_09_001","已声明","1","0","0","0","0","",""
"sakiko/maskon/serious02","1","PARAM_HAND_L_01_001","已声明","1","0","0","0","0","",""
"sakiko/maskon/serious02","1","PARAM_HAND_L_02_001","已声明","1","0","0","0","0","",""
"sakiko/maskon/serious02","1","PARAM_HAND_L_03_001","已声明","1","0","0","0","0","",""
"sakiko/maskon/serious02","1","PARAM_HAND_L_04_001","已声明","1","0","0","0","0","",""
"sakiko/maskon/serious02","1","PARAM_HAND_L_05_001","已声明","1","0","0","0","0","",""
"sakiko/maskon/serious02","1","PARAM_HAND_L_06_001","已声明","1","0","0","0","0","",""
"sakiko/maskon/serious02","1","PARAM_HAND_L_07_001","已声明","1","1","1","1","1","0–4.533s","0–4.533s"
"sakiko/maskon/serious02","1","PARAM_HAND_R_01_001","已声明","1","0","0","0","0","",""
"sakiko/maskon/serious02","1","PARAM_HAND_R_02_001","已声明","1","0","0","0","0","",""
"sakiko/maskon/serious02","1","PARAM_HAND_R_03_001","已声明","1","0","0","0","0","",""
"sakiko/maskon/serious02","1","PARAM_HAND_R_04_001","已声明","1","0","0","0","0","",""
"sakiko/maskon/serious02","1","PARAM_HAND_R_05_001","已声明","1","1","1","1","1","0–4.533s","0–4.533s"
"sakiko/maskon/serious02","1","PARAM_HAND_R_06_001","已声明","1","0","0","0","0","",""
"sakiko/maskon/serious02","1","PARAM_HAND_R_09_001","已声明","1","0","0","0","0","",""
"sakiko/maskon/shame01","1","PARAM_HAND_L_01_001","已声明","1","0","0","0","0","",""
"sakiko/maskon/shame01","1","PARAM_HAND_L_02_001","已声明","1","0","0","0","0","",""
"sakiko/maskon/shame01","1","PARAM_HAND_L_03_001","已声明","1","0","0","0","0","",""
"sakiko/maskon/shame01","1","PARAM_HAND_L_04_001","已声明","1","0","0","0","0","",""
"sakiko/maskon/shame01","1","PARAM_HAND_L_05_001","已声明","1","1","1","1","1","0–4.067s","0–4.067s"
"sakiko/maskon/shame01","1","PARAM_HAND_L_06_001","已声明","1","0","0","0","0","",""
"sakiko/maskon/shame01","1","PARAM_HAND_L_07_001","已声明","1","0","0","0","0","",""
"sakiko/maskon/shame01","1","PARAM_HAND_R_01_001","已声明","1","0","0","0","0","",""
"sakiko/maskon/shame01","1","PARAM_HAND_R_02_001","已声明","1","0","0","0","0","",""
"sakiko/maskon/shame01","1","PARAM_HAND_R_03_001","已声明","1","0","0","0","0","",""
"sakiko/maskon/shame01","1","PARAM_HAND_R_04_001","已声明","1","0","0","0","0","",""
"sakiko/maskon/shame01","1","PARAM_HAND_R_05_001","已声明","1","1","1","1","1","0–4.067s","0–4.067s"
"sakiko/maskon/shame01","1","PARAM_HAND_R_06_001","已声明","1","0","0","0","0","",""
"sakiko/maskon/shame01","1","PARAM_HAND_R_09_001","已声明","1","0","0","0","0","",""
"sakiko/maskon/shame02","1","PARAM_HAND_L_01_001","已声明","1","0","0","0","0","",""
"sakiko/maskon/shame02","1","PARAM_HAND_L_02_001","已声明","1","0","0","0","0","",""
"sakiko/maskon/shame02","1","PARAM_HAND_L_03_001","已声明","1","0","0","0","0","",""
"sakiko/maskon/shame02","1","PARAM_HAND_L_04_001","已声明","1","0","0","0","0","",""
"sakiko/maskon/shame02","1","PARAM_HAND_L_05_001","已声明","1","0","0","0","0","",""
"sakiko/maskon/shame02","1","PARAM_HAND_L_06_001","已声明","1","0","0","0","0","",""
"sakiko/maskon/shame02","1","PARAM_HAND_L_07_001","已声明","1","1","1","1","1","0–4.467s","0–4.467s"
"sakiko/maskon/shame02","1","PARAM_HAND_R_01_001","已声明","1","0","0","0","0","",""
"sakiko/maskon/shame02","1","PARAM_HAND_R_02_001","已声明","1","0","0","0","0","",""
"sakiko/maskon/shame02","1","PARAM_HAND_R_03_001","已声明","1","0","0","0","0","",""
"sakiko/maskon/shame02","1","PARAM_HAND_R_04_001","已声明","1","0","0","0","0","",""
"sakiko/maskon/shame02","1","PARAM_HAND_R_05_001","已声明","1","1","1","1","1","0–4.467s","0–4.467s"
"sakiko/maskon/shame02","1","PARAM_HAND_R_06_001","已声明","1","0","0","0","0","",""
"sakiko/maskon/shame02","1","PARAM_HAND_R_09_001","已声明","1","0","0","0","0","",""
"sakiko/maskon/sigh01","1","PARAM_HAND_L_01_001","已声明","1","0","0","0","0","",""
"sakiko/maskon/sigh01","1","PARAM_HAND_L_02_001","已声明","1","0","0","0","0","",""
"sakiko/maskon/sigh01","1","PARAM_HAND_L_03_001","已声明","1","0","0","0","0","",""
"sakiko/maskon/sigh01","1","PARAM_HAND_L_04_001","已声明","1","0","0","0","0","",""
"sakiko/maskon/sigh01","1","PARAM_HAND_L_05_001","已声明","1","1","1","1","1","0–4.6s","0–4.6s"
"sakiko/maskon/sigh01","1","PARAM_HAND_L_06_001","已声明","1","0","0","0","0","",""
"sakiko/maskon/sigh01","1","PARAM_HAND_L_07_001","已声明","1","0","0","0","0","",""
"sakiko/maskon/sigh01","1","PARAM_HAND_R_01_001","已声明","1","0","0","0","0","",""
"sakiko/maskon/sigh01","1","PARAM_HAND_R_02_001","已声明","1","0","0","0","0","",""
"sakiko/maskon/sigh01","1","PARAM_HAND_R_03_001","已声明","1","0","0","0","0","",""
"sakiko/maskon/sigh01","1","PARAM_HAND_R_04_001","已声明","1","0","0","0","0","",""
"sakiko/maskon/sigh01","1","PARAM_HAND_R_05_001","已声明","1","0","0","0","0","",""
"sakiko/maskon/sigh01","1","PARAM_HAND_R_06_001","已声明","1","0","0","0","0","",""
"sakiko/maskon/sigh01","1","PARAM_HAND_R_09_001","已声明","1","1","1","1","1","0–4.6s","0–4.6s"
"sakiko/maskon/sigh02","1","PARAM_HAND_L_01_001","已声明","1","0","0","0","0","",""
"sakiko/maskon/sigh02","1","PARAM_HAND_L_02_001","已声明","1","0","0","0","0","",""
"sakiko/maskon/sigh02","1","PARAM_HAND_L_03_001","已声明","1","0","0","0","0","",""
"sakiko/maskon/sigh02","1","PARAM_HAND_L_04_001","已声明","1","0","0","0","0","",""
"sakiko/maskon/sigh02","1","PARAM_HAND_L_05_001","已声明","1","0","0","0","0","",""
"sakiko/maskon/sigh02","1","PARAM_HAND_L_06_001","已声明","1","0","0","0","0","",""
"sakiko/maskon/sigh02","1","PARAM_HAND_L_07_001","已声明","1","1","1","1","1","0–4.7s","0–4.7s"
"sakiko/maskon/sigh02","1","PARAM_HAND_R_01_001","已声明","1","0","0","0","0","",""
"sakiko/maskon/sigh02","1","PARAM_HAND_R_02_001","已声明","1","0","0","0","0","",""
"sakiko/maskon/sigh02","1","PARAM_HAND_R_03_001","已声明","1","0","0","0","0","",""
"sakiko/maskon/sigh02","1","PARAM_HAND_R_04_001","已声明","1","0","0","0","0","",""
"sakiko/maskon/sigh02","1","PARAM_HAND_R_05_001","已声明","1","0","0","0","0","",""
"sakiko/maskon/sigh02","1","PARAM_HAND_R_06_001","已声明","1","0","0","0","0","",""
"sakiko/maskon/sigh02","1","PARAM_HAND_R_09_001","已声明","1","1","1","1","1","0–4.7s","0–4.7s"
"sakiko/maskon/smile01","1","PARAM_HAND_L_01_001","已声明","1","1","1","1","1","0–4.433s","0–4.433s"
"sakiko/maskon/smile01","1","PARAM_HAND_L_02_001","已声明","1","0","0","0","0","",""
"sakiko/maskon/smile01","1","PARAM_HAND_L_03_001","已声明","1","0","0","0","0","",""
"sakiko/maskon/smile01","1","PARAM_HAND_L_04_001","已声明","1","0","0","0","0","",""
"sakiko/maskon/smile01","1","PARAM_HAND_L_05_001","已声明","1","0","0","0","0","",""
"sakiko/maskon/smile01","1","PARAM_HAND_L_06_001","已声明","1","0","0","0","0","",""
"sakiko/maskon/smile01","1","PARAM_HAND_L_07_001","已声明","1","0","0","0","0","",""
"sakiko/maskon/smile01","1","PARAM_HAND_R_01_001","已声明","1","0","0","0","0","",""
"sakiko/maskon/smile01","1","PARAM_HAND_R_02_001","已声明","1","0","0","0","0","",""
"sakiko/maskon/smile01","1","PARAM_HAND_R_03_001","已声明","1","0","0","0","0","",""
"sakiko/maskon/smile01","1","PARAM_HAND_R_04_001","已声明","1","0","0","0","0","",""
"sakiko/maskon/smile01","1","PARAM_HAND_R_05_001","已声明","1","0","0","0","0","",""
"sakiko/maskon/smile01","1","PARAM_HAND_R_06_001","已声明","1","0","0","0","0","",""
"sakiko/maskon/smile01","1","PARAM_HAND_R_09_001","已声明","1","1","1","1","1","0–4.433s","0–4.433s"
"sakiko/maskon/smile02","1","PARAM_HAND_L_01_001","已声明","1","0","0","0","0","",""
"sakiko/maskon/smile02","1","PARAM_HAND_L_02_001","已声明","1","0","0","0","0","",""
"sakiko/maskon/smile02","1","PARAM_HAND_L_03_001","已声明","1","1","1","1","1","0–4.333s","0–4.333s"
"sakiko/maskon/smile02","1","PARAM_HAND_L_04_001","已声明","1","0","0","0","0","",""
"sakiko/maskon/smile02","1","PARAM_HAND_L_05_001","已声明","1","0","0","0","0","",""
"sakiko/maskon/smile02","1","PARAM_HAND_L_06_001","已声明","1","0","0","0","0","",""
"sakiko/maskon/smile02","1","PARAM_HAND_L_07_001","已声明","1","0","0","0","0","",""
"sakiko/maskon/smile02","1","PARAM_HAND_R_01_001","已声明","1","1","1","1","1","0–4.333s","0–4.333s"
"sakiko/maskon/smile02","1","PARAM_HAND_R_02_001","已声明","1","0","0","0","0","",""
"sakiko/maskon/smile02","1","PARAM_HAND_R_03_001","已声明","1","0","0","0","0","",""
"sakiko/maskon/smile02","1","PARAM_HAND_R_04_001","已声明","1","0","0","0","0","",""
"sakiko/maskon/smile02","1","PARAM_HAND_R_05_001","已声明","1","0","0","0","0","",""
"sakiko/maskon/smile02","1","PARAM_HAND_R_06_001","已声明","1","0","0","0","0","",""
"sakiko/maskon/smile02","1","PARAM_HAND_R_09_001","已声明","1","0","0","0","0","",""
"sakiko/maskon/smile03","1","PARAM_HAND_L_01_001","已声明","120","0","1","1","0","0–0.367s","0–0.3s"
"sakiko/maskon/smile03","1","PARAM_HAND_L_02_001","已声明","1","0","0","0","0","",""
"sakiko/maskon/smile03","1","PARAM_HAND_L_03_001","已声明","1","0","0","0","0","",""
"sakiko/maskon/smile03","1","PARAM_HAND_L_04_001","已声明","1","0","0","0","0","",""
"sakiko/maskon/smile03","1","PARAM_HAND_L_05_001","已声明","1","0","0","0","0","",""
"sakiko/maskon/smile03","1","PARAM_HAND_L_06_001","已声明","1","0","0","0","0","",""
"sakiko/maskon/smile03","1","PARAM_HAND_L_07_001","已声明","120","0","1","0","1","0.267–3.967s","0.333–3.967s"
"sakiko/maskon/smile03","1","PARAM_HAND_R_01_001","已声明","120","0","1","1","0","0–0.367s","0–0.3s"
"sakiko/maskon/smile03","1","PARAM_HAND_R_02_001","已声明","1","0","0","0","0","",""
"sakiko/maskon/smile03","1","PARAM_HAND_R_03_001","已声明","1","0","0","0","0","",""
"sakiko/maskon/smile03","1","PARAM_HAND_R_04_001","已声明","1","0","0","0","0","",""
"sakiko/maskon/smile03","1","PARAM_HAND_R_05_001","已声明","120","0","1","0","1","0.267–3.967s","0.333–3.967s"
"sakiko/maskon/smile03","1","PARAM_HAND_R_06_001","已声明","1","0","0","0","0","",""
"sakiko/maskon/smile03","1","PARAM_HAND_R_09_001","已声明","1","0","0","0","0","",""
"sakiko/maskon/smile04","1","PARAM_HAND_L_01_001","已声明","1","0","0","0","0","",""
"sakiko/maskon/smile04","1","PARAM_HAND_L_02_001","已声明","1","0","0","0","0","",""
"sakiko/maskon/smile04","1","PARAM_HAND_L_03_001","已声明","1","0","0","0","0","",""
"sakiko/maskon/smile04","1","PARAM_HAND_L_04_001","已声明","1","0","0","0","0","",""
"sakiko/maskon/smile04","1","PARAM_HAND_L_05_001","已声明","1","1","1","1","1","0–4.333s","0–4.333s"
"sakiko/maskon/smile04","1","PARAM_HAND_L_06_001","已声明","1","0","0","0","0","",""
"sakiko/maskon/smile04","1","PARAM_HAND_L_07_001","已声明","1","0","0","0","0","",""
"sakiko/maskon/smile04","1","PARAM_HAND_R_01_001","已声明","1","0","0","0","0","",""
"sakiko/maskon/smile04","1","PARAM_HAND_R_02_001","已声明","1","0","0","0","0","",""
"sakiko/maskon/smile04","1","PARAM_HAND_R_03_001","已声明","1","0","0","0","0","",""
"sakiko/maskon/smile04","1","PARAM_HAND_R_04_001","已声明","1","0","0","0","0","",""
"sakiko/maskon/smile04","1","PARAM_HAND_R_05_001","已声明","1","1","1","1","1","0–4.333s","0–4.333s"
"sakiko/maskon/smile04","1","PARAM_HAND_R_06_001","已声明","1","0","0","0","0","",""
"sakiko/maskon/smile04","1","PARAM_HAND_R_09_001","已声明","1","0","0","0","0","",""
"sakiko/maskon/smile05","1","PARAM_HAND_L_01_001","已声明","1","0","0","0","0","",""
"sakiko/maskon/smile05","1","PARAM_HAND_L_02_001","已声明","1","0","0","0","0","",""
"sakiko/maskon/smile05","1","PARAM_HAND_L_03_001","已声明","1","0","0","0","0","",""
"sakiko/maskon/smile05","1","PARAM_HAND_L_04_001","已声明","1","0","0","0","0","",""
"sakiko/maskon/smile05","1","PARAM_HAND_L_05_001","已声明","1","0","0","0","0","",""
"sakiko/maskon/smile05","1","PARAM_HAND_L_06_001","已声明","1","0","0","0","0","",""
"sakiko/maskon/smile05","1","PARAM_HAND_L_07_001","已声明","1","1","1","1","1","0–4.567s","0–4.567s"
"sakiko/maskon/smile05","1","PARAM_HAND_R_01_001","已声明","1","0","0","0","0","",""
"sakiko/maskon/smile05","1","PARAM_HAND_R_02_001","已声明","1","0","0","0","0","",""
"sakiko/maskon/smile05","1","PARAM_HAND_R_03_001","已声明","1","1","1","1","1","0–4.567s","0–4.567s"
"sakiko/maskon/smile05","1","PARAM_HAND_R_04_001","已声明","1","0","0","0","0","",""
"sakiko/maskon/smile05","1","PARAM_HAND_R_05_001","已声明","1","0","0","0","0","",""
"sakiko/maskon/smile05","1","PARAM_HAND_R_06_001","已声明","1","0","0","0","0","",""
"sakiko/maskon/smile05","1","PARAM_HAND_R_09_001","已声明","1","0","0","0","0","",""
"sakiko/maskon/smile06","1","PARAM_HAND_L_01_001","已声明","1","0","0","0","0","",""
"sakiko/maskon/smile06","1","PARAM_HAND_L_02_001","已声明","1","0","0","0","0","",""
"sakiko/maskon/smile06","1","PARAM_HAND_L_03_001","已声明","1","0","0","0","0","",""
"sakiko/maskon/smile06","1","PARAM_HAND_L_04_001","已声明","1","0","0","0","0","",""
"sakiko/maskon/smile06","1","PARAM_HAND_L_05_001","已声明","1","0","0","0","0","",""
"sakiko/maskon/smile06","1","PARAM_HAND_L_06_001","已声明","1","0","0","0","0","",""
"sakiko/maskon/smile06","1","PARAM_HAND_L_07_001","已声明","1","1","1","1","1","0–4.467s","0–4.467s"
"sakiko/maskon/smile06","1","PARAM_HAND_R_01_001","已声明","1","0","0","0","0","",""
"sakiko/maskon/smile06","1","PARAM_HAND_R_02_001","已声明","1","0","0","0","0","",""
"sakiko/maskon/smile06","1","PARAM_HAND_R_03_001","已声明","1","0","0","0","0","",""
"sakiko/maskon/smile06","1","PARAM_HAND_R_04_001","已声明","1","0","0","0","0","",""
"sakiko/maskon/smile06","1","PARAM_HAND_R_05_001","已声明","1","1","1","1","1","0–4.467s","0–4.467s"
"sakiko/maskon/smile06","1","PARAM_HAND_R_06_001","已声明","1","0","0","0","0","",""
"sakiko/maskon/smile06","1","PARAM_HAND_R_09_001","已声明","1","0","0","0","0","",""
"sakiko/maskon/smile07","1","PARAM_HAND_L_01_001","已声明","1","0","0","0","0","",""
"sakiko/maskon/smile07","1","PARAM_HAND_L_02_001","已声明","1","0","0","0","0","",""
"sakiko/maskon/smile07","1","PARAM_HAND_L_03_001","已声明","1","0","0","0","0","",""
"sakiko/maskon/smile07","1","PARAM_HAND_L_04_001","已声明","1","0","0","0","0","",""
"sakiko/maskon/smile07","1","PARAM_HAND_L_05_001","已声明","1","0","0","0","0","",""
"sakiko/maskon/smile07","1","PARAM_HAND_L_06_001","已声明","1","1","1","1","1","0–3.8s","0–3.8s"
"sakiko/maskon/smile07","1","PARAM_HAND_L_07_001","已声明","1","0","0","0","0","",""
"sakiko/maskon/smile07","1","PARAM_HAND_R_01_001","已声明","1","0","0","0","0","",""
"sakiko/maskon/smile07","1","PARAM_HAND_R_02_001","已声明","1","0","0","0","0","",""
"sakiko/maskon/smile07","1","PARAM_HAND_R_03_001","已声明","1","0","0","0","0","",""
"sakiko/maskon/smile07","1","PARAM_HAND_R_04_001","已声明","1","0","0","0","0","",""
"sakiko/maskon/smile07","1","PARAM_HAND_R_05_001","已声明","1","1","1","1","1","0–3.8s","0–3.8s"
"sakiko/maskon/smile07","1","PARAM_HAND_R_06_001","已声明","1","0","0","0","0","",""
"sakiko/maskon/smile07","1","PARAM_HAND_R_09_001","已声明","1","0","0","0","0","",""
"sakiko/maskon/surprised01","1","PARAM_HAND_L_01_001","已声明","1","0","0","0","0","",""
"sakiko/maskon/surprised01","1","PARAM_HAND_L_02_001","已声明","1","0","0","0","0","",""
"sakiko/maskon/surprised01","1","PARAM_HAND_L_03_001","已声明","1","0","0","0","0","",""
"sakiko/maskon/surprised01","1","PARAM_HAND_L_04_001","已声明","1","0","0","0","0","",""
"sakiko/maskon/surprised01","1","PARAM_HAND_L_05_001","已声明","1","1","1","1","1","0–3.633s","0–3.633s"
"sakiko/maskon/surprised01","1","PARAM_HAND_L_06_001","已声明","1","0","0","0","0","",""
"sakiko/maskon/surprised01","1","PARAM_HAND_L_07_001","已声明","1","0","0","0","0","",""
"sakiko/maskon/surprised01","1","PARAM_HAND_R_01_001","已声明","1","0","0","0","0","",""
"sakiko/maskon/surprised01","1","PARAM_HAND_R_02_001","已声明","1","0","0","0","0","",""
"sakiko/maskon/surprised01","1","PARAM_HAND_R_03_001","已声明","1","1","1","1","1","0–3.633s","0–3.633s"
"sakiko/maskon/surprised01","1","PARAM_HAND_R_04_001","已声明","1","0","0","0","0","",""
"sakiko/maskon/surprised01","1","PARAM_HAND_R_05_001","已声明","1","0","0","0","0","",""
"sakiko/maskon/surprised01","1","PARAM_HAND_R_06_001","已声明","1","0","0","0","0","",""
"sakiko/maskon/surprised01","1","PARAM_HAND_R_09_001","已声明","1","0","0","0","0","",""
"sakiko/maskon/surprised02","1","PARAM_HAND_L_01_001","已声明","1","0","0","0","0","",""
"sakiko/maskon/surprised02","1","PARAM_HAND_L_02_001","已声明","1","0","0","0","0","",""
"sakiko/maskon/surprised02","1","PARAM_HAND_L_03_001","已声明","1","0","0","0","0","",""
"sakiko/maskon/surprised02","1","PARAM_HAND_L_04_001","已声明","1","0","0","0","0","",""
"sakiko/maskon/surprised02","1","PARAM_HAND_L_05_001","已声明","1","1","1","1","1","0–3.7s","0–3.7s"
"sakiko/maskon/surprised02","1","PARAM_HAND_L_06_001","已声明","1","0","0","0","0","",""
"sakiko/maskon/surprised02","1","PARAM_HAND_L_07_001","已声明","1","0","0","0","0","",""
"sakiko/maskon/surprised02","1","PARAM_HAND_R_01_001","已声明","1","0","0","0","0","",""
"sakiko/maskon/surprised02","1","PARAM_HAND_R_02_001","已声明","1","0","0","0","0","",""
"sakiko/maskon/surprised02","1","PARAM_HAND_R_03_001","已声明","1","0","0","0","0","",""
"sakiko/maskon/surprised02","1","PARAM_HAND_R_04_001","已声明","1","0","0","0","0","",""
"sakiko/maskon/surprised02","1","PARAM_HAND_R_05_001","已声明","1","1","1","1","1","0–3.7s","0–3.7s"
"sakiko/maskon/surprised02","1","PARAM_HAND_R_06_001","已声明","1","0","0","0","0","",""
"sakiko/maskon/surprised02","1","PARAM_HAND_R_09_001","已声明","1","0","0","0","0","",""
"sakiko/maskon/thinking01","1","PARAM_HAND_L_01_001","已声明","1","0","0","0","0","",""
"sakiko/maskon/thinking01","1","PARAM_HAND_L_02_001","已声明","1","0","0","0","0","",""
"sakiko/maskon/thinking01","1","PARAM_HAND_L_03_001","已声明","1","0","0","0","0","",""
"sakiko/maskon/thinking01","1","PARAM_HAND_L_04_001","已声明","1","0","0","0","0","",""
"sakiko/maskon/thinking01","1","PARAM_HAND_L_05_001","已声明","1","0","0","0","0","",""
"sakiko/maskon/thinking01","1","PARAM_HAND_L_06_001","已声明","1","0","0","0","0","",""
"sakiko/maskon/thinking01","1","PARAM_HAND_L_07_001","已声明","1","1","1","1","1","0–4.3s","0–4.3s"
"sakiko/maskon/thinking01","1","PARAM_HAND_R_01_001","已声明","1","0","0","0","0","",""
"sakiko/maskon/thinking01","1","PARAM_HAND_R_02_001","已声明","1","0","0","0","0","",""
"sakiko/maskon/thinking01","1","PARAM_HAND_R_03_001","已声明","1","0","0","0","0","",""
"sakiko/maskon/thinking01","1","PARAM_HAND_R_04_001","已声明","1","0","0","0","0","",""
"sakiko/maskon/thinking01","1","PARAM_HAND_R_05_001","已声明","1","0","0","0","0","",""
"sakiko/maskon/thinking01","1","PARAM_HAND_R_06_001","已声明","1","0","0","0","0","",""
"sakiko/maskon/thinking01","1","PARAM_HAND_R_09_001","已声明","1","1","1","1","1","0–4.3s","0–4.3s"
"sakiko/maskon/thinking02","1","PARAM_HAND_L_01_001","已声明","1","0","0","0","0","",""
"sakiko/maskon/thinking02","1","PARAM_HAND_L_02_001","已声明","1","0","0","0","0","",""
"sakiko/maskon/thinking02","1","PARAM_HAND_L_03_001","已声明","1","0","0","0","0","",""
"sakiko/maskon/thinking02","1","PARAM_HAND_L_04_001","已声明","1","0","0","0","0","",""
"sakiko/maskon/thinking02","1","PARAM_HAND_L_05_001","已声明","1","1","1","1","1","0–3.967s","0–3.967s"
"sakiko/maskon/thinking02","1","PARAM_HAND_L_06_001","已声明","1","0","0","0","0","",""
"sakiko/maskon/thinking02","1","PARAM_HAND_L_07_001","已声明","1","0","0","0","0","",""
"sakiko/maskon/thinking02","1","PARAM_HAND_R_01_001","已声明","1","0","0","0","0","",""
"sakiko/maskon/thinking02","1","PARAM_HAND_R_02_001","已声明","1","0","0","0","0","",""
"sakiko/maskon/thinking02","1","PARAM_HAND_R_03_001","已声明","1","0","0","0","0","",""
"sakiko/maskon/thinking02","1","PARAM_HAND_R_04_001","已声明","1","0","0","0","0","",""
"sakiko/maskon/thinking02","1","PARAM_HAND_R_05_001","已声明","1","0","0","0","0","",""
"sakiko/maskon/thinking02","1","PARAM_HAND_R_06_001","已声明","1","0","0","0","0","",""
"sakiko/maskon/thinking02","1","PARAM_HAND_R_09_001","已声明","1","1","1","1","1","0–3.967s","0–3.967s"
"sakiko/nf_left01","1","PARAM_HAND_L_01_001","已声明","1","0","0","0","0","",""
"sakiko/nf_left01","1","PARAM_HAND_L_02_001","已声明","1","0","0","0","0","",""
"sakiko/nf_left01","1","PARAM_HAND_L_03_001","已声明","1","0","0","0","0","",""
"sakiko/nf_left01","1","PARAM_HAND_L_04_001","已声明","1","0","0","0","0","",""
"sakiko/nf_left01","1","PARAM_HAND_L_05_001","已声明","1","0","0","0","0","",""
"sakiko/nf_left01","1","PARAM_HAND_L_06_001","已声明","1","0","0","0","0","",""
"sakiko/nf_left01","1","PARAM_HAND_L_07_001","已声明","1","1","1","1","1","0–4.133s","0–4.133s"
"sakiko/nf_left01","1","PARAM_HAND_R_01_001","已声明","1","1","1","1","1","0–4.133s","0–4.133s"
"sakiko/nf_left01","1","PARAM_HAND_R_02_001","已声明","1","0","0","0","0","",""
"sakiko/nf_left01","1","PARAM_HAND_R_03_001","已声明","1","0","0","0","0","",""
"sakiko/nf_left01","1","PARAM_HAND_R_04_001","已声明","1","0","0","0","0","",""
"sakiko/nf_left01","1","PARAM_HAND_R_05_001","已声明","1","0","0","0","0","",""
"sakiko/nf_left01","1","PARAM_HAND_R_06_001","已声明","1","0","0","0","0","",""
"sakiko/nf_left01","1","PARAM_HAND_R_09_001","已声明","1","0","0","0","0","",""
"sakiko/nf_right01","1","PARAM_HAND_L_01_001","已声明","1","0","0","0","0","",""
"sakiko/nf_right01","1","PARAM_HAND_L_02_001","已声明","1","0","0","0","0","",""
"sakiko/nf_right01","1","PARAM_HAND_L_03_001","已声明","1","0","0","0","0","",""
"sakiko/nf_right01","1","PARAM_HAND_L_04_001","已声明","1","0","0","0","0","",""
"sakiko/nf_right01","1","PARAM_HAND_L_05_001","已声明","1","0","0","0","0","",""
"sakiko/nf_right01","1","PARAM_HAND_L_06_001","已声明","1","0","0","0","0","",""
"sakiko/nf_right01","1","PARAM_HAND_L_07_001","已声明","1","1","1","1","1","0–3.767s","0–3.767s"
"sakiko/nf_right01","1","PARAM_HAND_R_01_001","已声明","1","0","0","0","0","",""
"sakiko/nf_right01","1","PARAM_HAND_R_02_001","已声明","1","0","0","0","0","",""
"sakiko/nf_right01","1","PARAM_HAND_R_03_001","已声明","1","0","0","0","0","",""
"sakiko/nf_right01","1","PARAM_HAND_R_04_001","已声明","1","0","0","0","0","",""
"sakiko/nf_right01","1","PARAM_HAND_R_05_001","已声明","1","1","1","1","1","0–3.767s","0–3.767s"
"sakiko/nf_right01","1","PARAM_HAND_R_06_001","已声明","1","0","0","0","0","",""
"sakiko/nf_right01","1","PARAM_HAND_R_09_001","已声明","1","0","0","0","0","",""
"sakiko/nf01","1","PARAM_HAND_L_01_001","已声明","1","0","0","0","0","",""
"sakiko/nf01","1","PARAM_HAND_L_02_001","已声明","1","0","0","0","0","",""
"sakiko/nf01","1","PARAM_HAND_L_03_001","已声明","1","0","0","0","0","",""
"sakiko/nf01","1","PARAM_HAND_L_04_001","已声明","1","0","0","0","0","",""
"sakiko/nf01","1","PARAM_HAND_L_05_001","已声明","1","0","0","0","0","",""
"sakiko/nf01","1","PARAM_HAND_L_06_001","已声明","1","0","0","0","0","",""
"sakiko/nf01","1","PARAM_HAND_L_07_001","已声明","1","1","1","1","1","0–4.333s","0–4.333s"
"sakiko/nf01","1","PARAM_HAND_R_01_001","已声明","1","0","0","0","0","",""
"sakiko/nf01","1","PARAM_HAND_R_02_001","已声明","1","0","0","0","0","",""
"sakiko/nf01","1","PARAM_HAND_R_03_001","已声明","1","0","0","0","0","",""
"sakiko/nf01","1","PARAM_HAND_R_04_001","已声明","1","0","0","0","0","",""
"sakiko/nf01","1","PARAM_HAND_R_05_001","已声明","1","1","1","1","1","0–4.333s","0–4.333s"
"sakiko/nf01","1","PARAM_HAND_R_06_001","已声明","1","0","0","0","0","",""
"sakiko/nf01","1","PARAM_HAND_R_09_001","已声明","1","0","0","0","0","",""
"sakiko/nf02","1","PARAM_HAND_L_01_001","已声明","1","0","0","0","0","",""
"sakiko/nf02","1","PARAM_HAND_L_02_001","已声明","1","0","0","0","0","",""
"sakiko/nf02","1","PARAM_HAND_L_03_001","已声明","1","0","0","0","0","",""
"sakiko/nf02","1","PARAM_HAND_L_04_001","已声明","1","0","0","0","0","",""
"sakiko/nf02","1","PARAM_HAND_L_05_001","已声明","1","0","0","0","0","",""
"sakiko/nf02","1","PARAM_HAND_L_06_001","已声明","1","0","0","0","0","",""
"sakiko/nf02","1","PARAM_HAND_L_07_001","已声明","1","1","1","1","1","0–3.767s","0–3.767s"
"sakiko/nf02","1","PARAM_HAND_R_01_001","已声明","1","0","0","0","0","",""
"sakiko/nf02","1","PARAM_HAND_R_02_001","已声明","1","0","0","0","0","",""
"sakiko/nf02","1","PARAM_HAND_R_03_001","已声明","1","0","0","0","0","",""
"sakiko/nf02","1","PARAM_HAND_R_04_001","已声明","1","0","0","0","0","",""
"sakiko/nf02","1","PARAM_HAND_R_05_001","已声明","1","0","0","0","0","",""
"sakiko/nf02","1","PARAM_HAND_R_06_001","已声明","1","0","0","0","0","",""
"sakiko/nf02","1","PARAM_HAND_R_09_001","已声明","1","1","1","1","1","0–3.767s","0–3.767s"
"sakiko/nf03","1","PARAM_HAND_L_01_001","已声明","1","1","1","1","1","0–3.8s","0–3.8s"
"sakiko/nf03","1","PARAM_HAND_L_02_001","已声明","1","0","0","0","0","",""
"sakiko/nf03","1","PARAM_HAND_L_03_001","已声明","1","0","0","0","0","",""
"sakiko/nf03","1","PARAM_HAND_L_04_001","已声明","1","0","0","0","0","",""
"sakiko/nf03","1","PARAM_HAND_L_05_001","已声明","1","0","0","0","0","",""
"sakiko/nf03","1","PARAM_HAND_L_06_001","已声明","1","0","0","0","0","",""
"sakiko/nf03","1","PARAM_HAND_L_07_001","已声明","1","0","0","0","0","",""
"sakiko/nf03","1","PARAM_HAND_R_01_001","已声明","1","0","0","0","0","",""
"sakiko/nf03","1","PARAM_HAND_R_02_001","已声明","1","0","0","0","0","",""
"sakiko/nf03","1","PARAM_HAND_R_03_001","已声明","1","0","0","0","0","",""
"sakiko/nf03","1","PARAM_HAND_R_04_001","已声明","1","0","0","0","0","",""
"sakiko/nf03","1","PARAM_HAND_R_05_001","已声明","1","0","0","0","0","",""
"sakiko/nf03","1","PARAM_HAND_R_06_001","已声明","1","0","0","0","0","",""
"sakiko/nf03","1","PARAM_HAND_R_09_001","已声明","1","1","1","1","1","0–3.8s","0–3.8s"
"sakiko/nf04","1","PARAM_HAND_L_01_001","已声明","1","1","1","1","1","0–4.233s","0–4.233s"
"sakiko/nf04","1","PARAM_HAND_L_02_001","已声明","1","0","0","0","0","",""
"sakiko/nf04","1","PARAM_HAND_L_03_001","已声明","1","0","0","0","0","",""
"sakiko/nf04","1","PARAM_HAND_L_04_001","已声明","1","0","0","0","0","",""
"sakiko/nf04","1","PARAM_HAND_L_05_001","已声明","1","0","0","0","0","",""
"sakiko/nf04","1","PARAM_HAND_L_06_001","已声明","1","0","0","0","0","",""
"sakiko/nf04","1","PARAM_HAND_L_07_001","已声明","1","0","0","0","0","",""
"sakiko/nf04","1","PARAM_HAND_R_01_001","已声明","1","0","0","0","0","",""
"sakiko/nf04","1","PARAM_HAND_R_02_001","已声明","1","0","0","0","0","",""
"sakiko/nf04","1","PARAM_HAND_R_03_001","已声明","1","0","0","0","0","",""
"sakiko/nf04","1","PARAM_HAND_R_04_001","已声明","1","0","0","0","0","",""
"sakiko/nf04","1","PARAM_HAND_R_05_001","已声明","1","0","0","0","0","",""
"sakiko/nf04","1","PARAM_HAND_R_06_001","已声明","1","0","0","0","0","",""
"sakiko/nf04","1","PARAM_HAND_R_09_001","已声明","1","1","1","1","1","0–4.233s","0–4.233s"
"sakiko/nf05","1","PARAM_HAND_L_01_001","已声明","1","1","1","1","1","0–4.033s","0–4.033s"
"sakiko/nf05","1","PARAM_HAND_L_02_001","已声明","1","0","0","0","0","",""
"sakiko/nf05","1","PARAM_HAND_L_03_001","已声明","1","0","0","0","0","",""
"sakiko/nf05","1","PARAM_HAND_L_04_001","已声明","1","0","0","0","0","",""
"sakiko/nf05","1","PARAM_HAND_L_05_001","已声明","1","0","0","0","0","",""
"sakiko/nf05","1","PARAM_HAND_L_06_001","已声明","1","0","0","0","0","",""
"sakiko/nf05","1","PARAM_HAND_L_07_001","已声明","1","0","0","0","0","",""
"sakiko/nf05","1","PARAM_HAND_R_01_001","已声明","1","0","0","0","0","",""
"sakiko/nf05","1","PARAM_HAND_R_02_001","已声明","1","0","0","0","0","",""
"sakiko/nf05","1","PARAM_HAND_R_03_001","已声明","1","0","0","0","0","",""
"sakiko/nf05","1","PARAM_HAND_R_04_001","已声明","1","0","0","0","0","",""
"sakiko/nf05","1","PARAM_HAND_R_05_001","已声明","1","1","1","1","1","0–4.033s","0–4.033s"
"sakiko/nf05","1","PARAM_HAND_R_06_001","已声明","1","0","0","0","0","",""
"sakiko/nf05","1","PARAM_HAND_R_09_001","已声明","1","0","0","0","0","",""
"sakiko/nnf_left01","1","PARAM_HAND_L_01_001","已声明","1","0","0","0","0","",""
"sakiko/nnf_left01","1","PARAM_HAND_L_02_001","已声明","1","0","0","0","0","",""
"sakiko/nnf_left01","1","PARAM_HAND_L_03_001","已声明","1","0","0","0","0","",""
"sakiko/nnf_left01","1","PARAM_HAND_L_04_001","已声明","1","0","0","0","0","",""
"sakiko/nnf_left01","1","PARAM_HAND_L_05_001","已声明","1","0","0","0","0","",""
"sakiko/nnf_left01","1","PARAM_HAND_L_06_001","已声明","1","0","0","0","0","",""
"sakiko/nnf_left01","1","PARAM_HAND_L_07_001","已声明","1","1","1","1","1","0–4.133s","0–4.133s"
"sakiko/nnf_left01","1","PARAM_HAND_R_01_001","已声明","1","1","1","1","1","0–4.133s","0–4.133s"
"sakiko/nnf_left01","1","PARAM_HAND_R_02_001","已声明","1","0","0","0","0","",""
"sakiko/nnf_left01","1","PARAM_HAND_R_03_001","已声明","1","0","0","0","0","",""
"sakiko/nnf_left01","1","PARAM_HAND_R_04_001","已声明","1","0","0","0","0","",""
"sakiko/nnf_left01","1","PARAM_HAND_R_05_001","已声明","1","0","0","0","0","",""
"sakiko/nnf_left01","1","PARAM_HAND_R_06_001","已声明","1","0","0","0","0","",""
"sakiko/nnf_left01","1","PARAM_HAND_R_09_001","已声明","1","0","0","0","0","",""
"sakiko/nnf_right01","1","PARAM_HAND_L_01_001","已声明","1","0","0","0","0","",""
"sakiko/nnf_right01","1","PARAM_HAND_L_02_001","已声明","1","0","0","0","0","",""
"sakiko/nnf_right01","1","PARAM_HAND_L_03_001","已声明","1","0","0","0","0","",""
"sakiko/nnf_right01","1","PARAM_HAND_L_04_001","已声明","1","0","0","0","0","",""
"sakiko/nnf_right01","1","PARAM_HAND_L_05_001","已声明","1","0","0","0","0","",""
"sakiko/nnf_right01","1","PARAM_HAND_L_06_001","已声明","1","0","0","0","0","",""
"sakiko/nnf_right01","1","PARAM_HAND_L_07_001","已声明","1","1","1","1","1","0–3.767s","0–3.767s"
"sakiko/nnf_right01","1","PARAM_HAND_R_01_001","已声明","1","0","0","0","0","",""
"sakiko/nnf_right01","1","PARAM_HAND_R_02_001","已声明","1","0","0","0","0","",""
"sakiko/nnf_right01","1","PARAM_HAND_R_03_001","已声明","1","0","0","0","0","",""
"sakiko/nnf_right01","1","PARAM_HAND_R_04_001","已声明","1","0","0","0","0","",""
"sakiko/nnf_right01","1","PARAM_HAND_R_05_001","已声明","1","1","1","1","1","0–3.767s","0–3.767s"
"sakiko/nnf_right01","1","PARAM_HAND_R_06_001","已声明","1","0","0","0","0","",""
"sakiko/nnf_right01","1","PARAM_HAND_R_09_001","已声明","1","0","0","0","0","",""
"sakiko/nnf01","1","PARAM_HAND_L_01_001","已声明","1","0","0","0","0","",""
"sakiko/nnf01","1","PARAM_HAND_L_02_001","已声明","1","0","0","0","0","",""
"sakiko/nnf01","1","PARAM_HAND_L_03_001","已声明","1","0","0","0","0","",""
"sakiko/nnf01","1","PARAM_HAND_L_04_001","已声明","1","0","0","0","0","",""
"sakiko/nnf01","1","PARAM_HAND_L_05_001","已声明","1","0","0","0","0","",""
"sakiko/nnf01","1","PARAM_HAND_L_06_001","已声明","1","0","0","0","0","",""
"sakiko/nnf01","1","PARAM_HAND_L_07_001","已声明","1","1","1","1","1","0–4.333s","0–4.333s"
"sakiko/nnf01","1","PARAM_HAND_R_01_001","已声明","1","0","0","0","0","",""
"sakiko/nnf01","1","PARAM_HAND_R_02_001","已声明","1","0","0","0","0","",""
"sakiko/nnf01","1","PARAM_HAND_R_03_001","已声明","1","0","0","0","0","",""
"sakiko/nnf01","1","PARAM_HAND_R_04_001","已声明","1","0","0","0","0","",""
"sakiko/nnf01","1","PARAM_HAND_R_05_001","已声明","1","1","1","1","1","0–4.333s","0–4.333s"
"sakiko/nnf01","1","PARAM_HAND_R_06_001","已声明","1","0","0","0","0","",""
"sakiko/nnf01","1","PARAM_HAND_R_09_001","已声明","1","0","0","0","0","",""
"sakiko/nnf02","1","PARAM_HAND_L_01_001","已声明","1","0","0","0","0","",""
"sakiko/nnf02","1","PARAM_HAND_L_02_001","已声明","1","0","0","0","0","",""
"sakiko/nnf02","1","PARAM_HAND_L_03_001","已声明","1","0","0","0","0","",""
"sakiko/nnf02","1","PARAM_HAND_L_04_001","已声明","1","0","0","0","0","",""
"sakiko/nnf02","1","PARAM_HAND_L_05_001","已声明","1","0","0","0","0","",""
"sakiko/nnf02","1","PARAM_HAND_L_06_001","已声明","1","0","0","0","0","",""
"sakiko/nnf02","1","PARAM_HAND_L_07_001","已声明","1","1","1","1","1","0–3.767s","0–3.767s"
"sakiko/nnf02","1","PARAM_HAND_R_01_001","已声明","1","0","0","0","0","",""
"sakiko/nnf02","1","PARAM_HAND_R_02_001","已声明","1","0","0","0","0","",""
"sakiko/nnf02","1","PARAM_HAND_R_03_001","已声明","1","0","0","0","0","",""
"sakiko/nnf02","1","PARAM_HAND_R_04_001","已声明","1","0","0","0","0","",""
"sakiko/nnf02","1","PARAM_HAND_R_05_001","已声明","1","0","0","0","0","",""
"sakiko/nnf02","1","PARAM_HAND_R_06_001","已声明","1","0","0","0","0","",""
"sakiko/nnf02","1","PARAM_HAND_R_09_001","已声明","1","1","1","1","1","0–3.767s","0–3.767s"
"sakiko/nnf03","1","PARAM_HAND_L_01_001","已声明","1","1","1","1","1","0–3.8s","0–3.8s"
"sakiko/nnf03","1","PARAM_HAND_L_02_001","已声明","1","0","0","0","0","",""
"sakiko/nnf03","1","PARAM_HAND_L_03_001","已声明","1","0","0","0","0","",""
"sakiko/nnf03","1","PARAM_HAND_L_04_001","已声明","1","0","0","0","0","",""
"sakiko/nnf03","1","PARAM_HAND_L_05_001","已声明","1","0","0","0","0","",""
"sakiko/nnf03","1","PARAM_HAND_L_06_001","已声明","1","0","0","0","0","",""
"sakiko/nnf03","1","PARAM_HAND_L_07_001","已声明","1","0","0","0","0","",""
"sakiko/nnf03","1","PARAM_HAND_R_01_001","已声明","1","0","0","0","0","",""
"sakiko/nnf03","1","PARAM_HAND_R_02_001","已声明","1","0","0","0","0","",""
"sakiko/nnf03","1","PARAM_HAND_R_03_001","已声明","1","0","0","0","0","",""
"sakiko/nnf03","1","PARAM_HAND_R_04_001","已声明","1","0","0","0","0","",""
"sakiko/nnf03","1","PARAM_HAND_R_05_001","已声明","1","0","0","0","0","",""
"sakiko/nnf03","1","PARAM_HAND_R_06_001","已声明","1","0","0","0","0","",""
"sakiko/nnf03","1","PARAM_HAND_R_09_001","已声明","1","1","1","1","1","0–3.8s","0–3.8s"
"sakiko/nnf04","1","PARAM_HAND_L_01_001","已声明","1","1","1","1","1","0–4.233s","0–4.233s"
"sakiko/nnf04","1","PARAM_HAND_L_02_001","已声明","1","0","0","0","0","",""
"sakiko/nnf04","1","PARAM_HAND_L_03_001","已声明","1","0","0","0","0","",""
"sakiko/nnf04","1","PARAM_HAND_L_04_001","已声明","1","0","0","0","0","",""
"sakiko/nnf04","1","PARAM_HAND_L_05_001","已声明","1","0","0","0","0","",""
"sakiko/nnf04","1","PARAM_HAND_L_06_001","已声明","1","0","0","0","0","",""
"sakiko/nnf04","1","PARAM_HAND_L_07_001","已声明","1","0","0","0","0","",""
"sakiko/nnf04","1","PARAM_HAND_R_01_001","已声明","1","0","0","0","0","",""
"sakiko/nnf04","1","PARAM_HAND_R_02_001","已声明","1","0","0","0","0","",""
"sakiko/nnf04","1","PARAM_HAND_R_03_001","已声明","1","0","0","0","0","",""
"sakiko/nnf04","1","PARAM_HAND_R_04_001","已声明","1","0","0","0","0","",""
"sakiko/nnf04","1","PARAM_HAND_R_05_001","已声明","1","0","0","0","0","",""
"sakiko/nnf04","1","PARAM_HAND_R_06_001","已声明","1","0","0","0","0","",""
"sakiko/nnf04","1","PARAM_HAND_R_09_001","已声明","1","1","1","1","1","0–4.233s","0–4.233s"
"sakiko/nnf05","1","PARAM_HAND_L_01_001","已声明","1","1","1","1","1","0–4.033s","0–4.033s"
"sakiko/nnf05","1","PARAM_HAND_L_02_001","已声明","1","0","0","0","0","",""
"sakiko/nnf05","1","PARAM_HAND_L_03_001","已声明","1","0","0","0","0","",""
"sakiko/nnf05","1","PARAM_HAND_L_04_001","已声明","1","0","0","0","0","",""
"sakiko/nnf05","1","PARAM_HAND_L_05_001","已声明","1","0","0","0","0","",""
"sakiko/nnf05","1","PARAM_HAND_L_06_001","已声明","1","0","0","0","0","",""
"sakiko/nnf05","1","PARAM_HAND_L_07_001","已声明","1","0","0","0","0","",""
"sakiko/nnf05","1","PARAM_HAND_R_01_001","已声明","1","0","0","0","0","",""
"sakiko/nnf05","1","PARAM_HAND_R_02_001","已声明","1","0","0","0","0","",""
"sakiko/nnf05","1","PARAM_HAND_R_03_001","已声明","1","0","0","0","0","",""
"sakiko/nnf05","1","PARAM_HAND_R_04_001","已声明","1","0","0","0","0","",""
"sakiko/nnf05","1","PARAM_HAND_R_05_001","已声明","1","1","1","1","1","0–4.033s","0–4.033s"
"sakiko/nnf05","1","PARAM_HAND_R_06_001","已声明","1","0","0","0","0","",""
"sakiko/nnf05","1","PARAM_HAND_R_09_001","已声明","1","0","0","0","0","",""
"sakiko/nod01","1","PARAM_HAND_L_01_001","已声明","1","1","1","1","1","0–3.933s","0–3.933s"
"sakiko/nod01","1","PARAM_HAND_L_02_001","已声明","1","0","0","0","0","",""
"sakiko/nod01","1","PARAM_HAND_L_03_001","已声明","1","0","0","0","0","",""
"sakiko/nod01","1","PARAM_HAND_L_04_001","已声明","1","0","0","0","0","",""
"sakiko/nod01","1","PARAM_HAND_L_05_001","已声明","1","0","0","0","0","",""
"sakiko/nod01","1","PARAM_HAND_L_06_001","已声明","1","0","0","0","0","",""
"sakiko/nod01","1","PARAM_HAND_L_07_001","已声明","1","0","0","0","0","",""
"sakiko/nod01","1","PARAM_HAND_R_01_001","已声明","1","0","0","0","0","",""
"sakiko/nod01","1","PARAM_HAND_R_02_001","已声明","1","0","0","0","0","",""
"sakiko/nod01","1","PARAM_HAND_R_03_001","已声明","1","0","0","0","0","",""
"sakiko/nod01","1","PARAM_HAND_R_04_001","已声明","1","0","0","0","0","",""
"sakiko/nod01","1","PARAM_HAND_R_05_001","已声明","1","0","0","0","0","",""
"sakiko/nod01","1","PARAM_HAND_R_06_001","已声明","1","0","0","0","0","",""
"sakiko/nod01","1","PARAM_HAND_R_09_001","已声明","1","1","1","1","1","0–3.933s","0–3.933s"
"sakiko/odoodo01","1","PARAM_HAND_L_01_001","已声明","1","0","0","0","0","",""
"sakiko/odoodo01","1","PARAM_HAND_L_02_001","已声明","1","0","0","0","0","",""
"sakiko/odoodo01","1","PARAM_HAND_L_03_001","已声明","1","0","0","0","0","",""
"sakiko/odoodo01","1","PARAM_HAND_L_04_001","已声明","1","0","0","0","0","",""
"sakiko/odoodo01","1","PARAM_HAND_L_05_001","已声明","1","0","0","0","0","",""
"sakiko/odoodo01","1","PARAM_HAND_L_06_001","已声明","1","0","0","0","0","",""
"sakiko/odoodo01","1","PARAM_HAND_L_07_001","已声明","1","1","1","1","1","0–3.8s","0–3.8s"
"sakiko/odoodo01","1","PARAM_HAND_R_01_001","已声明","1","0","0","0","0","",""
"sakiko/odoodo01","1","PARAM_HAND_R_02_001","已声明","1","0","0","0","0","",""
"sakiko/odoodo01","1","PARAM_HAND_R_03_001","已声明","1","0","0","0","0","",""
"sakiko/odoodo01","1","PARAM_HAND_R_04_001","已声明","1","0","0","0","0","",""
"sakiko/odoodo01","1","PARAM_HAND_R_05_001","已声明","1","0","0","0","0","",""
"sakiko/odoodo01","1","PARAM_HAND_R_06_001","已声明","1","0","0","0","0","",""
"sakiko/odoodo01","1","PARAM_HAND_R_09_001","已声明","1","1","1","1","1","0–3.8s","0–3.8s"
"sakiko/sad01","1","PARAM_HAND_L_01_001","已声明","1","0","0","0","0","",""
"sakiko/sad01","1","PARAM_HAND_L_02_001","已声明","1","0","0","0","0","",""
"sakiko/sad01","1","PARAM_HAND_L_03_001","已声明","1","0","0","0","0","",""
"sakiko/sad01","1","PARAM_HAND_L_04_001","已声明","1","0","0","0","0","",""
"sakiko/sad01","1","PARAM_HAND_L_05_001","已声明","1","0","0","0","0","",""
"sakiko/sad01","1","PARAM_HAND_L_06_001","已声明","1","0","0","0","0","",""
"sakiko/sad01","1","PARAM_HAND_L_07_001","已声明","1","1","1","1","1","0–3.633s","0–3.633s"
"sakiko/sad01","1","PARAM_HAND_R_01_001","已声明","1","0","0","0","0","",""
"sakiko/sad01","1","PARAM_HAND_R_02_001","已声明","1","0","0","0","0","",""
"sakiko/sad01","1","PARAM_HAND_R_03_001","已声明","1","0","0","0","0","",""
"sakiko/sad01","1","PARAM_HAND_R_04_001","已声明","1","0","0","0","0","",""
"sakiko/sad01","1","PARAM_HAND_R_05_001","已声明","1","1","1","1","1","0–3.633s","0–3.633s"
"sakiko/sad01","1","PARAM_HAND_R_06_001","已声明","1","0","0","0","0","",""
"sakiko/sad01","1","PARAM_HAND_R_09_001","已声明","1","0","0","0","0","",""
"sakiko/sad02","1","PARAM_HAND_L_01_001","已声明","1","1","1","1","1","0–3.967s","0–3.967s"
"sakiko/sad02","1","PARAM_HAND_L_02_001","已声明","1","0","0","0","0","",""
"sakiko/sad02","1","PARAM_HAND_L_03_001","已声明","1","0","0","0","0","",""
"sakiko/sad02","1","PARAM_HAND_L_04_001","已声明","1","0","0","0","0","",""
"sakiko/sad02","1","PARAM_HAND_L_05_001","已声明","1","0","0","0","0","",""
"sakiko/sad02","1","PARAM_HAND_L_06_001","已声明","1","0","0","0","0","",""
"sakiko/sad02","1","PARAM_HAND_L_07_001","已声明","1","0","0","0","0","",""
"sakiko/sad02","1","PARAM_HAND_R_01_001","已声明","1","0","0","0","0","",""
"sakiko/sad02","1","PARAM_HAND_R_02_001","已声明","1","0","0","0","0","",""
"sakiko/sad02","1","PARAM_HAND_R_03_001","已声明","1","0","0","0","0","",""
"sakiko/sad02","1","PARAM_HAND_R_04_001","已声明","1","0","0","0","0","",""
"sakiko/sad02","1","PARAM_HAND_R_05_001","已声明","1","0","0","0","0","",""
"sakiko/sad02","1","PARAM_HAND_R_06_001","已声明","1","0","0","0","0","",""
"sakiko/sad02","1","PARAM_HAND_R_09_001","已声明","1","1","1","1","1","0–3.967s","0–3.967s"
"sakiko/serious01","1","PARAM_HAND_L_01_001","已声明","1","0","0","0","0","",""
"sakiko/serious01","1","PARAM_HAND_L_02_001","已声明","1","0","0","0","0","",""
"sakiko/serious01","1","PARAM_HAND_L_03_001","已声明","1","0","0","0","0","",""
"sakiko/serious01","1","PARAM_HAND_L_04_001","已声明","1","0","0","0","0","",""
"sakiko/serious01","1","PARAM_HAND_L_05_001","已声明","1","1","1","1","1","0–3.967s","0–3.967s"
"sakiko/serious01","1","PARAM_HAND_L_06_001","已声明","1","0","0","0","0","",""
"sakiko/serious01","1","PARAM_HAND_L_07_001","已声明","1","0","0","0","0","",""
"sakiko/serious01","1","PARAM_HAND_R_01_001","已声明","1","1","1","1","1","0–3.967s","0–3.967s"
"sakiko/serious01","1","PARAM_HAND_R_02_001","已声明","1","0","0","0","0","",""
"sakiko/serious01","1","PARAM_HAND_R_03_001","已声明","1","0","0","0","0","",""
"sakiko/serious01","1","PARAM_HAND_R_04_001","已声明","1","0","0","0","0","",""
"sakiko/serious01","1","PARAM_HAND_R_05_001","已声明","1","0","0","0","0","",""
"sakiko/serious01","1","PARAM_HAND_R_06_001","已声明","1","0","0","0","0","",""
"sakiko/serious01","1","PARAM_HAND_R_09_001","已声明","1","0","0","0","0","",""
"sakiko/serious02","1","PARAM_HAND_L_01_001","已声明","1","0","0","0","0","",""
"sakiko/serious02","1","PARAM_HAND_L_02_001","已声明","1","0","0","0","0","",""
"sakiko/serious02","1","PARAM_HAND_L_03_001","已声明","1","0","0","0","0","",""
"sakiko/serious02","1","PARAM_HAND_L_04_001","已声明","1","0","0","0","0","",""
"sakiko/serious02","1","PARAM_HAND_L_05_001","已声明","1","0","0","0","0","",""
"sakiko/serious02","1","PARAM_HAND_L_06_001","已声明","1","0","0","0","0","",""
"sakiko/serious02","1","PARAM_HAND_L_07_001","已声明","1","1","1","1","1","0–4.533s","0–4.533s"
"sakiko/serious02","1","PARAM_HAND_R_01_001","已声明","1","0","0","0","0","",""
"sakiko/serious02","1","PARAM_HAND_R_02_001","已声明","1","0","0","0","0","",""
"sakiko/serious02","1","PARAM_HAND_R_03_001","已声明","1","0","0","0","0","",""
"sakiko/serious02","1","PARAM_HAND_R_04_001","已声明","1","0","0","0","0","",""
"sakiko/serious02","1","PARAM_HAND_R_05_001","已声明","1","1","1","1","1","0–4.533s","0–4.533s"
"sakiko/serious02","1","PARAM_HAND_R_06_001","已声明","1","0","0","0","0","",""
"sakiko/serious02","1","PARAM_HAND_R_09_001","已声明","1","0","0","0","0","",""
"sakiko/shame01","1","PARAM_HAND_L_01_001","已声明","1","0","0","0","0","",""
"sakiko/shame01","1","PARAM_HAND_L_02_001","已声明","1","0","0","0","0","",""
"sakiko/shame01","1","PARAM_HAND_L_03_001","已声明","1","0","0","0","0","",""
"sakiko/shame01","1","PARAM_HAND_L_04_001","已声明","1","0","0","0","0","",""
"sakiko/shame01","1","PARAM_HAND_L_05_001","已声明","1","1","1","1","1","0–4.067s","0–4.067s"
"sakiko/shame01","1","PARAM_HAND_L_06_001","已声明","1","0","0","0","0","",""
"sakiko/shame01","1","PARAM_HAND_L_07_001","已声明","1","0","0","0","0","",""
"sakiko/shame01","1","PARAM_HAND_R_01_001","已声明","1","0","0","0","0","",""
"sakiko/shame01","1","PARAM_HAND_R_02_001","已声明","1","0","0","0","0","",""
"sakiko/shame01","1","PARAM_HAND_R_03_001","已声明","1","0","0","0","0","",""
"sakiko/shame01","1","PARAM_HAND_R_04_001","已声明","1","0","0","0","0","",""
"sakiko/shame01","1","PARAM_HAND_R_05_001","已声明","1","1","1","1","1","0–4.067s","0–4.067s"
"sakiko/shame01","1","PARAM_HAND_R_06_001","已声明","1","0","0","0","0","",""
"sakiko/shame01","1","PARAM_HAND_R_09_001","已声明","1","0","0","0","0","",""
"sakiko/shame02","1","PARAM_HAND_L_01_001","已声明","1","0","0","0","0","",""
"sakiko/shame02","1","PARAM_HAND_L_02_001","已声明","1","0","0","0","0","",""
"sakiko/shame02","1","PARAM_HAND_L_03_001","已声明","1","0","0","0","0","",""
"sakiko/shame02","1","PARAM_HAND_L_04_001","已声明","1","0","0","0","0","",""
"sakiko/shame02","1","PARAM_HAND_L_05_001","已声明","1","0","0","0","0","",""
"sakiko/shame02","1","PARAM_HAND_L_06_001","已声明","1","0","0","0","0","",""
"sakiko/shame02","1","PARAM_HAND_L_07_001","已声明","1","1","1","1","1","0–4.467s","0–4.467s"
"sakiko/shame02","1","PARAM_HAND_R_01_001","已声明","1","0","0","0","0","",""
"sakiko/shame02","1","PARAM_HAND_R_02_001","已声明","1","0","0","0","0","",""
"sakiko/shame02","1","PARAM_HAND_R_03_001","已声明","1","0","0","0","0","",""
"sakiko/shame02","1","PARAM_HAND_R_04_001","已声明","1","0","0","0","0","",""
"sakiko/shame02","1","PARAM_HAND_R_05_001","已声明","1","1","1","1","1","0–4.467s","0–4.467s"
"sakiko/shame02","1","PARAM_HAND_R_06_001","已声明","1","0","0","0","0","",""
"sakiko/shame02","1","PARAM_HAND_R_09_001","已声明","1","0","0","0","0","",""
"sakiko/sigh01","1","PARAM_HAND_L_01_001","已声明","1","0","0","0","0","",""
"sakiko/sigh01","1","PARAM_HAND_L_02_001","已声明","1","0","0","0","0","",""
"sakiko/sigh01","1","PARAM_HAND_L_03_001","已声明","1","0","0","0","0","",""
"sakiko/sigh01","1","PARAM_HAND_L_04_001","已声明","1","0","0","0","0","",""
"sakiko/sigh01","1","PARAM_HAND_L_05_001","已声明","1","1","1","1","1","0–4.6s","0–4.6s"
"sakiko/sigh01","1","PARAM_HAND_L_06_001","已声明","1","0","0","0","0","",""
"sakiko/sigh01","1","PARAM_HAND_L_07_001","已声明","1","0","0","0","0","",""
"sakiko/sigh01","1","PARAM_HAND_R_01_001","已声明","1","0","0","0","0","",""
"sakiko/sigh01","1","PARAM_HAND_R_02_001","已声明","1","0","0","0","0","",""
"sakiko/sigh01","1","PARAM_HAND_R_03_001","已声明","1","0","0","0","0","",""
"sakiko/sigh01","1","PARAM_HAND_R_04_001","已声明","1","0","0","0","0","",""
"sakiko/sigh01","1","PARAM_HAND_R_05_001","已声明","1","0","0","0","0","",""
"sakiko/sigh01","1","PARAM_HAND_R_06_001","已声明","1","0","0","0","0","",""
"sakiko/sigh01","1","PARAM_HAND_R_09_001","已声明","1","1","1","1","1","0–4.6s","0–4.6s"
"sakiko/sigh02","1","PARAM_HAND_L_01_001","已声明","1","0","0","0","0","",""
"sakiko/sigh02","1","PARAM_HAND_L_02_001","已声明","1","0","0","0","0","",""
"sakiko/sigh02","1","PARAM_HAND_L_03_001","已声明","1","0","0","0","0","",""
"sakiko/sigh02","1","PARAM_HAND_L_04_001","已声明","1","0","0","0","0","",""
"sakiko/sigh02","1","PARAM_HAND_L_05_001","已声明","1","0","0","0","0","",""
"sakiko/sigh02","1","PARAM_HAND_L_06_001","已声明","1","0","0","0","0","",""
"sakiko/sigh02","1","PARAM_HAND_L_07_001","已声明","1","1","1","1","1","0–4.7s","0–4.7s"
"sakiko/sigh02","1","PARAM_HAND_R_01_001","已声明","1","0","0","0","0","",""
"sakiko/sigh02","1","PARAM_HAND_R_02_001","已声明","1","0","0","0","0","",""
"sakiko/sigh02","1","PARAM_HAND_R_03_001","已声明","1","0","0","0","0","",""
"sakiko/sigh02","1","PARAM_HAND_R_04_001","已声明","1","0","0","0","0","",""
"sakiko/sigh02","1","PARAM_HAND_R_05_001","已声明","1","0","0","0","0","",""
"sakiko/sigh02","1","PARAM_HAND_R_06_001","已声明","1","0","0","0","0","",""
"sakiko/sigh02","1","PARAM_HAND_R_09_001","已声明","1","1","1","1","1","0–4.7s","0–4.7s"
"sakiko/smile01","1","PARAM_HAND_L_01_001","已声明","1","1","1","1","1","0–4.433s","0–4.433s"
"sakiko/smile01","1","PARAM_HAND_L_02_001","已声明","1","0","0","0","0","",""
"sakiko/smile01","1","PARAM_HAND_L_03_001","已声明","1","0","0","0","0","",""
"sakiko/smile01","1","PARAM_HAND_L_04_001","已声明","1","0","0","0","0","",""
"sakiko/smile01","1","PARAM_HAND_L_05_001","已声明","1","0","0","0","0","",""
"sakiko/smile01","1","PARAM_HAND_L_06_001","已声明","1","0","0","0","0","",""
"sakiko/smile01","1","PARAM_HAND_L_07_001","已声明","1","0","0","0","0","",""
"sakiko/smile01","1","PARAM_HAND_R_01_001","已声明","1","0","0","0","0","",""
"sakiko/smile01","1","PARAM_HAND_R_02_001","已声明","1","0","0","0","0","",""
"sakiko/smile01","1","PARAM_HAND_R_03_001","已声明","1","0","0","0","0","",""
"sakiko/smile01","1","PARAM_HAND_R_04_001","已声明","1","0","0","0","0","",""
"sakiko/smile01","1","PARAM_HAND_R_05_001","已声明","1","0","0","0","0","",""
"sakiko/smile01","1","PARAM_HAND_R_06_001","已声明","1","0","0","0","0","",""
"sakiko/smile01","1","PARAM_HAND_R_09_001","已声明","1","1","1","1","1","0–4.433s","0–4.433s"
"sakiko/smile02","1","PARAM_HAND_L_01_001","已声明","1","0","0","0","0","",""
"sakiko/smile02","1","PARAM_HAND_L_02_001","已声明","1","0","0","0","0","",""
"sakiko/smile02","1","PARAM_HAND_L_03_001","已声明","1","1","1","1","1","0–4.333s","0–4.333s"
"sakiko/smile02","1","PARAM_HAND_L_04_001","已声明","1","0","0","0","0","",""
"sakiko/smile02","1","PARAM_HAND_L_05_001","已声明","1","0","0","0","0","",""
"sakiko/smile02","1","PARAM_HAND_L_06_001","已声明","1","0","0","0","0","",""
"sakiko/smile02","1","PARAM_HAND_L_07_001","已声明","1","0","0","0","0","",""
"sakiko/smile02","1","PARAM_HAND_R_01_001","已声明","1","1","1","1","1","0–4.333s","0–4.333s"
"sakiko/smile02","1","PARAM_HAND_R_02_001","已声明","1","0","0","0","0","",""
"sakiko/smile02","1","PARAM_HAND_R_03_001","已声明","1","0","0","0","0","",""
"sakiko/smile02","1","PARAM_HAND_R_04_001","已声明","1","0","0","0","0","",""
"sakiko/smile02","1","PARAM_HAND_R_05_001","已声明","1","0","0","0","0","",""
"sakiko/smile02","1","PARAM_HAND_R_06_001","已声明","1","0","0","0","0","",""
"sakiko/smile02","1","PARAM_HAND_R_09_001","已声明","1","0","0","0","0","",""
"sakiko/smile03","1","PARAM_HAND_L_01_001","已声明","120","0","1","1","0","0–0.367s","0–0.3s"
"sakiko/smile03","1","PARAM_HAND_L_02_001","已声明","1","0","0","0","0","",""
"sakiko/smile03","1","PARAM_HAND_L_03_001","已声明","1","0","0","0","0","",""
"sakiko/smile03","1","PARAM_HAND_L_04_001","已声明","1","0","0","0","0","",""
"sakiko/smile03","1","PARAM_HAND_L_05_001","已声明","1","0","0","0","0","",""
"sakiko/smile03","1","PARAM_HAND_L_06_001","已声明","1","0","0","0","0","",""
"sakiko/smile03","1","PARAM_HAND_L_07_001","已声明","120","0","1","0","1","0.267–3.967s","0.333–3.967s"
"sakiko/smile03","1","PARAM_HAND_R_01_001","已声明","120","0","1","1","0","0–0.367s","0–0.3s"
"sakiko/smile03","1","PARAM_HAND_R_02_001","已声明","1","0","0","0","0","",""
"sakiko/smile03","1","PARAM_HAND_R_03_001","已声明","1","0","0","0","0","",""
"sakiko/smile03","1","PARAM_HAND_R_04_001","已声明","1","0","0","0","0","",""
"sakiko/smile03","1","PARAM_HAND_R_05_001","已声明","120","0","1","0","1","0.267–3.967s","0.333–3.967s"
"sakiko/smile03","1","PARAM_HAND_R_06_001","已声明","1","0","0","0","0","",""
"sakiko/smile03","1","PARAM_HAND_R_09_001","已声明","1","0","0","0","0","",""
"sakiko/smile04","1","PARAM_HAND_L_01_001","已声明","1","0","0","0","0","",""
"sakiko/smile04","1","PARAM_HAND_L_02_001","已声明","1","0","0","0","0","",""
"sakiko/smile04","1","PARAM_HAND_L_03_001","已声明","1","0","0","0","0","",""
"sakiko/smile04","1","PARAM_HAND_L_04_001","已声明","1","0","0","0","0","",""
"sakiko/smile04","1","PARAM_HAND_L_05_001","已声明","1","1","1","1","1","0–4.333s","0–4.333s"
"sakiko/smile04","1","PARAM_HAND_L_06_001","已声明","1","0","0","0","0","",""
"sakiko/smile04","1","PARAM_HAND_L_07_001","已声明","1","0","0","0","0","",""
"sakiko/smile04","1","PARAM_HAND_R_01_001","已声明","1","0","0","0","0","",""
"sakiko/smile04","1","PARAM_HAND_R_02_001","已声明","1","0","0","0","0","",""
"sakiko/smile04","1","PARAM_HAND_R_03_001","已声明","1","0","0","0","0","",""
"sakiko/smile04","1","PARAM_HAND_R_04_001","已声明","1","0","0","0","0","",""
"sakiko/smile04","1","PARAM_HAND_R_05_001","已声明","1","1","1","1","1","0–4.333s","0–4.333s"
"sakiko/smile04","1","PARAM_HAND_R_06_001","已声明","1","0","0","0","0","",""
"sakiko/smile04","1","PARAM_HAND_R_09_001","已声明","1","0","0","0","0","",""
"sakiko/smile05","1","PARAM_HAND_L_01_001","已声明","1","0","0","0","0","",""
"sakiko/smile05","1","PARAM_HAND_L_02_001","已声明","1","0","0","0","0","",""
"sakiko/smile05","1","PARAM_HAND_L_03_001","已声明","1","0","0","0","0","",""
"sakiko/smile05","1","PARAM_HAND_L_04_001","已声明","1","0","0","0","0","",""
"sakiko/smile05","1","PARAM_HAND_L_05_001","已声明","1","0","0","0","0","",""
"sakiko/smile05","1","PARAM_HAND_L_06_001","已声明","1","0","0","0","0","",""
"sakiko/smile05","1","PARAM_HAND_L_07_001","已声明","1","1","1","1","1","0–4.567s","0–4.567s"
"sakiko/smile05","1","PARAM_HAND_R_01_001","已声明","1","0","0","0","0","",""
"sakiko/smile05","1","PARAM_HAND_R_02_001","已声明","1","0","0","0","0","",""
"sakiko/smile05","1","PARAM_HAND_R_03_001","已声明","1","1","1","1","1","0–4.567s","0–4.567s"
"sakiko/smile05","1","PARAM_HAND_R_04_001","已声明","1","0","0","0","0","",""
"sakiko/smile05","1","PARAM_HAND_R_05_001","已声明","1","0","0","0","0","",""
"sakiko/smile05","1","PARAM_HAND_R_06_001","已声明","1","0","0","0","0","",""
"sakiko/smile05","1","PARAM_HAND_R_09_001","已声明","1","0","0","0","0","",""
"sakiko/smile06","1","PARAM_HAND_L_01_001","已声明","1","0","0","0","0","",""
"sakiko/smile06","1","PARAM_HAND_L_02_001","已声明","1","0","0","0","0","",""
"sakiko/smile06","1","PARAM_HAND_L_03_001","已声明","1","0","0","0","0","",""
"sakiko/smile06","1","PARAM_HAND_L_04_001","已声明","1","0","0","0","0","",""
"sakiko/smile06","1","PARAM_HAND_L_05_001","已声明","1","0","0","0","0","",""
"sakiko/smile06","1","PARAM_HAND_L_06_001","已声明","1","0","0","0","0","",""
"sakiko/smile06","1","PARAM_HAND_L_07_001","已声明","1","1","1","1","1","0–4.467s","0–4.467s"
"sakiko/smile06","1","PARAM_HAND_R_01_001","已声明","1","0","0","0","0","",""
"sakiko/smile06","1","PARAM_HAND_R_02_001","已声明","1","0","0","0","0","",""
"sakiko/smile06","1","PARAM_HAND_R_03_001","已声明","1","0","0","0","0","",""
"sakiko/smile06","1","PARAM_HAND_R_04_001","已声明","1","0","0","0","0","",""
"sakiko/smile06","1","PARAM_HAND_R_05_001","已声明","1","1","1","1","1","0–4.467s","0–4.467s"
"sakiko/smile06","1","PARAM_HAND_R_06_001","已声明","1","0","0","0","0","",""
"sakiko/smile06","1","PARAM_HAND_R_09_001","已声明","1","0","0","0","0","",""
"sakiko/smile07","1","PARAM_HAND_L_01_001","已声明","1","0","0","0","0","",""
"sakiko/smile07","1","PARAM_HAND_L_02_001","已声明","1","0","0","0","0","",""
"sakiko/smile07","1","PARAM_HAND_L_03_001","已声明","1","0","0","0","0","",""
"sakiko/smile07","1","PARAM_HAND_L_04_001","已声明","1","0","0","0","0","",""
"sakiko/smile07","1","PARAM_HAND_L_05_001","已声明","1","0","0","0","0","",""
"sakiko/smile07","1","PARAM_HAND_L_06_001","已声明","1","1","1","1","1","0–3.8s","0–3.8s"
"sakiko/smile07","1","PARAM_HAND_L_07_001","已声明","1","0","0","0","0","",""
"sakiko/smile07","1","PARAM_HAND_R_01_001","已声明","1","0","0","0","0","",""
"sakiko/smile07","1","PARAM_HAND_R_02_001","已声明","1","0","0","0","0","",""
"sakiko/smile07","1","PARAM_HAND_R_03_001","已声明","1","0","0","0","0","",""
"sakiko/smile07","1","PARAM_HAND_R_04_001","已声明","1","0","0","0","0","",""
"sakiko/smile07","1","PARAM_HAND_R_05_001","已声明","1","1","1","1","1","0–3.8s","0–3.8s"
"sakiko/smile07","1","PARAM_HAND_R_06_001","已声明","1","0","0","0","0","",""
"sakiko/smile07","1","PARAM_HAND_R_09_001","已声明","1","0","0","0","0","",""
"sakiko/surprised01","1","PARAM_HAND_L_01_001","已声明","1","0","0","0","0","",""
"sakiko/surprised01","1","PARAM_HAND_L_02_001","已声明","1","0","0","0","0","",""
"sakiko/surprised01","1","PARAM_HAND_L_03_001","已声明","1","0","0","0","0","",""
"sakiko/surprised01","1","PARAM_HAND_L_04_001","已声明","1","0","0","0","0","",""
"sakiko/surprised01","1","PARAM_HAND_L_05_001","已声明","1","1","1","1","1","0–3.633s","0–3.633s"
"sakiko/surprised01","1","PARAM_HAND_L_06_001","已声明","1","0","0","0","0","",""
"sakiko/surprised01","1","PARAM_HAND_L_07_001","已声明","1","0","0","0","0","",""
"sakiko/surprised01","1","PARAM_HAND_R_01_001","已声明","1","0","0","0","0","",""
"sakiko/surprised01","1","PARAM_HAND_R_02_001","已声明","1","0","0","0","0","",""
"sakiko/surprised01","1","PARAM_HAND_R_03_001","已声明","1","1","1","1","1","0–3.633s","0–3.633s"
"sakiko/surprised01","1","PARAM_HAND_R_04_001","已声明","1","0","0","0","0","",""
"sakiko/surprised01","1","PARAM_HAND_R_05_001","已声明","1","0","0","0","0","",""
"sakiko/surprised01","1","PARAM_HAND_R_06_001","已声明","1","0","0","0","0","",""
"sakiko/surprised01","1","PARAM_HAND_R_09_001","已声明","1","0","0","0","0","",""
"sakiko/surprised02","1","PARAM_HAND_L_01_001","已声明","1","0","0","0","0","",""
"sakiko/surprised02","1","PARAM_HAND_L_02_001","已声明","1","0","0","0","0","",""
"sakiko/surprised02","1","PARAM_HAND_L_03_001","已声明","1","0","0","0","0","",""
"sakiko/surprised02","1","PARAM_HAND_L_04_001","已声明","1","0","0","0","0","",""
"sakiko/surprised02","1","PARAM_HAND_L_05_001","已声明","1","1","1","1","1","0–3.7s","0–3.7s"
"sakiko/surprised02","1","PARAM_HAND_L_06_001","已声明","1","0","0","0","0","",""
"sakiko/surprised02","1","PARAM_HAND_L_07_001","已声明","1","0","0","0","0","",""
"sakiko/surprised02","1","PARAM_HAND_R_01_001","已声明","1","0","0","0","0","",""
"sakiko/surprised02","1","PARAM_HAND_R_02_001","已声明","1","0","0","0","0","",""
"sakiko/surprised02","1","PARAM_HAND_R_03_001","已声明","1","0","0","0","0","",""
"sakiko/surprised02","1","PARAM_HAND_R_04_001","已声明","1","0","0","0","0","",""
"sakiko/surprised02","1","PARAM_HAND_R_05_001","已声明","1","1","1","1","1","0–3.7s","0–3.7s"
"sakiko/surprised02","1","PARAM_HAND_R_06_001","已声明","1","0","0","0","0","",""
"sakiko/surprised02","1","PARAM_HAND_R_09_001","已声明","1","0","0","0","0","",""
"sakiko/thinking01","1","PARAM_HAND_L_01_001","已声明","1","0","0","0","0","",""
"sakiko/thinking01","1","PARAM_HAND_L_02_001","已声明","1","0","0","0","0","",""
"sakiko/thinking01","1","PARAM_HAND_L_03_001","已声明","1","0","0","0","0","",""
"sakiko/thinking01","1","PARAM_HAND_L_04_001","已声明","1","0","0","0","0","",""
"sakiko/thinking01","1","PARAM_HAND_L_05_001","已声明","1","0","0","0","0","",""
"sakiko/thinking01","1","PARAM_HAND_L_06_001","已声明","1","0","0","0","0","",""
"sakiko/thinking01","1","PARAM_HAND_L_07_001","已声明","1","1","1","1","1","0–4.3s","0–4.3s"
"sakiko/thinking01","1","PARAM_HAND_R_01_001","已声明","1","0","0","0","0","",""
"sakiko/thinking01","1","PARAM_HAND_R_02_001","已声明","1","0","0","0","0","",""
"sakiko/thinking01","1","PARAM_HAND_R_03_001","已声明","1","0","0","0","0","",""
"sakiko/thinking01","1","PARAM_HAND_R_04_001","已声明","1","0","0","0","0","",""
"sakiko/thinking01","1","PARAM_HAND_R_05_001","已声明","1","0","0","0","0","",""
"sakiko/thinking01","1","PARAM_HAND_R_06_001","已声明","1","0","0","0","0","",""
"sakiko/thinking01","1","PARAM_HAND_R_09_001","已声明","1","1","1","1","1","0–4.3s","0–4.3s"
"sakiko/thinking02","1","PARAM_HAND_L_01_001","已声明","1","0","0","0","0","",""
"sakiko/thinking02","1","PARAM_HAND_L_02_001","已声明","1","0","0","0","0","",""
"sakiko/thinking02","1","PARAM_HAND_L_03_001","已声明","1","0","0","0","0","",""
"sakiko/thinking02","1","PARAM_HAND_L_04_001","已声明","1","0","0","0","0","",""
"sakiko/thinking02","1","PARAM_HAND_L_05_001","已声明","1","1","1","1","1","0–3.967s","0–3.967s"
"sakiko/thinking02","1","PARAM_HAND_L_06_001","已声明","1","0","0","0","0","",""
"sakiko/thinking02","1","PARAM_HAND_L_07_001","已声明","1","0","0","0","0","",""
"sakiko/thinking02","1","PARAM_HAND_R_01_001","已声明","1","0","0","0","0","",""
"sakiko/thinking02","1","PARAM_HAND_R_02_001","已声明","1","0","0","0","0","",""
"sakiko/thinking02","1","PARAM_HAND_R_03_001","已声明","1","0","0","0","0","",""
"sakiko/thinking02","1","PARAM_HAND_R_04_001","已声明","1","0","0","0","0","",""
"sakiko/thinking02","1","PARAM_HAND_R_05_001","已声明","1","0","0","0","0","",""
"sakiko/thinking02","1","PARAM_HAND_R_06_001","已声明","1","0","0","0","0","",""
"sakiko/thinking02","1","PARAM_HAND_R_09_001","已声明","1","1","1","1","1","0–3.967s","0–3.967s"
"soyo/ando01","1","PARAM_HAND_L_01_001","已声明","1","1","1","1","1","0–5.967s","0–5.967s"
"soyo/ando01","1","PARAM_HAND_L_02_001","已声明","1","0","0","0","0","",""
"soyo/ando01","1","PARAM_HAND_L_03_001","已声明","1","0","0","0","0","",""
"soyo/ando01","1","PARAM_HAND_L_04_001","已声明","1","0","0","0","0","",""
"soyo/ando01","1","PARAM_HAND_L_05_001","已声明","1","0","0","0","0","",""
"soyo/ando01","1","PARAM_HAND_L_06_001","已声明","1","0","0","0","0","",""
"soyo/ando01","1","PARAM_HAND_L_07_001","已声明","1","0","0","0","0","",""
"soyo/ando01","1","PARAM_HAND_R_01_001","已声明","1","0","0","0","0","",""
"soyo/ando01","1","PARAM_HAND_R_02_001","已声明","1","0","0","0","0","",""
"soyo/ando01","1","PARAM_HAND_R_03_001","已声明","1","0","0","0","0","",""
"soyo/ando01","1","PARAM_HAND_R_04_001","已声明","1","0","0","0","0","",""
"soyo/ando01","1","PARAM_HAND_R_05_001","已声明","180","0","1","0","1","1.7–5.967s","1.733–5.967s"
"soyo/ando01","1","PARAM_HAND_R_06_001","已声明","1","0","0","0","0","",""
"soyo/ando01","1","PARAM_HAND_R_09_001","已声明","180","0","1","1","0","0–1.733s","0–1.7s"
"soyo/angry01","1","PARAM_HAND_L_01_001","已声明","1","0","0","0","0","",""
"soyo/angry01","1","PARAM_HAND_L_02_001","已声明","1","0","0","0","0","",""
"soyo/angry01","1","PARAM_HAND_L_03_001","已声明","1","0","0","0","0","",""
"soyo/angry01","1","PARAM_HAND_L_04_001","已声明","1","0","0","0","0","",""
"soyo/angry01","1","PARAM_HAND_L_05_001","已声明","1","1","1","1","1","0–6.967s","0–6.967s"
"soyo/angry01","1","PARAM_HAND_L_06_001","已声明","1","0","0","0","0","",""
"soyo/angry01","1","PARAM_HAND_L_07_001","已声明","1","0","0","0","0","",""
"soyo/angry01","1","PARAM_HAND_R_01_001","已声明","1","0","0","0","0","",""
"soyo/angry01","1","PARAM_HAND_R_02_001","已声明","1","0","0","0","0","",""
"soyo/angry01","1","PARAM_HAND_R_03_001","已声明","1","0","0","0","0","",""
"soyo/angry01","1","PARAM_HAND_R_04_001","已声明","1","0","0","0","0","",""
"soyo/angry01","1","PARAM_HAND_R_05_001","已声明","1","0","0","0","0","",""
"soyo/angry01","1","PARAM_HAND_R_06_001","已声明","1","0","0","0","0","",""
"soyo/angry01","1","PARAM_HAND_R_09_001","已声明","1","1","1","1","1","0–6.967s","0–6.967s"
"soyo/angry02","1","PARAM_HAND_L_01_001","已声明","1","1","1","1","1","0–6.467s","0–6.467s"
"soyo/angry02","1","PARAM_HAND_L_02_001","已声明","1","0","0","0","0","",""
"soyo/angry02","1","PARAM_HAND_L_03_001","已声明","1","0","0","0","0","",""
"soyo/angry02","1","PARAM_HAND_L_04_001","已声明","1","0","0","0","0","",""
"soyo/angry02","1","PARAM_HAND_L_05_001","已声明","1","0","0","0","0","",""
"soyo/angry02","1","PARAM_HAND_L_06_001","已声明","1","0","0","0","0","",""
"soyo/angry02","1","PARAM_HAND_L_07_001","已声明","1","0","0","0","0","",""
"soyo/angry02","1","PARAM_HAND_R_01_001","已声明","1","0","0","0","0","",""
"soyo/angry02","1","PARAM_HAND_R_02_001","已声明","1","0","0","0","0","",""
"soyo/angry02","1","PARAM_HAND_R_03_001","已声明","1","0","0","0","0","",""
"soyo/angry02","1","PARAM_HAND_R_04_001","已声明","1","0","0","0","0","",""
"soyo/angry02","1","PARAM_HAND_R_05_001","已声明","1","1","1","1","1","0–6.467s","0–6.467s"
"soyo/angry02","1","PARAM_HAND_R_06_001","已声明","1","0","0","0","0","",""
"soyo/angry02","1","PARAM_HAND_R_09_001","已声明","1","0","0","0","0","",""
"soyo/angry03","1","PARAM_HAND_L_01_001","已声明","210","0","1","0","1","1.067–6.967s","1.067–6.967s"
"soyo/angry03","1","PARAM_HAND_L_02_001","已声明","1","0","0","0","0","",""
"soyo/angry03","1","PARAM_HAND_L_03_001","已声明","1","0","0","0","0","",""
"soyo/angry03","1","PARAM_HAND_L_04_001","已声明","1","0","0","0","0","",""
"soyo/angry03","1","PARAM_HAND_L_05_001","已声明","210","0","1","1","0","0–1.067s","0–1.033s"
"soyo/angry03","1","PARAM_HAND_L_06_001","已声明","1","0","0","0","0","",""
"soyo/angry03","1","PARAM_HAND_L_07_001","已声明","1","0","0","0","0","",""
"soyo/angry03","1","PARAM_HAND_R_01_001","已声明","210","0","1","0","1","1.067–6.967s","1.067–6.967s"
"soyo/angry03","1","PARAM_HAND_R_02_001","已声明","1","0","0","0","0","",""
"soyo/angry03","1","PARAM_HAND_R_03_001","已声明","1","0","0","0","0","",""
"soyo/angry03","1","PARAM_HAND_R_04_001","已声明","1","0","0","0","0","",""
"soyo/angry03","1","PARAM_HAND_R_05_001","已声明","210","0","1","1","0","0–1.067s","0–1.033s"
"soyo/angry03","1","PARAM_HAND_R_06_001","已声明","1","0","0","0","0","",""
"soyo/angry03","1","PARAM_HAND_R_09_001","已声明","1","0","0","0","0","",""
"soyo/angry04","1","PARAM_HAND_L_01_001","已声明","1","1","1","1","1","0–6.467s","0–6.467s"
"soyo/angry04","1","PARAM_HAND_L_02_001","已声明","1","0","0","0","0","",""
"soyo/angry04","1","PARAM_HAND_L_03_001","已声明","1","0","0","0","0","",""
"soyo/angry04","1","PARAM_HAND_L_04_001","已声明","1","0","0","0","0","",""
"soyo/angry04","1","PARAM_HAND_L_05_001","已声明","1","0","0","0","0","",""
"soyo/angry04","1","PARAM_HAND_L_06_001","已声明","1","0","0","0","0","",""
"soyo/angry04","1","PARAM_HAND_L_07_001","已声明","1","0","0","0","0","",""
"soyo/angry04","1","PARAM_HAND_R_01_001","已声明","1","0","0","0","0","",""
"soyo/angry04","1","PARAM_HAND_R_02_001","已声明","1","0","0","0","0","",""
"soyo/angry04","1","PARAM_HAND_R_03_001","已声明","1","0","0","0","0","",""
"soyo/angry04","1","PARAM_HAND_R_04_001","已声明","1","0","0","0","0","",""
"soyo/angry04","1","PARAM_HAND_R_05_001","已声明","1","1","1","1","1","0–6.467s","0–6.467s"
"soyo/angry04","1","PARAM_HAND_R_06_001","已声明","1","0","0","0","0","",""
"soyo/angry04","1","PARAM_HAND_R_09_001","已声明","1","0","0","0","0","",""
"soyo/angry05","1","PARAM_HAND_L_01_001","已声明","1","0","0","0","0","",""
"soyo/angry05","1","PARAM_HAND_L_02_001","已声明","1","0","0","0","0","",""
"soyo/angry05","1","PARAM_HAND_L_03_001","已声明","1","0","0","0","0","",""
"soyo/angry05","1","PARAM_HAND_L_04_001","已声明","1","0","0","0","0","",""
"soyo/angry05","1","PARAM_HAND_L_05_001","已声明","1","0","0","0","0","",""
"soyo/angry05","1","PARAM_HAND_L_06_001","已声明","1","0","0","0","0","",""
"soyo/angry05","1","PARAM_HAND_L_07_001","已声明","1","1","1","1","1","0–6.467s","0–6.467s"
"soyo/angry05","1","PARAM_HAND_R_01_001","已声明","1","0","0","0","0","",""
"soyo/angry05","1","PARAM_HAND_R_02_001","已声明","1","0","0","0","0","",""
"soyo/angry05","1","PARAM_HAND_R_03_001","已声明","1","0","0","0","0","",""
"soyo/angry05","1","PARAM_HAND_R_04_001","已声明","1","0","0","0","0","",""
"soyo/angry05","1","PARAM_HAND_R_05_001","已声明","1","0","0","0","0","",""
"soyo/angry05","1","PARAM_HAND_R_06_001","已声明","1","0","0","0","0","",""
"soyo/angry05","1","PARAM_HAND_R_09_001","已声明","1","1","1","1","1","0–6.467s","0–6.467s"
"soyo/angry06","1","PARAM_HAND_L_01_001","已声明","1","0","0","0","0","",""
"soyo/angry06","1","PARAM_HAND_L_02_001","已声明","1","0","0","0","0","",""
"soyo/angry06","1","PARAM_HAND_L_03_001","已声明","1","0","0","0","0","",""
"soyo/angry06","1","PARAM_HAND_L_04_001","已声明","1","0","0","0","0","",""
"soyo/angry06","1","PARAM_HAND_L_05_001","已声明","1","1","1","1","1","0–6.467s","0–6.467s"
"soyo/angry06","1","PARAM_HAND_L_06_001","已声明","1","0","0","0","0","",""
"soyo/angry06","1","PARAM_HAND_L_07_001","已声明","1","0","0","0","0","",""
"soyo/angry06","1","PARAM_HAND_R_01_001","已声明","1","0","0","0","0","",""
"soyo/angry06","1","PARAM_HAND_R_02_001","已声明","1","0","0","0","0","",""
"soyo/angry06","1","PARAM_HAND_R_03_001","已声明","1","0","0","0","0","",""
"soyo/angry06","1","PARAM_HAND_R_04_001","已声明","1","0","0","0","0","",""
"soyo/angry06","1","PARAM_HAND_R_05_001","已声明","1","1","1","1","1","0–6.467s","0–6.467s"
"soyo/angry06","1","PARAM_HAND_R_06_001","已声明","1","0","0","0","0","",""
"soyo/angry06","1","PARAM_HAND_R_09_001","已声明","1","0","0","0","0","",""
"soyo/bye01","1","PARAM_HAND_L_01_001","已声明","1","1","1","1","1","0–5.467s","0–5.467s"
"soyo/bye01","1","PARAM_HAND_L_02_001","已声明","1","0","0","0","0","",""
"soyo/bye01","1","PARAM_HAND_L_03_001","已声明","1","0","0","0","0","",""
"soyo/bye01","1","PARAM_HAND_L_04_001","已声明","1","0","0","0","0","",""
"soyo/bye01","1","PARAM_HAND_L_05_001","已声明","1","0","0","0","0","",""
"soyo/bye01","1","PARAM_HAND_L_06_001","已声明","1","0","0","0","0","",""
"soyo/bye01","1","PARAM_HAND_L_07_001","已声明","1","0","0","0","0","",""
"soyo/bye01","1","PARAM_HAND_R_01_001","已声明","1","0","0","0","0","",""
"soyo/bye01","1","PARAM_HAND_R_02_001","已声明","1","0","0","0","0","",""
"soyo/bye01","1","PARAM_HAND_R_03_001","已声明","1","0","0","0","0","",""
"soyo/bye01","1","PARAM_HAND_R_04_001","已声明","1","1","1","1","1","0–5.467s","0–5.467s"
"soyo/bye01","1","PARAM_HAND_R_05_001","已声明","1","0","0","0","0","",""
"soyo/bye01","1","PARAM_HAND_R_06_001","已声明","1","0","0","0","0","",""
"soyo/bye01","1","PARAM_HAND_R_09_001","已声明","1","0","0","0","0","",""
"soyo/bye02","1","PARAM_HAND_L_01_001","已声明","1","1","1","1","1","0–6.467s","0–6.467s"
"soyo/bye02","1","PARAM_HAND_L_02_001","已声明","1","0","0","0","0","",""
"soyo/bye02","1","PARAM_HAND_L_03_001","已声明","1","0","0","0","0","",""
"soyo/bye02","1","PARAM_HAND_L_04_001","已声明","1","0","0","0","0","",""
"soyo/bye02","1","PARAM_HAND_L_05_001","已声明","1","0","0","0","0","",""
"soyo/bye02","1","PARAM_HAND_L_06_001","已声明","1","0","0","0","0","",""
"soyo/bye02","1","PARAM_HAND_L_07_001","已声明","1","0","0","0","0","",""
"soyo/bye02","1","PARAM_HAND_R_01_001","已声明","1","0","0","0","0","",""
"soyo/bye02","1","PARAM_HAND_R_02_001","已声明","1","0","0","0","0","",""
"soyo/bye02","1","PARAM_HAND_R_03_001","已声明","1","0","0","0","0","",""
"soyo/bye02","1","PARAM_HAND_R_04_001","已声明","1","0","0","0","0","",""
"soyo/bye02","1","PARAM_HAND_R_05_001","已声明","1","0.99","0.99","0.99","0.99","0–6.467s","0–6.467s"
"soyo/bye02","1","PARAM_HAND_R_06_001","已声明","1","0","0","0","0","",""
"soyo/bye02","1","PARAM_HAND_R_09_001","已声明","1","0","0","0","0","",""
"soyo/cry01","1","PARAM_HAND_L_01_001","已声明","1","0","0","0","0","",""
"soyo/cry01","1","PARAM_HAND_L_02_001","已声明","1","0","0","0","0","",""
"soyo/cry01","1","PARAM_HAND_L_03_001","已声明","1","0","0","0","0","",""
"soyo/cry01","1","PARAM_HAND_L_04_001","已声明","1","0","0","0","0","",""
"soyo/cry01","1","PARAM_HAND_L_05_001","已声明","1","0","0","0","0","",""
"soyo/cry01","1","PARAM_HAND_L_06_001","已声明","1","0","0","0","0","",""
"soyo/cry01","1","PARAM_HAND_L_07_001","已声明","1","1","1","1","1","0–5.967s","0–5.967s"
"soyo/cry01","1","PARAM_HAND_R_01_001","已声明","1","0","0","0","0","",""
"soyo/cry01","1","PARAM_HAND_R_02_001","已声明","1","0","0","0","0","",""
"soyo/cry01","1","PARAM_HAND_R_03_001","已声明","1","0","0","0","0","",""
"soyo/cry01","1","PARAM_HAND_R_04_001","已声明","1","0","0","0","0","",""
"soyo/cry01","1","PARAM_HAND_R_05_001","已声明","180","0","1","0","1","1.167–5.967s","1.2–5.967s"
"soyo/cry01","1","PARAM_HAND_R_06_001","已声明","1","0","0","0","0","",""
"soyo/cry01","1","PARAM_HAND_R_09_001","已声明","180","0","1","1","0","0–1.2s","0–1.167s"
"soyo/cry02","1","PARAM_HAND_L_01_001","已声明","1","0","0","0","0","",""
"soyo/cry02","1","PARAM_HAND_L_02_001","已声明","1","0","0","0","0","",""
"soyo/cry02","1","PARAM_HAND_L_03_001","已声明","1","0","0","0","0","",""
"soyo/cry02","1","PARAM_HAND_L_04_001","已声明","1","0","0","0","0","",""
"soyo/cry02","1","PARAM_HAND_L_05_001","已声明","1","1","1","1","1","0–6.467s","0–6.467s"
"soyo/cry02","1","PARAM_HAND_L_06_001","已声明","1","0","0","0","0","",""
"soyo/cry02","1","PARAM_HAND_L_07_001","已声明","1","0","0","0","0","",""
"soyo/cry02","1","PARAM_HAND_R_01_001","已声明","1","0","0","0","0","",""
"soyo/cry02","1","PARAM_HAND_R_02_001","已声明","1","0","0","0","0","",""
"soyo/cry02","1","PARAM_HAND_R_03_001","已声明","1","0","0","0","0","",""
"soyo/cry02","1","PARAM_HAND_R_04_001","已声明","1","0","0","0","0","",""
"soyo/cry02","1","PARAM_HAND_R_05_001","已声明","1","0.97","0.97","0.97","0.97","0–6.467s","0–6.467s"
"soyo/cry02","1","PARAM_HAND_R_06_001","已声明","1","0","0","0","0","",""
"soyo/cry02","1","PARAM_HAND_R_09_001","已声明","1","0","0","0","0","",""
"soyo/gacha_b2024_01","1","PARAM_HAND_L_01_001","已声明","1","1","1","1","1","0–5.467s","0–5.467s"
"soyo/gacha_b2024_01","1","PARAM_HAND_L_02_001","已声明","1","0","0","0","0","",""
"soyo/gacha_b2024_01","1","PARAM_HAND_L_03_001","已声明","1","0","0","0","0","",""
"soyo/gacha_b2024_01","1","PARAM_HAND_L_04_001","已声明","1","0","0","0","0","",""
"soyo/gacha_b2024_01","1","PARAM_HAND_L_05_001","已声明","1","0","0","0","0","",""
"soyo/gacha_b2024_01","1","PARAM_HAND_L_06_001","已声明","1","0","0","0","0","",""
"soyo/gacha_b2024_01","1","PARAM_HAND_L_07_001","已声明","1","0","0","0","0","",""
"soyo/gacha_b2024_01","1","PARAM_HAND_R_01_001","已声明","1","0","0","0","0","",""
"soyo/gacha_b2024_01","1","PARAM_HAND_R_02_001","已声明","1","0","0","0","0","",""
"soyo/gacha_b2024_01","1","PARAM_HAND_R_03_001","已声明","1","0","0","0","0","",""
"soyo/gacha_b2024_01","1","PARAM_HAND_R_04_001","已声明","1","0","0","0","0","",""
"soyo/gacha_b2024_01","1","PARAM_HAND_R_05_001","已声明","1","1","1","1","1","0–5.467s","0–5.467s"
"soyo/gacha_b2024_01","1","PARAM_HAND_R_06_001","已声明","1","0","0","0","0","",""
"soyo/gacha_b2024_01","1","PARAM_HAND_R_09_001","已声明","1","0","0","0","0","",""
"soyo/gacha_c_a_01","1","PARAM_HAND_L_01_001","已声明","1","0","0","0","0","",""
"soyo/gacha_c_a_01","1","PARAM_HAND_L_02_001","已声明","1","0","0","0","0","",""
"soyo/gacha_c_a_01","1","PARAM_HAND_L_03_001","已声明","1","0","0","0","0","",""
"soyo/gacha_c_a_01","1","PARAM_HAND_L_04_001","已声明","1","0","0","0","0","",""
"soyo/gacha_c_a_01","1","PARAM_HAND_L_05_001","已声明","1","0","0","0","0","",""
"soyo/gacha_c_a_01","1","PARAM_HAND_L_06_001","已声明","1","0","0","0","0","",""
"soyo/gacha_c_a_01","1","PARAM_HAND_L_07_001","已声明","1","1","1","1","1","0–7.967s","0–7.967s"
"soyo/gacha_c_a_01","1","PARAM_HAND_R_01_001","已声明","1","0","0","0","0","",""
"soyo/gacha_c_a_01","1","PARAM_HAND_R_02_001","已声明","1","0","0","0","0","",""
"soyo/gacha_c_a_01","1","PARAM_HAND_R_03_001","已声明","1","0","0","0","0","",""
"soyo/gacha_c_a_01","1","PARAM_HAND_R_04_001","已声明","1","0","0","0","0","",""
"soyo/gacha_c_a_01","1","PARAM_HAND_R_05_001","已声明","1","1","1","1","1","0–7.967s","0–7.967s"
"soyo/gacha_c_a_01","1","PARAM_HAND_R_06_001","已声明","1","0","0","0","0","",""
"soyo/gacha_c_a_01","1","PARAM_HAND_R_09_001","已声明","1","0","0","0","0","",""
"soyo/gacha_df3_01","1","PARAM_HAND_L_01_001","已声明","1","1","1","1","1","0–5.967s","0–5.967s"
"soyo/gacha_df3_01","1","PARAM_HAND_L_02_001","已声明","1","0","0","0","0","",""
"soyo/gacha_df3_01","1","PARAM_HAND_L_03_001","已声明","1","0","0","0","0","",""
"soyo/gacha_df3_01","1","PARAM_HAND_L_04_001","已声明","1","0","0","0","0","",""
"soyo/gacha_df3_01","1","PARAM_HAND_L_05_001","已声明","1","0","0","0","0","",""
"soyo/gacha_df3_01","1","PARAM_HAND_L_06_001","已声明","1","0","0","0","0","",""
"soyo/gacha_df3_01","1","PARAM_HAND_L_07_001","已声明","1","0","0","0","0","",""
"soyo/gacha_df3_01","1","PARAM_HAND_R_01_001","已声明","1","0","0","0","0","",""
"soyo/gacha_df3_01","1","PARAM_HAND_R_02_001","已声明","1","0","0","0","0","",""
"soyo/gacha_df3_01","1","PARAM_HAND_R_03_001","已声明","1","0","0","0","0","",""
"soyo/gacha_df3_01","1","PARAM_HAND_R_04_001","已声明","1","0","0","0","0","",""
"soyo/gacha_df3_01","1","PARAM_HAND_R_05_001","已声明","1","1","1","1","1","0–5.967s","0–5.967s"
"soyo/gacha_df3_01","1","PARAM_HAND_R_06_001","已声明","1","0","0","0","0","",""
"soyo/gacha_df3_01","1","PARAM_HAND_R_09_001","已声明","1","0","0","0","0","",""
"soyo/gacha_e235_01","1","PARAM_HAND_L_01_001","已声明","1","1","1","1","1","0–5.467s","0–5.467s"
"soyo/gacha_e235_01","1","PARAM_HAND_L_02_001","已声明","1","0","0","0","0","",""
"soyo/gacha_e235_01","1","PARAM_HAND_L_03_001","已声明","1","0","0","0","0","",""
"soyo/gacha_e235_01","1","PARAM_HAND_L_04_001","已声明","1","0","0","0","0","",""
"soyo/gacha_e235_01","1","PARAM_HAND_L_05_001","已声明","1","0","0","0","0","",""
"soyo/gacha_e235_01","1","PARAM_HAND_L_06_001","已声明","1","0","0","0","0","",""
"soyo/gacha_e235_01","1","PARAM_HAND_L_07_001","已声明","1","0","0","0","0","",""
"soyo/gacha_e235_01","1","PARAM_HAND_R_01_001","已声明","1","0","0","0","0","",""
"soyo/gacha_e235_01","1","PARAM_HAND_R_02_001","已声明","1","0","0","0","0","",""
"soyo/gacha_e235_01","1","PARAM_HAND_R_03_001","已声明","1","0","0","0","0","",""
"soyo/gacha_e235_01","1","PARAM_HAND_R_04_001","已声明","1","0","0","0","0","",""
"soyo/gacha_e235_01","1","PARAM_HAND_R_05_001","已声明","1","1","1","1","1","0–5.467s","0–5.467s"
"soyo/gacha_e235_01","1","PARAM_HAND_R_06_001","已声明","1","0","0","0","0","",""
"soyo/gacha_e235_01","1","PARAM_HAND_R_09_001","已声明","1","0","0","0","0","",""
"soyo/gacha_e250_01","1","PARAM_HAND_L_01_001","已声明","1","1","1","1","1","0–5.467s","0–5.467s"
"soyo/gacha_e250_01","1","PARAM_HAND_L_02_001","已声明","1","0","0","0","0","",""
"soyo/gacha_e250_01","1","PARAM_HAND_L_03_001","已声明","1","0","0","0","0","",""
"soyo/gacha_e250_01","1","PARAM_HAND_L_04_001","已声明","1","0","0","0","0","",""
"soyo/gacha_e250_01","1","PARAM_HAND_L_05_001","已声明","1","0","0","0","0","",""
"soyo/gacha_e250_01","1","PARAM_HAND_L_06_001","已声明","1","0","0","0","0","",""
"soyo/gacha_e250_01","1","PARAM_HAND_L_07_001","已声明","1","0","0","0","0","",""
"soyo/gacha_e250_01","1","PARAM_HAND_R_01_001","已声明","1","0","0","0","0","",""
"soyo/gacha_e250_01","1","PARAM_HAND_R_02_001","已声明","1","0","0","0","0","",""
"soyo/gacha_e250_01","1","PARAM_HAND_R_03_001","已声明","1","0","0","0","0","",""
"soyo/gacha_e250_01","1","PARAM_HAND_R_04_001","已声明","1","0","0","0","0","",""
"soyo/gacha_e250_01","1","PARAM_HAND_R_05_001","已声明","1","1","1","1","1","0–5.467s","0–5.467s"
"soyo/gacha_e250_01","1","PARAM_HAND_R_06_001","已声明","1","0","0","0","0","",""
"soyo/gacha_e250_01","1","PARAM_HAND_R_09_001","已声明","1","0","0","0","0","",""
"soyo/gacha_e289_01","1","PARAM_HAND_L_01_001","已声明","240","0","1","0","1","2.333–7.967s","2.333–7.967s"
"soyo/gacha_e289_01","1","PARAM_HAND_L_02_001","已声明","1","0","0","0","0","",""
"soyo/gacha_e289_01","1","PARAM_HAND_L_03_001","已声明","1","0","0","0","0","",""
"soyo/gacha_e289_01","1","PARAM_HAND_L_04_001","已声明","1","0","0","0","0","",""
"soyo/gacha_e289_01","1","PARAM_HAND_L_05_001","已声明","1","0","0","0","0","",""
"soyo/gacha_e289_01","1","PARAM_HAND_L_06_001","已声明","1","0","0","0","0","",""
"soyo/gacha_e289_01","1","PARAM_HAND_L_07_001","已声明","240","0","1","1","0","0–2.3s","0–2.3s"
"soyo/gacha_e289_01","1","PARAM_HAND_R_01_001","已声明","1","0","0","0","0","",""
"soyo/gacha_e289_01","1","PARAM_HAND_R_02_001","已声明","1","0","0","0","0","",""
"soyo/gacha_e289_01","1","PARAM_HAND_R_03_001","已声明","1","0","0","0","0","",""
"soyo/gacha_e289_01","1","PARAM_HAND_R_04_001","已声明","1","0","0","0","0","",""
"soyo/gacha_e289_01","1","PARAM_HAND_R_05_001","已声明","1","0","0","0","0","",""
"soyo/gacha_e289_01","1","PARAM_HAND_R_06_001","已声明","1","0","0","0","0","",""
"soyo/gacha_e289_01","1","PARAM_HAND_R_09_001","已声明","1","1","1","1","1","0–7.967s","0–7.967s"
"soyo/gacha_e297_01","1","PARAM_HAND_L_01_001","已声明","1","0","0","0","0","",""
"soyo/gacha_e297_01","1","PARAM_HAND_L_02_001","已声明","1","0","0","0","0","",""
"soyo/gacha_e297_01","1","PARAM_HAND_L_03_001","已声明","1","0","0","0","0","",""
"soyo/gacha_e297_01","1","PARAM_HAND_L_04_001","已声明","1","0","0","0","0","",""
"soyo/gacha_e297_01","1","PARAM_HAND_L_05_001","已声明","1","0","0","0","0","",""
"soyo/gacha_e297_01","1","PARAM_HAND_L_06_001","已声明","271","0","0.98","0","0.98","4.833–9s","4.9–9s"
"soyo/gacha_e297_01","1","PARAM_HAND_L_07_001","已声明","271","0","1","1","0","0–4.933s","0–4.867s"
"soyo/gacha_e297_01","1","PARAM_HAND_R_01_001","已声明","1","0","0","0","0","",""
"soyo/gacha_e297_01","1","PARAM_HAND_R_02_001","已声明","1","0","0","0","0","",""
"soyo/gacha_e297_01","1","PARAM_HAND_R_03_001","已声明","1","0","0","0","0","",""
"soyo/gacha_e297_01","1","PARAM_HAND_R_04_001","已声明","1","0","0","0","0","",""
"soyo/gacha_e297_01","1","PARAM_HAND_R_05_001","已声明","271","0","1","0","0","0.067–4.9s","2.333–4.767s"
"soyo/gacha_e297_01","1","PARAM_HAND_R_06_001","已声明","271","0","1","1","1","0–4.6s; 4.7–9s","0–2.3s; 4.8–9s"
"soyo/gacha_e297_01","1","PARAM_HAND_R_09_001","已声明","1","0","0","0","0","",""
"soyo/idle01","1","PARAM_HAND_L_01_001","已声明","1","1","1","1","1","0–6.933s","0–6.933s"
"soyo/idle01","1","PARAM_HAND_L_02_001","已声明","1","0","0","0","0","",""
"soyo/idle01","1","PARAM_HAND_L_03_001","已声明","1","0","0","0","0","",""
"soyo/idle01","1","PARAM_HAND_L_04_001","已声明","1","0","0","0","0","",""
"soyo/idle01","1","PARAM_HAND_L_05_001","已声明","1","0","0","0","0","",""
"soyo/idle01","1","PARAM_HAND_L_06_001","已声明","1","0","0","0","0","",""
"soyo/idle01","1","PARAM_HAND_L_07_001","已声明","1","0","0","0","0","",""
"soyo/idle01","1","PARAM_HAND_R_01_001","已声明","1","0","0","0","0","",""
"soyo/idle01","1","PARAM_HAND_R_02_001","已声明","1","0","0","0","0","",""
"soyo/idle01","1","PARAM_HAND_R_03_001","已声明","1","0","0","0","0","",""
"soyo/idle01","1","PARAM_HAND_R_04_001","已声明","1","0","0","0","0","",""
"soyo/idle01","1","PARAM_HAND_R_05_001","已声明","1","1","1","1","1","0–6.933s","0–6.933s"
"soyo/idle01","1","PARAM_HAND_R_06_001","已声明","1","0","0","0","0","",""
"soyo/idle01","1","PARAM_HAND_R_09_001","已声明","1","0","0","0","0","",""
"soyo/kandou01","1","PARAM_HAND_L_01_001","已声明","1","0","0","0","0","",""
"soyo/kandou01","1","PARAM_HAND_L_02_001","已声明","1","0","0","0","0","",""
"soyo/kandou01","1","PARAM_HAND_L_03_001","已声明","1","0","0","0","0","",""
"soyo/kandou01","1","PARAM_HAND_L_04_001","已声明","1","0","0","0","0","",""
"soyo/kandou01","1","PARAM_HAND_L_05_001","已声明","1","1","1","1","1","0–12.467s","0–12.467s"
"soyo/kandou01","1","PARAM_HAND_L_06_001","已声明","1","0","0","0","0","",""
"soyo/kandou01","1","PARAM_HAND_L_07_001","已声明","1","0","0","0","0","",""
"soyo/kandou01","1","PARAM_HAND_R_01_001","已声明","1","0","0","0","0","",""
"soyo/kandou01","1","PARAM_HAND_R_02_001","已声明","1","0","0","0","0","",""
"soyo/kandou01","1","PARAM_HAND_R_03_001","已声明","1","0","0","0","0","",""
"soyo/kandou01","1","PARAM_HAND_R_04_001","已声明","1","0","0","0","0","",""
"soyo/kandou01","1","PARAM_HAND_R_05_001","已声明","375","0","1","0","1","3.933–12.467s","3.967–12.467s"
"soyo/kandou01","1","PARAM_HAND_R_06_001","已声明","1","0","0","0","0","",""
"soyo/kandou01","1","PARAM_HAND_R_09_001","已声明","375","0","1","1","0","0–4s","0–3.933s"
"soyo/kime01","1","PARAM_HAND_L_01_001","已声明","1","0","0","0","0","",""
"soyo/kime01","1","PARAM_HAND_L_02_001","已声明","1","0","0","0","0","",""
"soyo/kime01","1","PARAM_HAND_L_03_001","已声明","1","0","0","0","0","",""
"soyo/kime01","1","PARAM_HAND_L_04_001","已声明","1","0","0","0","0","",""
"soyo/kime01","1","PARAM_HAND_L_05_001","已声明","1","0","0","0","0","",""
"soyo/kime01","1","PARAM_HAND_L_06_001","已声明","1","1","1","1","1","0–6.467s","0–6.467s"
"soyo/kime01","1","PARAM_HAND_L_07_001","已声明","1","0","0","0","0","",""
"soyo/kime01","1","PARAM_HAND_R_01_001","已声明","1","0","0","0","0","",""
"soyo/kime01","1","PARAM_HAND_R_02_001","已声明","1","0","0","0","0","",""
"soyo/kime01","1","PARAM_HAND_R_03_001","已声明","1","0","0","0","0","",""
"soyo/kime01","1","PARAM_HAND_R_04_001","已声明","1","0","0","0","0","",""
"soyo/kime01","1","PARAM_HAND_R_05_001","已声明","1","0","0","0","0","",""
"soyo/kime01","1","PARAM_HAND_R_06_001","已声明","1","1","1","1","1","0–6.467s","0–6.467s"
"soyo/kime01","1","PARAM_HAND_R_09_001","已声明","1","0","0","0","0","",""
"soyo/nf_left01","1","PARAM_HAND_L_01_001","已声明","1","1","1","1","1","0–4.967s","0–4.967s"
"soyo/nf_left01","1","PARAM_HAND_L_02_001","已声明","1","0","0","0","0","",""
"soyo/nf_left01","1","PARAM_HAND_L_03_001","已声明","1","0","0","0","0","",""
"soyo/nf_left01","1","PARAM_HAND_L_04_001","已声明","1","0","0","0","0","",""
"soyo/nf_left01","1","PARAM_HAND_L_05_001","已声明","1","0","0","0","0","",""
"soyo/nf_left01","1","PARAM_HAND_L_06_001","已声明","1","0","0","0","0","",""
"soyo/nf_left01","1","PARAM_HAND_L_07_001","已声明","1","0","0","0","0","",""
"soyo/nf_left01","1","PARAM_HAND_R_01_001","已声明","1","0","0","0","0","",""
"soyo/nf_left01","1","PARAM_HAND_R_02_001","已声明","1","0","0","0","0","",""
"soyo/nf_left01","1","PARAM_HAND_R_03_001","已声明","1","0","0","0","0","",""
"soyo/nf_left01","1","PARAM_HAND_R_04_001","已声明","1","0","0","0","0","",""
"soyo/nf_left01","1","PARAM_HAND_R_05_001","已声明","1","1","1","1","1","0–4.967s","0–4.967s"
"soyo/nf_left01","1","PARAM_HAND_R_06_001","已声明","1","0","0","0","0","",""
"soyo/nf_left01","1","PARAM_HAND_R_09_001","已声明","1","0","0","0","0","",""
"soyo/nf_right01","1","PARAM_HAND_L_01_001","已声明","1","0","0","0","0","",""
"soyo/nf_right01","1","PARAM_HAND_L_02_001","已声明","1","0","0","0","0","",""
"soyo/nf_right01","1","PARAM_HAND_L_03_001","已声明","1","0","0","0","0","",""
"soyo/nf_right01","1","PARAM_HAND_L_04_001","已声明","1","0","0","0","0","",""
"soyo/nf_right01","1","PARAM_HAND_L_05_001","已声明","1","0","0","0","0","",""
"soyo/nf_right01","1","PARAM_HAND_L_06_001","已声明","1","0","0","0","0","",""
"soyo/nf_right01","1","PARAM_HAND_L_07_001","已声明","1","1","1","1","1","0–4.967s","0–4.967s"
"soyo/nf_right01","1","PARAM_HAND_R_01_001","已声明","1","0","0","0","0","",""
"soyo/nf_right01","1","PARAM_HAND_R_02_001","已声明","1","0","0","0","0","",""
"soyo/nf_right01","1","PARAM_HAND_R_03_001","已声明","1","0","0","0","0","",""
"soyo/nf_right01","1","PARAM_HAND_R_04_001","已声明","1","0","0","0","0","",""
"soyo/nf_right01","1","PARAM_HAND_R_05_001","已声明","1","0","0","0","0","",""
"soyo/nf_right01","1","PARAM_HAND_R_06_001","已声明","1","0","0","0","0","",""
"soyo/nf_right01","1","PARAM_HAND_R_09_001","已声明","1","1","1","1","1","0–4.967s","0–4.967s"
"soyo/nf01","1","PARAM_HAND_L_01_001","已声明","1","0","0","0","0","",""
"soyo/nf01","1","PARAM_HAND_L_02_001","已声明","1","0","0","0","0","",""
"soyo/nf01","1","PARAM_HAND_L_03_001","已声明","1","0","0","0","0","",""
"soyo/nf01","1","PARAM_HAND_L_04_001","已声明","1","0","0","0","0","",""
"soyo/nf01","1","PARAM_HAND_L_05_001","已声明","1","0","0","0","0","",""
"soyo/nf01","1","PARAM_HAND_L_06_001","已声明","1","0","0","0","0","",""
"soyo/nf01","1","PARAM_HAND_L_07_001","已声明","1","1","1","1","1","0–6.967s","0–6.967s"
"soyo/nf01","1","PARAM_HAND_R_01_001","已声明","1","0","0","0","0","",""
"soyo/nf01","1","PARAM_HAND_R_02_001","已声明","1","0","0","0","0","",""
"soyo/nf01","1","PARAM_HAND_R_03_001","已声明","1","0","0","0","0","",""
"soyo/nf01","1","PARAM_HAND_R_04_001","已声明","1","0","0","0","0","",""
"soyo/nf01","1","PARAM_HAND_R_05_001","已声明","1","0","0","0","0","",""
"soyo/nf01","1","PARAM_HAND_R_06_001","已声明","1","0","0","0","0","",""
"soyo/nf01","1","PARAM_HAND_R_09_001","已声明","1","1","1","1","1","0–6.967s","0–6.967s"
"soyo/nf02","1","PARAM_HAND_L_01_001","已声明","1","0","0","0","0","",""
"soyo/nf02","1","PARAM_HAND_L_02_001","已声明","1","0","0","0","0","",""
"soyo/nf02","1","PARAM_HAND_L_03_001","已声明","1","0","0","0","0","",""
"soyo/nf02","1","PARAM_HAND_L_04_001","已声明","1","0","0","0","0","",""
"soyo/nf02","1","PARAM_HAND_L_05_001","已声明","1","1","1","1","1","0–5.467s","0–5.467s"
"soyo/nf02","1","PARAM_HAND_L_06_001","已声明","1","0","0","0","0","",""
"soyo/nf02","1","PARAM_HAND_L_07_001","已声明","1","0","0","0","0","",""
"soyo/nf02","1","PARAM_HAND_R_01_001","已声明","1","0","0","0","0","",""
"soyo/nf02","1","PARAM_HAND_R_02_001","已声明","1","0","0","0","0","",""
"soyo/nf02","1","PARAM_HAND_R_03_001","已声明","1","0","0","0","0","",""
"soyo/nf02","1","PARAM_HAND_R_04_001","已声明","1","0","0","0","0","",""
"soyo/nf02","1","PARAM_HAND_R_05_001","已声明","1","1","1","1","1","0–5.467s","0–5.467s"
"soyo/nf02","1","PARAM_HAND_R_06_001","已声明","1","0","0","0","0","",""
"soyo/nf02","1","PARAM_HAND_R_09_001","已声明","1","0","0","0","0","",""
"soyo/nf03","1","PARAM_HAND_L_01_001","已声明","1","0","0","0","0","",""
"soyo/nf03","1","PARAM_HAND_L_02_001","已声明","1","0","0","0","0","",""
"soyo/nf03","1","PARAM_HAND_L_03_001","已声明","1","0","0","0","0","",""
"soyo/nf03","1","PARAM_HAND_L_04_001","已声明","1","0","0","0","0","",""
"soyo/nf03","1","PARAM_HAND_L_05_001","已声明","1","0","0","0","0","",""
"soyo/nf03","1","PARAM_HAND_L_06_001","已声明","1","0","0","0","0","",""
"soyo/nf03","1","PARAM_HAND_L_07_001","已声明","1","0.98","0.98","0.98","0.98","0–6.467s","0–6.467s"
"soyo/nf03","1","PARAM_HAND_R_01_001","已声明","1","0","0","0","0","",""
"soyo/nf03","1","PARAM_HAND_R_02_001","已声明","1","0","0","0","0","",""
"soyo/nf03","1","PARAM_HAND_R_03_001","已声明","1","0","0","0","0","",""
"soyo/nf03","1","PARAM_HAND_R_04_001","已声明","1","0","0","0","0","",""
"soyo/nf03","1","PARAM_HAND_R_05_001","已声明","1","0","0","0","0","",""
"soyo/nf03","1","PARAM_HAND_R_06_001","已声明","1","0","0","0","0","",""
"soyo/nf03","1","PARAM_HAND_R_09_001","已声明","1","1","1","1","1","0–6.467s","0–6.467s"
"soyo/nf04","1","PARAM_HAND_L_01_001","已声明","1","0","0","0","0","",""
"soyo/nf04","1","PARAM_HAND_L_02_001","已声明","1","0","0","0","0","",""
"soyo/nf04","1","PARAM_HAND_L_03_001","已声明","1","0","0","0","0","",""
"soyo/nf04","1","PARAM_HAND_L_04_001","已声明","1","0","0","0","0","",""
"soyo/nf04","1","PARAM_HAND_L_05_001","已声明","1","0","0","0","0","",""
"soyo/nf04","1","PARAM_HAND_L_06_001","已声明","1","0","0","0","0","",""
"soyo/nf04","1","PARAM_HAND_L_07_001","已声明","1","1","1","1","1","0–5.967s","0–5.967s"
"soyo/nf04","1","PARAM_HAND_R_01_001","已声明","1","0","0","0","0","",""
"soyo/nf04","1","PARAM_HAND_R_02_001","已声明","1","0","0","0","0","",""
"soyo/nf04","1","PARAM_HAND_R_03_001","已声明","1","0","0","0","0","",""
"soyo/nf04","1","PARAM_HAND_R_04_001","已声明","1","0","0","0","0","",""
"soyo/nf04","1","PARAM_HAND_R_05_001","已声明","1","0","0","0","0","",""
"soyo/nf04","1","PARAM_HAND_R_06_001","已声明","1","0","0","0","0","",""
"soyo/nf04","1","PARAM_HAND_R_09_001","已声明","1","1","1","1","1","0–5.967s","0–5.967s"
"soyo/nf05","1","PARAM_HAND_L_01_001","已声明","1","1","1","1","1","0–5.967s","0–5.967s"
"soyo/nf05","1","PARAM_HAND_L_02_001","已声明","1","0","0","0","0","",""
"soyo/nf05","1","PARAM_HAND_L_03_001","已声明","1","0","0","0","0","",""
"soyo/nf05","1","PARAM_HAND_L_04_001","已声明","1","0","0","0","0","",""
"soyo/nf05","1","PARAM_HAND_L_05_001","已声明","1","0","0","0","0","",""
"soyo/nf05","1","PARAM_HAND_L_06_001","已声明","1","0","0","0","0","",""
"soyo/nf05","1","PARAM_HAND_L_07_001","已声明","1","0","0","0","0","",""
"soyo/nf05","1","PARAM_HAND_R_01_001","已声明","1","0","0","0","0","",""
"soyo/nf05","1","PARAM_HAND_R_02_001","已声明","1","0","0","0","0","",""
"soyo/nf05","1","PARAM_HAND_R_03_001","已声明","1","0","0","0","0","",""
"soyo/nf05","1","PARAM_HAND_R_04_001","已声明","1","0","0","0","0","",""
"soyo/nf05","1","PARAM_HAND_R_05_001","已声明","1","1","1","1","1","0–5.967s","0–5.967s"
"soyo/nf05","1","PARAM_HAND_R_06_001","已声明","1","0","0","0","0","",""
"soyo/nf05","1","PARAM_HAND_R_09_001","已声明","1","0","0","0","0","",""
"soyo/nnf_left01","1","PARAM_HAND_L_01_001","已声明","1","1","1","1","1","0–4.967s","0–4.967s"
"soyo/nnf_left01","1","PARAM_HAND_L_02_001","已声明","1","0","0","0","0","",""
"soyo/nnf_left01","1","PARAM_HAND_L_03_001","已声明","1","0","0","0","0","",""
"soyo/nnf_left01","1","PARAM_HAND_L_04_001","已声明","1","0","0","0","0","",""
"soyo/nnf_left01","1","PARAM_HAND_L_05_001","已声明","1","0","0","0","0","",""
"soyo/nnf_left01","1","PARAM_HAND_L_06_001","已声明","1","0","0","0","0","",""
"soyo/nnf_left01","1","PARAM_HAND_L_07_001","已声明","1","0","0","0","0","",""
"soyo/nnf_left01","1","PARAM_HAND_R_01_001","已声明","1","0","0","0","0","",""
"soyo/nnf_left01","1","PARAM_HAND_R_02_001","已声明","1","0","0","0","0","",""
"soyo/nnf_left01","1","PARAM_HAND_R_03_001","已声明","1","0","0","0","0","",""
"soyo/nnf_left01","1","PARAM_HAND_R_04_001","已声明","1","0","0","0","0","",""
"soyo/nnf_left01","1","PARAM_HAND_R_05_001","已声明","1","1","1","1","1","0–4.967s","0–4.967s"
"soyo/nnf_left01","1","PARAM_HAND_R_06_001","已声明","1","0","0","0","0","",""
"soyo/nnf_left01","1","PARAM_HAND_R_09_001","已声明","1","0","0","0","0","",""
"soyo/nnf_right01","1","PARAM_HAND_L_01_001","已声明","1","0","0","0","0","",""
"soyo/nnf_right01","1","PARAM_HAND_L_02_001","已声明","1","0","0","0","0","",""
"soyo/nnf_right01","1","PARAM_HAND_L_03_001","已声明","1","0","0","0","0","",""
"soyo/nnf_right01","1","PARAM_HAND_L_04_001","已声明","1","0","0","0","0","",""
"soyo/nnf_right01","1","PARAM_HAND_L_05_001","已声明","1","0","0","0","0","",""
"soyo/nnf_right01","1","PARAM_HAND_L_06_001","已声明","1","0","0","0","0","",""
"soyo/nnf_right01","1","PARAM_HAND_L_07_001","已声明","1","1","1","1","1","0–4.967s","0–4.967s"
"soyo/nnf_right01","1","PARAM_HAND_R_01_001","已声明","1","0","0","0","0","",""
"soyo/nnf_right01","1","PARAM_HAND_R_02_001","已声明","1","0","0","0","0","",""
"soyo/nnf_right01","1","PARAM_HAND_R_03_001","已声明","1","0","0","0","0","",""
"soyo/nnf_right01","1","PARAM_HAND_R_04_001","已声明","1","0","0","0","0","",""
"soyo/nnf_right01","1","PARAM_HAND_R_05_001","已声明","1","0","0","0","0","",""
"soyo/nnf_right01","1","PARAM_HAND_R_06_001","已声明","1","0","0","0","0","",""
"soyo/nnf_right01","1","PARAM_HAND_R_09_001","已声明","1","1","1","1","1","0–4.967s","0–4.967s"
"soyo/nnf01","1","PARAM_HAND_L_01_001","已声明","1","0","0","0","0","",""
"soyo/nnf01","1","PARAM_HAND_L_02_001","已声明","1","0","0","0","0","",""
"soyo/nnf01","1","PARAM_HAND_L_03_001","已声明","1","0","0","0","0","",""
"soyo/nnf01","1","PARAM_HAND_L_04_001","已声明","1","0","0","0","0","",""
"soyo/nnf01","1","PARAM_HAND_L_05_001","已声明","1","0","0","0","0","",""
"soyo/nnf01","1","PARAM_HAND_L_06_001","已声明","1","0","0","0","0","",""
"soyo/nnf01","1","PARAM_HAND_L_07_001","已声明","1","1","1","1","1","0–6.967s","0–6.967s"
"soyo/nnf01","1","PARAM_HAND_R_01_001","已声明","1","0","0","0","0","",""
"soyo/nnf01","1","PARAM_HAND_R_02_001","已声明","1","0","0","0","0","",""
"soyo/nnf01","1","PARAM_HAND_R_03_001","已声明","1","0","0","0","0","",""
"soyo/nnf01","1","PARAM_HAND_R_04_001","已声明","1","0","0","0","0","",""
"soyo/nnf01","1","PARAM_HAND_R_05_001","已声明","1","0","0","0","0","",""
"soyo/nnf01","1","PARAM_HAND_R_06_001","已声明","1","0","0","0","0","",""
"soyo/nnf01","1","PARAM_HAND_R_09_001","已声明","1","1","1","1","1","0–6.967s","0–6.967s"
"soyo/nnf02","1","PARAM_HAND_L_01_001","已声明","1","0","0","0","0","",""
"soyo/nnf02","1","PARAM_HAND_L_02_001","已声明","1","0","0","0","0","",""
"soyo/nnf02","1","PARAM_HAND_L_03_001","已声明","1","0","0","0","0","",""
"soyo/nnf02","1","PARAM_HAND_L_04_001","已声明","1","0","0","0","0","",""
"soyo/nnf02","1","PARAM_HAND_L_05_001","已声明","1","1","1","1","1","0–5.467s","0–5.467s"
"soyo/nnf02","1","PARAM_HAND_L_06_001","已声明","1","0","0","0","0","",""
"soyo/nnf02","1","PARAM_HAND_L_07_001","已声明","1","0","0","0","0","",""
"soyo/nnf02","1","PARAM_HAND_R_01_001","已声明","1","0","0","0","0","",""
"soyo/nnf02","1","PARAM_HAND_R_02_001","已声明","1","0","0","0","0","",""
"soyo/nnf02","1","PARAM_HAND_R_03_001","已声明","1","0","0","0","0","",""
"soyo/nnf02","1","PARAM_HAND_R_04_001","已声明","1","0","0","0","0","",""
"soyo/nnf02","1","PARAM_HAND_R_05_001","已声明","1","1","1","1","1","0–5.467s","0–5.467s"
"soyo/nnf02","1","PARAM_HAND_R_06_001","已声明","1","0","0","0","0","",""
"soyo/nnf02","1","PARAM_HAND_R_09_001","已声明","1","0","0","0","0","",""
"soyo/nnf03","1","PARAM_HAND_L_01_001","已声明","1","0","0","0","0","",""
"soyo/nnf03","1","PARAM_HAND_L_02_001","已声明","1","0","0","0","0","",""
"soyo/nnf03","1","PARAM_HAND_L_03_001","已声明","1","0","0","0","0","",""
"soyo/nnf03","1","PARAM_HAND_L_04_001","已声明","1","0","0","0","0","",""
"soyo/nnf03","1","PARAM_HAND_L_05_001","已声明","1","0","0","0","0","",""
"soyo/nnf03","1","PARAM_HAND_L_06_001","已声明","1","0","0","0","0","",""
"soyo/nnf03","1","PARAM_HAND_L_07_001","已声明","1","0.98","0.98","0.98","0.98","0–6.467s","0–6.467s"
"soyo/nnf03","1","PARAM_HAND_R_01_001","已声明","1","0","0","0","0","",""
"soyo/nnf03","1","PARAM_HAND_R_02_001","已声明","1","0","0","0","0","",""
"soyo/nnf03","1","PARAM_HAND_R_03_001","已声明","1","0","0","0","0","",""
"soyo/nnf03","1","PARAM_HAND_R_04_001","已声明","1","0","0","0","0","",""
"soyo/nnf03","1","PARAM_HAND_R_05_001","已声明","1","0","0","0","0","",""
"soyo/nnf03","1","PARAM_HAND_R_06_001","已声明","1","0","0","0","0","",""
"soyo/nnf03","1","PARAM_HAND_R_09_001","已声明","1","1","1","1","1","0–6.467s","0–6.467s"
"soyo/nnf04","1","PARAM_HAND_L_01_001","已声明","1","0","0","0","0","",""
"soyo/nnf04","1","PARAM_HAND_L_02_001","已声明","1","0","0","0","0","",""
"soyo/nnf04","1","PARAM_HAND_L_03_001","已声明","1","0","0","0","0","",""
"soyo/nnf04","1","PARAM_HAND_L_04_001","已声明","1","0","0","0","0","",""
"soyo/nnf04","1","PARAM_HAND_L_05_001","已声明","1","0","0","0","0","",""
"soyo/nnf04","1","PARAM_HAND_L_06_001","已声明","1","0","0","0","0","",""
"soyo/nnf04","1","PARAM_HAND_L_07_001","已声明","1","1","1","1","1","0–5.967s","0–5.967s"
"soyo/nnf04","1","PARAM_HAND_R_01_001","已声明","1","0","0","0","0","",""
"soyo/nnf04","1","PARAM_HAND_R_02_001","已声明","1","0","0","0","0","",""
"soyo/nnf04","1","PARAM_HAND_R_03_001","已声明","1","0","0","0","0","",""
"soyo/nnf04","1","PARAM_HAND_R_04_001","已声明","1","0","0","0","0","",""
"soyo/nnf04","1","PARAM_HAND_R_05_001","已声明","1","0","0","0","0","",""
"soyo/nnf04","1","PARAM_HAND_R_06_001","已声明","1","0","0","0","0","",""
"soyo/nnf04","1","PARAM_HAND_R_09_001","已声明","1","1","1","1","1","0–5.967s","0–5.967s"
"soyo/nnf05","1","PARAM_HAND_L_01_001","已声明","1","1","1","1","1","0–5.967s","0–5.967s"
"soyo/nnf05","1","PARAM_HAND_L_02_001","已声明","1","0","0","0","0","",""
"soyo/nnf05","1","PARAM_HAND_L_03_001","已声明","1","0","0","0","0","",""
"soyo/nnf05","1","PARAM_HAND_L_04_001","已声明","1","0","0","0","0","",""
"soyo/nnf05","1","PARAM_HAND_L_05_001","已声明","1","0","0","0","0","",""
"soyo/nnf05","1","PARAM_HAND_L_06_001","已声明","1","0","0","0","0","",""
"soyo/nnf05","1","PARAM_HAND_L_07_001","已声明","1","0","0","0","0","",""
"soyo/nnf05","1","PARAM_HAND_R_01_001","已声明","1","0","0","0","0","",""
"soyo/nnf05","1","PARAM_HAND_R_02_001","已声明","1","0","0","0","0","",""
"soyo/nnf05","1","PARAM_HAND_R_03_001","已声明","1","0","0","0","0","",""
"soyo/nnf05","1","PARAM_HAND_R_04_001","已声明","1","0","0","0","0","",""
"soyo/nnf05","1","PARAM_HAND_R_05_001","已声明","1","1","1","1","1","0–5.967s","0–5.967s"
"soyo/nnf05","1","PARAM_HAND_R_06_001","已声明","1","0","0","0","0","",""
"soyo/nnf05","1","PARAM_HAND_R_09_001","已声明","1","0","0","0","0","",""
"soyo/odoodo01","1","PARAM_HAND_L_01_001","已声明","1","0","0","0","0","",""
"soyo/odoodo01","1","PARAM_HAND_L_02_001","已声明","1","0","0","0","0","",""
"soyo/odoodo01","1","PARAM_HAND_L_03_001","已声明","1","0","0","0","0","",""
"soyo/odoodo01","1","PARAM_HAND_L_04_001","已声明","1","0","0","0","0","",""
"soyo/odoodo01","1","PARAM_HAND_L_05_001","已声明","1","0","0","0","0","",""
"soyo/odoodo01","1","PARAM_HAND_L_06_001","已声明","1","0","0","0","0","",""
"soyo/odoodo01","1","PARAM_HAND_L_07_001","已声明","1","1","1","1","1","0–5.967s","0–5.967s"
"soyo/odoodo01","1","PARAM_HAND_R_01_001","已声明","1","0","0","0","0","",""
"soyo/odoodo01","1","PARAM_HAND_R_02_001","已声明","1","0","0","0","0","",""
"soyo/odoodo01","1","PARAM_HAND_R_03_001","已声明","1","0","0","0","0","",""
"soyo/odoodo01","1","PARAM_HAND_R_04_001","已声明","1","0","0","0","0","",""
"soyo/odoodo01","1","PARAM_HAND_R_05_001","已声明","1","1","1","1","1","0–5.967s","0–5.967s"
"soyo/odoodo01","1","PARAM_HAND_R_06_001","已声明","1","0","0","0","0","",""
"soyo/odoodo01","1","PARAM_HAND_R_09_001","已声明","1","0","0","0","0","",""
"soyo/sad01","1","PARAM_HAND_L_01_001","已声明","1","0","0","0","0","",""
"soyo/sad01","1","PARAM_HAND_L_02_001","已声明","1","0","0","0","0","",""
"soyo/sad01","1","PARAM_HAND_L_03_001","已声明","1","0","0","0","0","",""
"soyo/sad01","1","PARAM_HAND_L_04_001","已声明","1","0","0","0","0","",""
"soyo/sad01","1","PARAM_HAND_L_05_001","已声明","1","0","0","0","0","",""
"soyo/sad01","1","PARAM_HAND_L_06_001","已声明","1","0","0","0","0","",""
"soyo/sad01","1","PARAM_HAND_L_07_001","已声明","1","1","1","1","1","0–5.967s","0–5.967s"
"soyo/sad01","1","PARAM_HAND_R_01_001","已声明","1","0","0","0","0","",""
"soyo/sad01","1","PARAM_HAND_R_02_001","已声明","1","0","0","0","0","",""
"soyo/sad01","1","PARAM_HAND_R_03_001","已声明","1","0","0","0","0","",""
"soyo/sad01","1","PARAM_HAND_R_04_001","已声明","1","0","0","0","0","",""
"soyo/sad01","1","PARAM_HAND_R_05_001","已声明","1","1","1","1","1","0–5.967s","0–5.967s"
"soyo/sad01","1","PARAM_HAND_R_06_001","已声明","1","0","0","0","0","",""
"soyo/sad01","1","PARAM_HAND_R_09_001","已声明","1","0","0","0","0","",""
"soyo/sad02","1","PARAM_HAND_L_01_001","已声明","1","0","0","0","0","",""
"soyo/sad02","1","PARAM_HAND_L_02_001","已声明","1","0","0","0","0","",""
"soyo/sad02","1","PARAM_HAND_L_03_001","已声明","1","0","0","0","0","",""
"soyo/sad02","1","PARAM_HAND_L_04_001","已声明","1","0","0","0","0","",""
"soyo/sad02","1","PARAM_HAND_L_05_001","已声明","1","0","0","0","0","",""
"soyo/sad02","1","PARAM_HAND_L_06_001","已声明","1","0","0","0","0","",""
"soyo/sad02","1","PARAM_HAND_L_07_001","已声明","1","1","1","1","1","0–6.467s","0–6.467s"
"soyo/sad02","1","PARAM_HAND_R_01_001","已声明","1","0","0","0","0","",""
"soyo/sad02","1","PARAM_HAND_R_02_001","已声明","1","0","0","0","0","",""
"soyo/sad02","1","PARAM_HAND_R_03_001","已声明","1","0","0","0","0","",""
"soyo/sad02","1","PARAM_HAND_R_04_001","已声明","1","0","0","0","0","",""
"soyo/sad02","1","PARAM_HAND_R_05_001","已声明","195","0","1","0","1","1.367–6.467s","1.4–6.467s"
"soyo/sad02","1","PARAM_HAND_R_06_001","已声明","1","0","0","0","0","",""
"soyo/sad02","1","PARAM_HAND_R_09_001","已声明","195","0","1","1","0","0–1.433s","0–1.367s"
"soyo/sad03","1","PARAM_HAND_L_01_001","已声明","1","0","0","0","0","",""
"soyo/sad03","1","PARAM_HAND_L_02_001","已声明","1","0","0","0","0","",""
"soyo/sad03","1","PARAM_HAND_L_03_001","已声明","1","0","0","0","0","",""
"soyo/sad03","1","PARAM_HAND_L_04_001","已声明","1","0","0","0","0","",""
"soyo/sad03","1","PARAM_HAND_L_05_001","已声明","1","1","1","1","1","0–5.467s","0–5.467s"
"soyo/sad03","1","PARAM_HAND_L_06_001","已声明","1","0","0","0","0","",""
"soyo/sad03","1","PARAM_HAND_L_07_001","已声明","1","0","0","0","0","",""
"soyo/sad03","1","PARAM_HAND_R_01_001","已声明","1","0","0","0","0","",""
"soyo/sad03","1","PARAM_HAND_R_02_001","已声明","1","0","0","0","0","",""
"soyo/sad03","1","PARAM_HAND_R_03_001","已声明","1","0","0","0","0","",""
"soyo/sad03","1","PARAM_HAND_R_04_001","已声明","1","0","0","0","0","",""
"soyo/sad03","1","PARAM_HAND_R_05_001","已声明","1","1","1","1","1","0–5.467s","0–5.467s"
"soyo/sad03","1","PARAM_HAND_R_06_001","已声明","1","0","0","0","0","",""
"soyo/sad03","1","PARAM_HAND_R_09_001","已声明","1","0","0","0","0","",""
"soyo/scared01","1","PARAM_HAND_L_01_001","已声明","1","0","0","0","0","",""
"soyo/scared01","1","PARAM_HAND_L_02_001","已声明","1","0","0","0","0","",""
"soyo/scared01","1","PARAM_HAND_L_03_001","已声明","1","0","0","0","0","",""
"soyo/scared01","1","PARAM_HAND_L_04_001","已声明","1","0","0","0","0","",""
"soyo/scared01","1","PARAM_HAND_L_05_001","已声明","1","0","0","0","0","",""
"soyo/scared01","1","PARAM_HAND_L_06_001","已声明","1","0","0","0","0","",""
"soyo/scared01","1","PARAM_HAND_L_07_001","已声明","1","1","1","1","1","0–4.967s","0–4.967s"
"soyo/scared01","1","PARAM_HAND_R_01_001","已声明","1","0","0","0","0","",""
"soyo/scared01","1","PARAM_HAND_R_02_001","已声明","1","0","0","0","0","",""
"soyo/scared01","1","PARAM_HAND_R_03_001","已声明","1","0","0","0","0","",""
"soyo/scared01","1","PARAM_HAND_R_04_001","已声明","1","0","0","0","0","",""
"soyo/scared01","1","PARAM_HAND_R_05_001","已声明","1","1","1","1","1","0–4.967s","0–4.967s"
"soyo/scared01","1","PARAM_HAND_R_06_001","已声明","1","0","0","0","0","",""
"soyo/scared01","1","PARAM_HAND_R_09_001","已声明","1","0","0","0","0","",""
"soyo/serious01","1","PARAM_HAND_L_01_001","已声明","1","1","1","1","1","0–5.967s","0–5.967s"
"soyo/serious01","1","PARAM_HAND_L_02_001","已声明","1","0","0","0","0","",""
"soyo/serious01","1","PARAM_HAND_L_03_001","已声明","1","0","0","0","0","",""
"soyo/serious01","1","PARAM_HAND_L_04_001","已声明","1","0","0","0","0","",""
"soyo/serious01","1","PARAM_HAND_L_05_001","已声明","1","0","0","0","0","",""
"soyo/serious01","1","PARAM_HAND_L_06_001","已声明","1","0","0","0","0","",""
"soyo/serious01","1","PARAM_HAND_L_07_001","已声明","1","0","0","0","0","",""
"soyo/serious01","1","PARAM_HAND_R_01_001","已声明","1","0","0","0","0","",""
"soyo/serious01","1","PARAM_HAND_R_02_001","已声明","1","0","0","0","0","",""
"soyo/serious01","1","PARAM_HAND_R_03_001","已声明","1","0","0","0","0","",""
"soyo/serious01","1","PARAM_HAND_R_04_001","已声明","1","0","0","0","0","",""
"soyo/serious01","1","PARAM_HAND_R_05_001","已声明","1","1","1","1","1","0–5.967s","0–5.967s"
"soyo/serious01","1","PARAM_HAND_R_06_001","已声明","1","0","0","0","0","",""
"soyo/serious01","1","PARAM_HAND_R_09_001","已声明","1","0","0","0","0","",""
"soyo/serious02","1","PARAM_HAND_L_01_001","已声明","1","0","0","0","0","",""
"soyo/serious02","1","PARAM_HAND_L_02_001","已声明","1","0","0","0","0","",""
"soyo/serious02","1","PARAM_HAND_L_03_001","已声明","1","0","0","0","0","",""
"soyo/serious02","1","PARAM_HAND_L_04_001","已声明","1","0","0","0","0","",""
"soyo/serious02","1","PARAM_HAND_L_05_001","已声明","1","0","0","0","0","",""
"soyo/serious02","1","PARAM_HAND_L_06_001","已声明","1","0","0","0","0","",""
"soyo/serious02","1","PARAM_HAND_L_07_001","已声明","1","1","1","1","1","0–5.967s","0–5.967s"
"soyo/serious02","1","PARAM_HAND_R_01_001","已声明","1","0","0","0","0","",""
"soyo/serious02","1","PARAM_HAND_R_02_001","已声明","1","0","0","0","0","",""
"soyo/serious02","1","PARAM_HAND_R_03_001","已声明","1","0","0","0","0","",""
"soyo/serious02","1","PARAM_HAND_R_04_001","已声明","1","0","0","0","0","",""
"soyo/serious02","1","PARAM_HAND_R_05_001","已声明","1","1","1","1","1","0–5.967s","0–5.967s"
"soyo/serious02","1","PARAM_HAND_R_06_001","已声明","1","0","0","0","0","",""
"soyo/serious02","1","PARAM_HAND_R_09_001","已声明","1","0","0","0","0","",""
"soyo/serious03","1","PARAM_HAND_L_01_001","已声明","1","0","0","0","0","",""
"soyo/serious03","1","PARAM_HAND_L_02_001","已声明","1","0","0","0","0","",""
"soyo/serious03","1","PARAM_HAND_L_03_001","已声明","1","0","0","0","0","",""
"soyo/serious03","1","PARAM_HAND_L_04_001","已声明","1","0","0","0","0","",""
"soyo/serious03","1","PARAM_HAND_L_05_001","已声明","1","0","0","0","0","",""
"soyo/serious03","1","PARAM_HAND_L_06_001","已声明","1","0","0","0","0","",""
"soyo/serious03","1","PARAM_HAND_L_07_001","已声明","1","1","1","1","1","0–5.967s","0–5.967s"
"soyo/serious03","1","PARAM_HAND_R_01_001","已声明","1","0","0","0","0","",""
"soyo/serious03","1","PARAM_HAND_R_02_001","已声明","1","0","0","0","0","",""
"soyo/serious03","1","PARAM_HAND_R_03_001","已声明","1","0","0","0","0","",""
"soyo/serious03","1","PARAM_HAND_R_04_001","已声明","1","0","0","0","0","",""
"soyo/serious03","1","PARAM_HAND_R_05_001","已声明","1","1","1","1","1","0–5.967s","0–5.967s"
"soyo/serious03","1","PARAM_HAND_R_06_001","已声明","1","0","0","0","0","",""
"soyo/serious03","1","PARAM_HAND_R_09_001","已声明","1","0","0","0","0","",""
"soyo/serious04","1","PARAM_HAND_L_01_001","已声明","1","0","0","0","0","",""
"soyo/serious04","1","PARAM_HAND_L_02_001","已声明","1","0","0","0","0","",""
"soyo/serious04","1","PARAM_HAND_L_03_001","已声明","1","0","0","0","0","",""
"soyo/serious04","1","PARAM_HAND_L_04_001","已声明","1","0","0","0","0","",""
"soyo/serious04","1","PARAM_HAND_L_05_001","已声明","1","0","0","0","0","",""
"soyo/serious04","1","PARAM_HAND_L_06_001","已声明","1","0","0","0","0","",""
"soyo/serious04","1","PARAM_HAND_L_07_001","已声明","1","1","1","1","1","0–5.967s","0–5.967s"
"soyo/serious04","1","PARAM_HAND_R_01_001","已声明","1","0","0","0","0","",""
"soyo/serious04","1","PARAM_HAND_R_02_001","已声明","1","0","0","0","0","",""
"soyo/serious04","1","PARAM_HAND_R_03_001","已声明","1","0","0","0","0","",""
"soyo/serious04","1","PARAM_HAND_R_04_001","已声明","1","0","0","0","0","",""
"soyo/serious04","1","PARAM_HAND_R_05_001","已声明","1","1","1","1","1","0–5.967s","0–5.967s"
"soyo/serious04","1","PARAM_HAND_R_06_001","已声明","1","0","0","0","0","",""
"soyo/serious04","1","PARAM_HAND_R_09_001","已声明","1","0","0","0","0","",""
"soyo/shame01","1","PARAM_HAND_L_01_001","已声明","1","1","1","1","1","0–6.467s","0–6.467s"
"soyo/shame01","1","PARAM_HAND_L_02_001","已声明","1","0","0","0","0","",""
"soyo/shame01","1","PARAM_HAND_L_03_001","已声明","1","0","0","0","0","",""
"soyo/shame01","1","PARAM_HAND_L_04_001","已声明","1","0","0","0","0","",""
"soyo/shame01","1","PARAM_HAND_L_05_001","已声明","1","0","0","0","0","",""
"soyo/shame01","1","PARAM_HAND_L_06_001","已声明","1","0","0","0","0","",""
"soyo/shame01","1","PARAM_HAND_L_07_001","已声明","1","0","0","0","0","",""
"soyo/shame01","1","PARAM_HAND_R_01_001","已声明","1","1","1","1","1","0–6.467s","0–6.467s"
"soyo/shame01","1","PARAM_HAND_R_02_001","已声明","1","0","0","0","0","",""
"soyo/shame01","1","PARAM_HAND_R_03_001","已声明","1","0","0","0","0","",""
"soyo/shame01","1","PARAM_HAND_R_04_001","已声明","1","0","0","0","0","",""
"soyo/shame01","1","PARAM_HAND_R_05_001","已声明","1","0","0","0","0","",""
"soyo/shame01","1","PARAM_HAND_R_06_001","已声明","1","0","0","0","0","",""
"soyo/shame01","1","PARAM_HAND_R_09_001","已声明","1","0","0","0","0","",""
"soyo/shame02","1","PARAM_HAND_L_01_001","已声明","1","0","0","0","0","",""
"soyo/shame02","1","PARAM_HAND_L_02_001","已声明","1","0","0","0","0","",""
"soyo/shame02","1","PARAM_HAND_L_03_001","已声明","1","0","0","0","0","",""
"soyo/shame02","1","PARAM_HAND_L_04_001","已声明","1","0","0","0","0","",""
"soyo/shame02","1","PARAM_HAND_L_05_001","已声明","1","0","0","0","0","",""
"soyo/shame02","1","PARAM_HAND_L_06_001","已声明","1","0","0","0","0","",""
"soyo/shame02","1","PARAM_HAND_L_07_001","已声明","1","1","1","1","1","0–6.967s","0–6.967s"
"soyo/shame02","1","PARAM_HAND_R_01_001","已声明","1","0","0","0","0","",""
"soyo/shame02","1","PARAM_HAND_R_02_001","已声明","1","0","0","0","0","",""
"soyo/shame02","1","PARAM_HAND_R_03_001","已声明","1","0","0","0","0","",""
"soyo/shame02","1","PARAM_HAND_R_04_001","已声明","1","0","0","0","0","",""
"soyo/shame02","1","PARAM_HAND_R_05_001","已声明","1","0","0","0","0","",""
"soyo/shame02","1","PARAM_HAND_R_06_001","已声明","1","0","0","0","0","",""
"soyo/shame02","1","PARAM_HAND_R_09_001","已声明","1","1","1","1","1","0–6.967s","0–6.967s"
"soyo/smile01","1","PARAM_HAND_L_01_001","已声明","240","0","1","0","1","2.333–7.967s","2.333–7.967s"
"soyo/smile01","1","PARAM_HAND_L_02_001","已声明","1","0","0","0","0","",""
"soyo/smile01","1","PARAM_HAND_L_03_001","已声明","1","0","0","0","0","",""
"soyo/smile01","1","PARAM_HAND_L_04_001","已声明","1","0","0","0","0","",""
"soyo/smile01","1","PARAM_HAND_L_05_001","已声明","1","0","0","0","0","",""
"soyo/smile01","1","PARAM_HAND_L_06_001","已声明","1","0","0","0","0","",""
"soyo/smile01","1","PARAM_HAND_L_07_001","已声明","240","0","1","1","0","0–2.3s","0–2.3s"
"soyo/smile01","1","PARAM_HAND_R_01_001","已声明","1","0","0","0","0","",""
"soyo/smile01","1","PARAM_HAND_R_02_001","已声明","1","0","0","0","0","",""
"soyo/smile01","1","PARAM_HAND_R_03_001","已声明","1","0","0","0","0","",""
"soyo/smile01","1","PARAM_HAND_R_04_001","已声明","1","0","0","0","0","",""
"soyo/smile01","1","PARAM_HAND_R_05_001","已声明","1","0","0","0","0","",""
"soyo/smile01","1","PARAM_HAND_R_06_001","已声明","1","0","0","0","0","",""
"soyo/smile01","1","PARAM_HAND_R_09_001","已声明","1","1","1","1","1","0–7.967s","0–7.967s"
"soyo/smile01_ingameV2","1","PARAM_HAND_L_01_001","已声明","1","1","1","1","1","0–5.467s","0–5.467s"
"soyo/smile01_ingameV2","1","PARAM_HAND_L_02_001","已声明","1","0","0","0","0","",""
"soyo/smile01_ingameV2","1","PARAM_HAND_L_03_001","已声明","1","0","0","0","0","",""
"soyo/smile01_ingameV2","1","PARAM_HAND_L_04_001","已声明","1","0","0","0","0","",""
"soyo/smile01_ingameV2","1","PARAM_HAND_L_05_001","已声明","1","0","0","0","0","",""
"soyo/smile01_ingameV2","1","PARAM_HAND_L_06_001","已声明","1","0","0","0","0","",""
"soyo/smile01_ingameV2","1","PARAM_HAND_L_07_001","已声明","1","0","0","0","0","",""
"soyo/smile01_ingameV2","1","PARAM_HAND_R_01_001","已声明","1","0","0","0","0","",""
"soyo/smile01_ingameV2","1","PARAM_HAND_R_02_001","已声明","1","0","0","0","0","",""
"soyo/smile01_ingameV2","1","PARAM_HAND_R_03_001","已声明","1","0","0","0","0","",""
"soyo/smile01_ingameV2","1","PARAM_HAND_R_04_001","已声明","1","0","0","0","0","",""
"soyo/smile01_ingameV2","1","PARAM_HAND_R_05_001","已声明","1","1","1","1","1","0–5.467s","0–5.467s"
"soyo/smile01_ingameV2","1","PARAM_HAND_R_06_001","已声明","1","0","0","0","0","",""
"soyo/smile01_ingameV2","1","PARAM_HAND_R_09_001","已声明","1","0","0","0","0","",""
"soyo/smile02","1","PARAM_HAND_L_01_001","已声明","1","0","0","0","0","",""
"soyo/smile02","1","PARAM_HAND_L_02_001","已声明","1","0","0","0","0","",""
"soyo/smile02","1","PARAM_HAND_L_03_001","已声明","1","0","0","0","0","",""
"soyo/smile02","1","PARAM_HAND_L_04_001","已声明","1","0","0","0","0","",""
"soyo/smile02","1","PARAM_HAND_L_05_001","已声明","210","0","1","1","0","0–1.6s","0–1.567s"
"soyo/smile02","1","PARAM_HAND_L_06_001","已声明","210","0","1","0","1","1.567–6.967s","1.6–6.967s"
"soyo/smile02","1","PARAM_HAND_L_07_001","已声明","1","0","0","0","0","",""
"soyo/smile02","1","PARAM_HAND_R_01_001","已声明","1","0","0","0","0","",""
"soyo/smile02","1","PARAM_HAND_R_02_001","已声明","1","0","0","0","0","",""
"soyo/smile02","1","PARAM_HAND_R_03_001","已声明","1","0","0","0","0","",""
"soyo/smile02","1","PARAM_HAND_R_04_001","已声明","1","0","0","0","0","",""
"soyo/smile02","1","PARAM_HAND_R_05_001","已声明","210","0","1","1","0","0–1.6s","0–1.567s"
"soyo/smile02","1","PARAM_HAND_R_06_001","已声明","210","0","1","0","1","1.567–6.967s","1.6–6.967s"
"soyo/smile02","1","PARAM_HAND_R_09_001","已声明","1","0","0","0","0","",""
"soyo/smile03","1","PARAM_HAND_L_01_001","已声明","1","1","1","1","1","0–5.467s","0–5.467s"
"soyo/smile03","1","PARAM_HAND_L_02_001","已声明","1","0","0","0","0","",""
"soyo/smile03","1","PARAM_HAND_L_03_001","已声明","1","0","0","0","0","",""
"soyo/smile03","1","PARAM_HAND_L_04_001","已声明","1","0","0","0","0","",""
"soyo/smile03","1","PARAM_HAND_L_05_001","已声明","1","0","0","0","0","",""
"soyo/smile03","1","PARAM_HAND_L_06_001","已声明","1","0","0","0","0","",""
"soyo/smile03","1","PARAM_HAND_L_07_001","已声明","1","0","0","0","0","",""
"soyo/smile03","1","PARAM_HAND_R_01_001","已声明","1","0","0","0","0","",""
"soyo/smile03","1","PARAM_HAND_R_02_001","已声明","1","0","0","0","0","",""
"soyo/smile03","1","PARAM_HAND_R_03_001","已声明","1","0","0","0","0","",""
"soyo/smile03","1","PARAM_HAND_R_04_001","已声明","1","0","0","0","0","",""
"soyo/smile03","1","PARAM_HAND_R_05_001","已声明","1","0","0","0","0","",""
"soyo/smile03","1","PARAM_HAND_R_06_001","已声明","1","0","0","0","0","",""
"soyo/smile03","1","PARAM_HAND_R_09_001","已声明","1","1","1","1","1","0–5.467s","0–5.467s"
"soyo/smile04","1","PARAM_HAND_L_01_001","已声明","1","0","0","0","0","",""
"soyo/smile04","1","PARAM_HAND_L_02_001","已声明","1","0","0","0","0","",""
"soyo/smile04","1","PARAM_HAND_L_03_001","已声明","1","0","0","0","0","",""
"soyo/smile04","1","PARAM_HAND_L_04_001","已声明","1","0","0","0","0","",""
"soyo/smile04","1","PARAM_HAND_L_05_001","已声明","1","0","0","0","0","",""
"soyo/smile04","1","PARAM_HAND_L_06_001","已声明","210","0","1","0","1","1.833–6.967s","1.867–6.967s"
"soyo/smile04","1","PARAM_HAND_L_07_001","已声明","210","0","1","1","0","0–1.867s","0–1.833s"
"soyo/smile04","1","PARAM_HAND_R_01_001","已声明","1","0","0","0","0","",""
"soyo/smile04","1","PARAM_HAND_R_02_001","已声明","1","0","0","0","0","",""
"soyo/smile04","1","PARAM_HAND_R_03_001","已声明","1","0","0","0","0","",""
"soyo/smile04","1","PARAM_HAND_R_04_001","已声明","1","0","0","0","0","",""
"soyo/smile04","1","PARAM_HAND_R_05_001","已声明","210","0","1","1","0","0–1.867s","0–1.833s"
"soyo/smile04","1","PARAM_HAND_R_06_001","已声明","210","0","1","0","1","1.833–6.967s","1.867–6.967s"
"soyo/smile04","1","PARAM_HAND_R_09_001","已声明","1","0","0","0","0","",""
"soyo/smile05","1","PARAM_HAND_L_01_001","已声明","1","0","0","0","0","",""
"soyo/smile05","1","PARAM_HAND_L_02_001","已声明","1","0","0","0","0","",""
"soyo/smile05","1","PARAM_HAND_L_03_001","已声明","1","0","0","0","0","",""
"soyo/smile05","1","PARAM_HAND_L_04_001","已声明","1","0","0","0","0","",""
"soyo/smile05","1","PARAM_HAND_L_05_001","已声明","1","0","0","0","0","",""
"soyo/smile05","1","PARAM_HAND_L_06_001","已声明","1","0","0","0","0","",""
"soyo/smile05","1","PARAM_HAND_L_07_001","已声明","1","1","1","1","1","0–5.467s","0–5.467s"
"soyo/smile05","1","PARAM_HAND_R_01_001","已声明","1","0","0","0","0","",""
"soyo/smile05","1","PARAM_HAND_R_02_001","已声明","1","0","0","0","0","",""
"soyo/smile05","1","PARAM_HAND_R_03_001","已声明","1","0","0","0","0","",""
"soyo/smile05","1","PARAM_HAND_R_04_001","已声明","1","0","0","0","0","",""
"soyo/smile05","1","PARAM_HAND_R_05_001","已声明","1","1","1","1","1","0–5.467s","0–5.467s"
"soyo/smile05","1","PARAM_HAND_R_06_001","已声明","1","0","0","0","0","",""
"soyo/smile05","1","PARAM_HAND_R_09_001","已声明","1","0","0","0","0","",""
"soyo/smile06","1","PARAM_HAND_L_01_001","已声明","1","1","1","1","1","0–5.467s","0–5.467s"
"soyo/smile06","1","PARAM_HAND_L_02_001","已声明","1","0","0","0","0","",""
"soyo/smile06","1","PARAM_HAND_L_03_001","已声明","1","0","0","0","0","",""
"soyo/smile06","1","PARAM_HAND_L_04_001","已声明","1","0","0","0","0","",""
"soyo/smile06","1","PARAM_HAND_L_05_001","已声明","1","0","0","0","0","",""
"soyo/smile06","1","PARAM_HAND_L_06_001","已声明","1","0","0","0","0","",""
"soyo/smile06","1","PARAM_HAND_L_07_001","已声明","1","0","0","0","0","",""
"soyo/smile06","1","PARAM_HAND_R_01_001","已声明","1","0","0","0","0","",""
"soyo/smile06","1","PARAM_HAND_R_02_001","已声明","1","0","0","0","0","",""
"soyo/smile06","1","PARAM_HAND_R_03_001","已声明","1","0","0","0","0","",""
"soyo/smile06","1","PARAM_HAND_R_04_001","已声明","1","0","0","0","0","",""
"soyo/smile06","1","PARAM_HAND_R_05_001","已声明","1","1","1","1","1","0–5.467s","0–5.467s"
"soyo/smile06","1","PARAM_HAND_R_06_001","已声明","1","0","0","0","0","",""
"soyo/smile06","1","PARAM_HAND_R_09_001","已声明","1","0","0","0","0","",""
"soyo/surprised01","1","PARAM_HAND_L_01_001","已声明","1","0","0","0","0","",""
"soyo/surprised01","1","PARAM_HAND_L_02_001","已声明","1","0","0","0","0","",""
"soyo/surprised01","1","PARAM_HAND_L_03_001","已声明","1","0","0","0","0","",""
"soyo/surprised01","1","PARAM_HAND_L_04_001","已声明","1","0","0","0","0","",""
"soyo/surprised01","1","PARAM_HAND_L_05_001","已声明","1","0","0","0","0","",""
"soyo/surprised01","1","PARAM_HAND_L_06_001","已声明","1","0","0","0","0","",""
"soyo/surprised01","1","PARAM_HAND_L_07_001","已声明","1","1","1","1","1","0–4.967s","0–4.967s"
"soyo/surprised01","1","PARAM_HAND_R_01_001","已声明","1","0","0","0","0","",""
"soyo/surprised01","1","PARAM_HAND_R_02_001","已声明","1","0","0","0","0","",""
"soyo/surprised01","1","PARAM_HAND_R_03_001","已声明","1","0","0","0","0","",""
"soyo/surprised01","1","PARAM_HAND_R_04_001","已声明","1","0","0","0","0","",""
"soyo/surprised01","1","PARAM_HAND_R_05_001","已声明","1","1","1","1","1","0–4.967s","0–4.967s"
"soyo/surprised01","1","PARAM_HAND_R_06_001","已声明","1","0","0","0","0","",""
"soyo/surprised01","1","PARAM_HAND_R_09_001","已声明","1","0","0","0","0","",""
"soyo/thinking01","1","PARAM_HAND_L_01_001","已声明","1","0","0","0","0","",""
"soyo/thinking01","1","PARAM_HAND_L_02_001","已声明","1","0","0","0","0","",""
"soyo/thinking01","1","PARAM_HAND_L_03_001","已声明","1","0","0","0","0","",""
"soyo/thinking01","1","PARAM_HAND_L_04_001","已声明","1","0","0","0","0","",""
"soyo/thinking01","1","PARAM_HAND_L_05_001","已声明","1","0","0","0","0","",""
"soyo/thinking01","1","PARAM_HAND_L_06_001","已声明","1","0","0","0","0","",""
"soyo/thinking01","1","PARAM_HAND_L_07_001","已声明","1","1","1","1","1","0–6.467s","0–6.467s"
"soyo/thinking01","1","PARAM_HAND_R_01_001","已声明","1","0","0","0","0","",""
"soyo/thinking01","1","PARAM_HAND_R_02_001","已声明","1","0","0","0","0","",""
"soyo/thinking01","1","PARAM_HAND_R_03_001","已声明","1","0","0","0","0","",""
"soyo/thinking01","1","PARAM_HAND_R_04_001","已声明","1","0","0","0","0","",""
"soyo/thinking01","1","PARAM_HAND_R_05_001","已声明","1","1","1","1","1","0–6.467s","0–6.467s"
"soyo/thinking01","1","PARAM_HAND_R_06_001","已声明","1","0","0","0","0","",""
"soyo/thinking01","1","PARAM_HAND_R_09_001","已声明","1","0","0","0","0","",""
"soyo/thinking02_01","1","PARAM_HAND_L_01_001","已声明","1","0","0","0","0","",""
"soyo/thinking02_01","1","PARAM_HAND_L_02_001","已声明","1","0","0","0","0","",""
"soyo/thinking02_01","1","PARAM_HAND_L_03_001","已声明","1","0","0","0","0","",""
"soyo/thinking02_01","1","PARAM_HAND_L_04_001","已声明","1","0","0","0","0","",""
"soyo/thinking02_01","1","PARAM_HAND_L_05_001","已声明","1","0","0","0","0","",""
"soyo/thinking02_01","1","PARAM_HAND_L_06_001","已声明","1","0","0","0","0","",""
"soyo/thinking02_01","1","PARAM_HAND_L_07_001","已声明","1","1","1","1","1","0–7.967s","0–7.967s"
"soyo/thinking02_01","1","PARAM_HAND_R_01_001","已声明","1","0","0","0","0","",""
"soyo/thinking02_01","1","PARAM_HAND_R_02_001","已声明","1","0","0","0","0","",""
"soyo/thinking02_01","1","PARAM_HAND_R_03_001","已声明","1","0","0","0","0","",""
"soyo/thinking02_01","1","PARAM_HAND_R_04_001","已声明","1","0","0","0","0","",""
"soyo/thinking02_01","1","PARAM_HAND_R_05_001","已声明","1","1","1","1","1","0–7.967s","0–7.967s"
"soyo/thinking02_01","1","PARAM_HAND_R_06_001","已声明","1","0","0","0","0","",""
"soyo/thinking02_01","1","PARAM_HAND_R_09_001","已声明","1","0","0","0","0","",""
"soyo/thinking02_02","1","PARAM_HAND_L_01_001","已声明","1","0","0","0","0","",""
"soyo/thinking02_02","1","PARAM_HAND_L_02_001","已声明","1","0","0","0","0","",""
"soyo/thinking02_02","1","PARAM_HAND_L_03_001","已声明","1","0","0","0","0","",""
"soyo/thinking02_02","1","PARAM_HAND_L_04_001","已声明","1","0","0","0","0","",""
"soyo/thinking02_02","1","PARAM_HAND_L_05_001","已声明","1","0","0","0","0","",""
"soyo/thinking02_02","1","PARAM_HAND_L_06_001","已声明","271","0","0.98","0","0.98","4.833–9s","4.9–9s"
"soyo/thinking02_02","1","PARAM_HAND_L_07_001","已声明","271","0","1","1","0","0–4.933s","0–4.867s"
"soyo/thinking02_02","1","PARAM_HAND_R_01_001","已声明","1","0","0","0","0","",""
"soyo/thinking02_02","1","PARAM_HAND_R_02_001","已声明","1","0","0","0","0","",""
"soyo/thinking02_02","1","PARAM_HAND_R_03_001","已声明","1","0","0","0","0","",""
"soyo/thinking02_02","1","PARAM_HAND_R_04_001","已声明","1","0","0","0","0","",""
"soyo/thinking02_02","1","PARAM_HAND_R_05_001","已声明","271","0","1","0","0","0.067–4.9s","2.333–4.767s"
"soyo/thinking02_02","1","PARAM_HAND_R_06_001","已声明","271","0","1","1","1","0–4.6s; 4.7–9s","0–2.3s; 4.8–9s"
"soyo/thinking02_02","1","PARAM_HAND_R_09_001","已声明","1","0","0","0","0","",""
"soyo/thinking02_ingameV2","1","PARAM_HAND_L_01_001","已声明","1","0","0","0","0","",""
"soyo/thinking02_ingameV2","1","PARAM_HAND_L_02_001","已声明","1","0","0","0","0","",""
"soyo/thinking02_ingameV2","1","PARAM_HAND_L_03_001","已声明","1","0","0","0","0","",""
"soyo/thinking02_ingameV2","1","PARAM_HAND_L_04_001","已声明","1","0","0","0","0","",""
"soyo/thinking02_ingameV2","1","PARAM_HAND_L_05_001","已声明","1","0","0","0","0","",""
"soyo/thinking02_ingameV2","1","PARAM_HAND_L_06_001","已声明","1","0","0","0","0","",""
"soyo/thinking02_ingameV2","1","PARAM_HAND_L_07_001","已声明","1","1","1","1","1","0–7.467s","0–7.467s"
"soyo/thinking02_ingameV2","1","PARAM_HAND_R_01_001","已声明","1","0","0","0","0","",""
"soyo/thinking02_ingameV2","1","PARAM_HAND_R_02_001","已声明","1","0","0","0","0","",""
"soyo/thinking02_ingameV2","1","PARAM_HAND_R_03_001","已声明","1","0","0","0","0","",""
"soyo/thinking02_ingameV2","1","PARAM_HAND_R_04_001","已声明","1","0","0","0","0","",""
"soyo/thinking02_ingameV2","1","PARAM_HAND_R_05_001","已声明","225","0","1","1","0","0–1.4s","0–1.333s"
"soyo/thinking02_ingameV2","1","PARAM_HAND_R_06_001","已声明","1","0","0","0","0","",""
"soyo/thinking02_ingameV2","1","PARAM_HAND_R_09_001","已声明","225","0","1","0","1","1.333–7.467s","1.367–7.467s"
"soyo/wink01","1","PARAM_HAND_L_01_001","已声明","1","0","0","0","0","",""
"soyo/wink01","1","PARAM_HAND_L_02_001","已声明","1","0","0","0","0","",""
"soyo/wink01","1","PARAM_HAND_L_03_001","已声明","1","0","0","0","0","",""
"soyo/wink01","1","PARAM_HAND_L_04_001","已声明","1","0","0","0","0","",""
"soyo/wink01","1","PARAM_HAND_L_05_001","已声明","1","0","0","0","0","",""
"soyo/wink01","1","PARAM_HAND_L_06_001","已声明","1","1","1","1","1","0–5.467s","0–5.467s"
"soyo/wink01","1","PARAM_HAND_L_07_001","已声明","1","0","0","0","0","",""
"soyo/wink01","1","PARAM_HAND_R_01_001","已声明","1","0","0","0","0","",""
"soyo/wink01","1","PARAM_HAND_R_02_001","已声明","1","0","0","0","0","",""
"soyo/wink01","1","PARAM_HAND_R_03_001","已声明","1","0","0","0","0","",""
"soyo/wink01","1","PARAM_HAND_R_04_001","已声明","1","0","0","0","0","",""
"soyo/wink01","1","PARAM_HAND_R_05_001","已声明","1","0","0","0","0","",""
"soyo/wink01","1","PARAM_HAND_R_06_001","已声明","1","1","1","1","1","0–5.467s","0–5.467s"
"soyo/wink01","1","PARAM_HAND_R_09_001","已声明","1","0","0","0","0","",""
"taki/ando01","1","PARAM_HAND_L_01_001","已声明","1","1","1","1","1","0–5.633s","0–5.633s"
"taki/ando01","1","PARAM_HAND_L_02_001","已声明","1","0","0","0","0","",""
"taki/ando01","1","PARAM_HAND_L_03_001","已声明","1","0","0","0","0","",""
"taki/ando01","1","PARAM_HAND_L_04_001","已声明","1","0","0","0","0","",""
"taki/ando01","1","PARAM_HAND_L_05_001","已声明","1","0","0","0","0","",""
"taki/ando01","1","PARAM_HAND_L_06_001","已声明","1","0","0","0","0","",""
"taki/ando01","1","PARAM_HAND_L_07_001","已声明","1","0","0","0","0","",""
"taki/ando01","1","PARAM_HAND_R_01_001","已声明","1","0","0","0","0","",""
"taki/ando01","1","PARAM_HAND_R_02_001","已声明","1","0","0","0","0","",""
"taki/ando01","1","PARAM_HAND_R_03_001","已声明","1","0","0","0","0","",""
"taki/ando01","1","PARAM_HAND_R_04_001","已声明","1","0","0","0","0","",""
"taki/ando01","1","PARAM_HAND_R_05_001","已声明","1","1","1","1","1","0–5.633s","0–5.633s"
"taki/ando01","1","PARAM_HAND_R_06_001","已声明","1","0","0","0","0","",""
"taki/ando01","1","PARAM_HAND_R_09_001","已声明","1","0","0","0","0","",""
"taki/angry01","1","PARAM_HAND_L_01_001","已声明","1","0","0","0","0","",""
"taki/angry01","1","PARAM_HAND_L_02_001","已声明","1","0","0","0","0","",""
"taki/angry01","1","PARAM_HAND_L_03_001","已声明","1","0","0","0","0","",""
"taki/angry01","1","PARAM_HAND_L_04_001","已声明","1","0","0","0","0","",""
"taki/angry01","1","PARAM_HAND_L_05_001","已声明","1","0","0","0","0","",""
"taki/angry01","1","PARAM_HAND_L_06_001","已声明","1","0","0","0","0","",""
"taki/angry01","1","PARAM_HAND_L_07_001","已声明","1","1","1","1","1","0–4.667s","0–4.667s"
"taki/angry01","1","PARAM_HAND_R_01_001","已声明","1","1","1","1","1","0–4.667s","0–4.667s"
"taki/angry01","1","PARAM_HAND_R_02_001","已声明","1","0","0","0","0","",""
"taki/angry01","1","PARAM_HAND_R_03_001","已声明","1","0","0","0","0","",""
"taki/angry01","1","PARAM_HAND_R_04_001","已声明","1","0","0","0","0","",""
"taki/angry01","1","PARAM_HAND_R_05_001","已声明","1","0","0","0","0","",""
"taki/angry01","1","PARAM_HAND_R_06_001","已声明","1","0","0","0","0","",""
"taki/angry01","1","PARAM_HAND_R_09_001","已声明","1","0","0","0","0","",""
"taki/angry02","1","PARAM_HAND_L_01_001","已声明","1","0","0","0","0","",""
"taki/angry02","1","PARAM_HAND_L_02_001","已声明","1","0","0","0","0","",""
"taki/angry02","1","PARAM_HAND_L_03_001","已声明","1","0","0","0","0","",""
"taki/angry02","1","PARAM_HAND_L_04_001","已声明","1","0","0","0","0","",""
"taki/angry02","1","PARAM_HAND_L_05_001","已声明","1","0","0","0","0","",""
"taki/angry02","1","PARAM_HAND_L_06_001","已声明","1","0","0","0","0","",""
"taki/angry02","1","PARAM_HAND_L_07_001","已声明","1","1","1","1","1","0–6.067s","0–6.067s"
"taki/angry02","1","PARAM_HAND_R_01_001","已声明","1","0","0","0","0","",""
"taki/angry02","1","PARAM_HAND_R_02_001","已声明","1","0","0","0","0","",""
"taki/angry02","1","PARAM_HAND_R_03_001","已声明","1","0","0","0","0","",""
"taki/angry02","1","PARAM_HAND_R_04_001","已声明","1","0","0","0","0","",""
"taki/angry02","1","PARAM_HAND_R_05_001","已声明","1","0","0","0","0","",""
"taki/angry02","1","PARAM_HAND_R_06_001","已声明","1","0","0","0","0","",""
"taki/angry02","1","PARAM_HAND_R_09_001","已声明","1","1","1","1","1","0–6.067s","0–6.067s"
"taki/angry03","1","PARAM_HAND_L_01_001","已声明","180","0","1","1","0","0–0.8s","0–0.767s"
"taki/angry03","1","PARAM_HAND_L_02_001","已声明","1","0","0","0","0","",""
"taki/angry03","1","PARAM_HAND_L_03_001","已声明","1","0","0","0","0","",""
"taki/angry03","1","PARAM_HAND_L_04_001","已声明","1","0","0","0","0","",""
"taki/angry03","1","PARAM_HAND_L_05_001","已声明","180","0","1","0","1","0.733–5.967s","0.767–5.967s"
"taki/angry03","1","PARAM_HAND_L_06_001","已声明","1","0","0","0","0","",""
"taki/angry03","1","PARAM_HAND_L_07_001","已声明","1","0","0","0","0","",""
"taki/angry03","1","PARAM_HAND_R_01_001","已声明","1","0","0","0","0","",""
"taki/angry03","1","PARAM_HAND_R_02_001","已声明","1","0","0","0","0","",""
"taki/angry03","1","PARAM_HAND_R_03_001","已声明","1","0","0","0","0","",""
"taki/angry03","1","PARAM_HAND_R_04_001","已声明","1","0","0","0","0","",""
"taki/angry03","1","PARAM_HAND_R_05_001","已声明","1","1","1","1","1","0–5.967s","0–5.967s"
"taki/angry03","1","PARAM_HAND_R_06_001","已声明","1","0","0","0","0","",""
"taki/angry03","1","PARAM_HAND_R_09_001","已声明","1","0","0","0","0","",""
"taki/angry04","1","PARAM_HAND_L_01_001","已声明","1","0","0","0","0","",""
"taki/angry04","1","PARAM_HAND_L_02_001","已声明","1","0","0","0","0","",""
"taki/angry04","1","PARAM_HAND_L_03_001","已声明","1","0","0","0","0","",""
"taki/angry04","1","PARAM_HAND_L_04_001","已声明","1","0","0","0","0","",""
"taki/angry04","1","PARAM_HAND_L_05_001","已声明","1","1","1","1","1","0–5.633s","0–5.633s"
"taki/angry04","1","PARAM_HAND_L_06_001","已声明","1","0","0","0","0","",""
"taki/angry04","1","PARAM_HAND_L_07_001","已声明","1","0","0","0","0","",""
"taki/angry04","1","PARAM_HAND_R_01_001","已声明","1","0","0","0","0","",""
"taki/angry04","1","PARAM_HAND_R_02_001","已声明","1","0","0","0","0","",""
"taki/angry04","1","PARAM_HAND_R_03_001","已声明","1","0","0","0","0","",""
"taki/angry04","1","PARAM_HAND_R_04_001","已声明","1","0","0","0","0","",""
"taki/angry04","1","PARAM_HAND_R_05_001","已声明","1","1","1","1","1","0–5.633s","0–5.633s"
"taki/angry04","1","PARAM_HAND_R_06_001","已声明","1","0","0","0","0","",""
"taki/angry04","1","PARAM_HAND_R_09_001","已声明","1","0","0","0","0","",""
"taki/bye01","1","PARAM_HAND_L_01_001","已声明","1","0","0","0","0","",""
"taki/bye01","1","PARAM_HAND_L_02_001","已声明","1","0","0","0","0","",""
"taki/bye01","1","PARAM_HAND_L_03_001","已声明","1","0","0","0","0","",""
"taki/bye01","1","PARAM_HAND_L_04_001","已声明","1","0","0","0","0","",""
"taki/bye01","1","PARAM_HAND_L_05_001","已声明","1","0","0","0","0","",""
"taki/bye01","1","PARAM_HAND_L_06_001","已声明","1","0","0","0","0","",""
"taki/bye01","1","PARAM_HAND_L_07_001","已声明","1","1","1","1","1","0–5.3s","0–5.3s"
"taki/bye01","1","PARAM_HAND_R_01_001","已声明","1","0","0","0","0","",""
"taki/bye01","1","PARAM_HAND_R_02_001","已声明","1","0","0","0","0","",""
"taki/bye01","1","PARAM_HAND_R_03_001","已声明","1","0","0","0","0","",""
"taki/bye01","1","PARAM_HAND_R_04_001","已声明","1","1","1","1","1","0–5.3s","0–5.3s"
"taki/bye01","1","PARAM_HAND_R_05_001","已声明","1","0","0","0","0","",""
"taki/bye01","1","PARAM_HAND_R_06_001","已声明","1","0","0","0","0","",""
"taki/bye01","1","PARAM_HAND_R_09_001","已声明","1","0","0","0","0","",""
"taki/bye02","1","PARAM_HAND_L_01_001","已声明","1","1","1","1","1","0–6.467s","0–6.467s"
"taki/bye02","1","PARAM_HAND_L_02_001","已声明","1","0","0","0","0","",""
"taki/bye02","1","PARAM_HAND_L_03_001","已声明","1","0","0","0","0","",""
"taki/bye02","1","PARAM_HAND_L_04_001","已声明","1","0","0","0","0","",""
"taki/bye02","1","PARAM_HAND_L_05_001","已声明","1","0","0","0","0","",""
"taki/bye02","1","PARAM_HAND_L_06_001","已声明","1","0","0","0","0","",""
"taki/bye02","1","PARAM_HAND_L_07_001","已声明","1","0","0","0","0","",""
"taki/bye02","1","PARAM_HAND_R_01_001","已声明","1","1","1","1","1","0–6.467s","0–6.467s"
"taki/bye02","1","PARAM_HAND_R_02_001","已声明","1","0","0","0","0","",""
"taki/bye02","1","PARAM_HAND_R_03_001","已声明","1","0","0","0","0","",""
"taki/bye02","1","PARAM_HAND_R_04_001","已声明","1","0","0","0","0","",""
"taki/bye02","1","PARAM_HAND_R_05_001","已声明","1","0","0","0","0","",""
"taki/bye02","1","PARAM_HAND_R_06_001","已声明","1","0","0","0","0","",""
"taki/bye02","1","PARAM_HAND_R_09_001","已声明","1","0","0","0","0","",""
"taki/cry01","1","PARAM_HAND_L_01_001","已声明","1","0","0","0","0","",""
"taki/cry01","1","PARAM_HAND_L_02_001","已声明","1","0","0","0","0","",""
"taki/cry01","1","PARAM_HAND_L_03_001","已声明","1","0","0","0","0","",""
"taki/cry01","1","PARAM_HAND_L_04_001","已声明","1","0","0","0","0","",""
"taki/cry01","1","PARAM_HAND_L_05_001","已声明","1","0","0","0","0","",""
"taki/cry01","1","PARAM_HAND_L_06_001","已声明","1","0","0","0","0","",""
"taki/cry01","1","PARAM_HAND_L_07_001","已声明","1","1","1","1","1","0–4.467s","0–4.467s"
"taki/cry01","1","PARAM_HAND_R_01_001","已声明","1","0","0","0","0","",""
"taki/cry01","1","PARAM_HAND_R_02_001","已声明","1","0","0","0","0","",""
"taki/cry01","1","PARAM_HAND_R_03_001","已声明","1","0","0","0","0","",""
"taki/cry01","1","PARAM_HAND_R_04_001","已声明","1","0","0","0","0","",""
"taki/cry01","1","PARAM_HAND_R_05_001","已声明","1","0","0","0","0","",""
"taki/cry01","1","PARAM_HAND_R_06_001","已声明","1","0","0","0","0","",""
"taki/cry01","1","PARAM_HAND_R_09_001","已声明","1","1","1","1","1","0–4.467s","0–4.467s"
"taki/cry02","1","PARAM_HAND_L_01_001","已声明","1","0","0","0","0","",""
"taki/cry02","1","PARAM_HAND_L_02_001","已声明","1","0","0","0","0","",""
"taki/cry02","1","PARAM_HAND_L_03_001","已声明","1","0","0","0","0","",""
"taki/cry02","1","PARAM_HAND_L_04_001","已声明","1","0","0","0","0","",""
"taki/cry02","1","PARAM_HAND_L_05_001","已声明","210","0","1","0","1","1.033–6.967s","1.133–6.967s"
"taki/cry02","1","PARAM_HAND_L_06_001","已声明","1","0","0","0","0","",""
"taki/cry02","1","PARAM_HAND_L_07_001","已声明","210","0","1","1","0","0–1.2s","0–1.1s"
"taki/cry02","1","PARAM_HAND_R_01_001","已声明","1","1","1","1","1","0–6.967s","0–6.967s"
"taki/cry02","1","PARAM_HAND_R_02_001","已声明","1","0","0","0","0","",""
"taki/cry02","1","PARAM_HAND_R_03_001","已声明","1","0","0","0","0","",""
"taki/cry02","1","PARAM_HAND_R_04_001","已声明","1","0","0","0","0","",""
"taki/cry02","1","PARAM_HAND_R_05_001","已声明","1","0","0","0","0","",""
"taki/cry02","1","PARAM_HAND_R_06_001","已声明","1","0","0","0","0","",""
"taki/cry02","1","PARAM_HAND_R_09_001","已声明","1","0","0","0","0","",""
"taki/gacha_b2024_01","1","PARAM_HAND_L_01_001","已声明","1","1","1","1","1","0–4.233s","0–4.233s"
"taki/gacha_b2024_01","1","PARAM_HAND_L_02_001","已声明","1","0","0","0","0","",""
"taki/gacha_b2024_01","1","PARAM_HAND_L_03_001","已声明","1","0","0","0","0","",""
"taki/gacha_b2024_01","1","PARAM_HAND_L_04_001","已声明","1","0","0","0","0","",""
"taki/gacha_b2024_01","1","PARAM_HAND_L_05_001","已声明","1","0","0","0","0","",""
"taki/gacha_b2024_01","1","PARAM_HAND_L_06_001","已声明","1","0","0","0","0","",""
"taki/gacha_b2024_01","1","PARAM_HAND_L_07_001","已声明","1","0","0","0","0","",""
"taki/gacha_b2024_01","1","PARAM_HAND_R_01_001","已声明","1","0","0","0","0","",""
"taki/gacha_b2024_01","1","PARAM_HAND_R_02_001","已声明","1","1","1","1","1","0–4.233s","0–4.233s"
"taki/gacha_b2024_01","1","PARAM_HAND_R_03_001","已声明","1","0","0","0","0","",""
"taki/gacha_b2024_01","1","PARAM_HAND_R_04_001","已声明","1","0","0","0","0","",""
"taki/gacha_b2024_01","1","PARAM_HAND_R_05_001","已声明","1","0","0","0","0","",""
"taki/gacha_b2024_01","1","PARAM_HAND_R_06_001","已声明","1","0","0","0","0","",""
"taki/gacha_b2024_01","1","PARAM_HAND_R_09_001","已声明","1","0","0","0","0","",""
"taki/gacha_c_a_01","1","PARAM_HAND_L_01_001","已声明","288","0","1","1","0","0–4.833s","0–4.767s"
"taki/gacha_c_a_01","1","PARAM_HAND_L_02_001","已声明","288","0","1","0","1","4.733–9.567s","4.8–9.567s"
"taki/gacha_c_a_01","1","PARAM_HAND_L_03_001","已声明","1","0","0","0","0","",""
"taki/gacha_c_a_01","1","PARAM_HAND_L_04_001","已声明","1","0","0","0","0","",""
"taki/gacha_c_a_01","1","PARAM_HAND_L_05_001","已声明","1","0","0","0","0","",""
"taki/gacha_c_a_01","1","PARAM_HAND_L_06_001","已声明","1","0","0","0","0","",""
"taki/gacha_c_a_01","1","PARAM_HAND_L_07_001","已声明","1","0","0","0","0","",""
"taki/gacha_c_a_01","1","PARAM_HAND_R_01_001","已声明","1","0","0","0","0","",""
"taki/gacha_c_a_01","1","PARAM_HAND_R_02_001","已声明","288","0","1","0","1","4.833–9.567s","4.867–9.567s"
"taki/gacha_c_a_01","1","PARAM_HAND_R_03_001","已声明","1","0","0","0","0","",""
"taki/gacha_c_a_01","1","PARAM_HAND_R_04_001","已声明","1","0","0","0","0","",""
"taki/gacha_c_a_01","1","PARAM_HAND_R_05_001","已声明","288","0","1","1","0","0–4.9s","0–4.833s"
"taki/gacha_c_a_01","1","PARAM_HAND_R_06_001","已声明","1","0","0","0","0","",""
"taki/gacha_c_a_01","1","PARAM_HAND_R_09_001","已声明","1","0","0","0","0","",""
"taki/gacha_df3_01","1","PARAM_HAND_L_01_001","已声明","1","1","1","1","1","0–3.8s","0–3.8s"
"taki/gacha_df3_01","1","PARAM_HAND_L_02_001","已声明","1","0","0","0","0","",""
"taki/gacha_df3_01","1","PARAM_HAND_L_03_001","已声明","1","0","0","0","0","",""
"taki/gacha_df3_01","1","PARAM_HAND_L_04_001","已声明","1","0","0","0","0","",""
"taki/gacha_df3_01","1","PARAM_HAND_L_05_001","已声明","1","0","0","0","0","",""
"taki/gacha_df3_01","1","PARAM_HAND_L_06_001","已声明","1","0","0","0","0","",""
"taki/gacha_df3_01","1","PARAM_HAND_L_07_001","已声明","1","0","0","0","0","",""
"taki/gacha_df3_01","1","PARAM_HAND_R_01_001","已声明","1","1","1","1","1","0–3.8s","0–3.8s"
"taki/gacha_df3_01","1","PARAM_HAND_R_02_001","已声明","1","0","0","0","0","",""
"taki/gacha_df3_01","1","PARAM_HAND_R_03_001","已声明","1","0","0","0","0","",""
"taki/gacha_df3_01","1","PARAM_HAND_R_04_001","已声明","1","0","0","0","0","",""
"taki/gacha_df3_01","1","PARAM_HAND_R_05_001","已声明","1","0","0","0","0","",""
"taki/gacha_df3_01","1","PARAM_HAND_R_06_001","已声明","1","0","0","0","0","",""
"taki/gacha_df3_01","1","PARAM_HAND_R_09_001","已声明","1","0","0","0","0","",""
"taki/gacha_e240_01","1","PARAM_HAND_L_01_001","已声明","1","1","1","1","1","0–5.467s","0–5.467s"
"taki/gacha_e240_01","1","PARAM_HAND_L_02_001","已声明","1","0","0","0","0","",""
"taki/gacha_e240_01","1","PARAM_HAND_L_03_001","已声明","1","0","0","0","0","",""
"taki/gacha_e240_01","1","PARAM_HAND_L_04_001","已声明","1","0","0","0","0","",""
"taki/gacha_e240_01","1","PARAM_HAND_L_05_001","已声明","1","0","0","0","0","",""
"taki/gacha_e240_01","1","PARAM_HAND_L_06_001","已声明","1","0","0","0","0","",""
"taki/gacha_e240_01","1","PARAM_HAND_L_07_001","已声明","1","0","0","0","0","",""
"taki/gacha_e240_01","1","PARAM_HAND_R_01_001","已声明","1","0","0","0","0","",""
"taki/gacha_e240_01","1","PARAM_HAND_R_02_001","已声明","1","1","1","1","1","0–5.467s","0–5.467s"
"taki/gacha_e240_01","1","PARAM_HAND_R_03_001","已声明","1","0","0","0","0","",""
"taki/gacha_e240_01","1","PARAM_HAND_R_04_001","已声明","1","0","0","0","0","",""
"taki/gacha_e240_01","1","PARAM_HAND_R_05_001","已声明","1","0","0","0","0","",""
"taki/gacha_e240_01","1","PARAM_HAND_R_06_001","已声明","1","0","0","0","0","",""
"taki/gacha_e240_01","1","PARAM_HAND_R_09_001","已声明","1","0","0","0","0","",""
"taki/gacha_e277_01","1","PARAM_HAND_L_01_001","已声明","1","1","1","1","1","0–3.8s","0–3.8s"
"taki/gacha_e277_01","1","PARAM_HAND_L_02_001","已声明","1","0","0","0","0","",""
"taki/gacha_e277_01","1","PARAM_HAND_L_03_001","已声明","1","0","0","0","0","",""
"taki/gacha_e277_01","1","PARAM_HAND_L_04_001","已声明","1","0","0","0","0","",""
"taki/gacha_e277_01","1","PARAM_HAND_L_05_001","已声明","1","0","0","0","0","",""
"taki/gacha_e277_01","1","PARAM_HAND_L_06_001","已声明","1","0","0","0","0","",""
"taki/gacha_e277_01","1","PARAM_HAND_L_07_001","已声明","1","0","0","0","0","",""
"taki/gacha_e277_01","1","PARAM_HAND_R_01_001","已声明","1","1","1","1","1","0–3.8s","0–3.8s"
"taki/gacha_e277_01","1","PARAM_HAND_R_02_001","已声明","1","0","0","0","0","",""
"taki/gacha_e277_01","1","PARAM_HAND_R_03_001","已声明","1","0","0","0","0","",""
"taki/gacha_e277_01","1","PARAM_HAND_R_04_001","已声明","1","0","0","0","0","",""
"taki/gacha_e277_01","1","PARAM_HAND_R_05_001","已声明","1","0","0","0","0","",""
"taki/gacha_e277_01","1","PARAM_HAND_R_06_001","已声明","1","0","0","0","0","",""
"taki/gacha_e277_01","1","PARAM_HAND_R_09_001","已声明","1","0","0","0","0","",""
"taki/gacha_e297_01","1","PARAM_HAND_L_01_001","已声明","286","0","1","1","0","0–0.467s","0–0.367s"
"taki/gacha_e297_01","1","PARAM_HAND_L_02_001","已声明","286","0","1","0","1","4.767–9.5s","4.833–9.5s"
"taki/gacha_e297_01","1","PARAM_HAND_L_03_001","已声明","1","0","0","0","0","",""
"taki/gacha_e297_01","1","PARAM_HAND_L_04_001","已声明","1","0","0","0","0","",""
"taki/gacha_e297_01","1","PARAM_HAND_L_05_001","已声明","286","0","1","0","0","0.333–4.833s","0.433–4.767s"
"taki/gacha_e297_01","1","PARAM_HAND_L_06_001","已声明","1","0","0","0","0","",""
"taki/gacha_e297_01","1","PARAM_HAND_L_07_001","已声明","1","0","0","0","0","",""
"taki/gacha_e297_01","1","PARAM_HAND_R_01_001","已声明","286","0","1","1","1","0–0.467s; 4.567–9.5s","0–0.367s; 4.567–9.5s"
"taki/gacha_e297_01","1","PARAM_HAND_R_02_001","已声明","1","0","0","0","0","",""
"taki/gacha_e297_01","1","PARAM_HAND_R_03_001","已声明","1","0","0","0","0","",""
"taki/gacha_e297_01","1","PARAM_HAND_R_04_001","已声明","1","0","0","0","0","",""
"taki/gacha_e297_01","1","PARAM_HAND_R_05_001","已声明","286","0","1","0","0","4.333–4.567s","4.367–4.533s"
"taki/gacha_e297_01","1","PARAM_HAND_R_06_001","已声明","1","0","0","0","0","",""
"taki/gacha_e297_01","1","PARAM_HAND_R_09_001","已声明","286","0","1","0","0","0.333–4.367s","0.433–4.333s"
"taki/idle01","1","PARAM_HAND_L_01_001","已声明","1","0","0","0","0","",""
"taki/idle01","1","PARAM_HAND_L_02_001","已声明","1","0","0","0","0","",""
"taki/idle01","1","PARAM_HAND_L_03_001","已声明","1","0","0","0","0","",""
"taki/idle01","1","PARAM_HAND_L_04_001","已声明","1","0","0","0","0","",""
"taki/idle01","1","PARAM_HAND_L_05_001","已声明","1","0","0","0","0","",""
"taki/idle01","1","PARAM_HAND_L_06_001","已声明","1","0","0","0","0","",""
"taki/idle01","1","PARAM_HAND_L_07_001","已声明","1","1","1","1","1","0–8.7s","0–8.7s"
"taki/idle01","1","PARAM_HAND_R_01_001","已声明","1","0","0","0","0","",""
"taki/idle01","1","PARAM_HAND_R_02_001","已声明","1","0","0","0","0","",""
"taki/idle01","1","PARAM_HAND_R_03_001","已声明","1","0","0","0","0","",""
"taki/idle01","1","PARAM_HAND_R_04_001","已声明","1","0","0","0","0","",""
"taki/idle01","1","PARAM_HAND_R_05_001","已声明","1","0","0","0","0","",""
"taki/idle01","1","PARAM_HAND_R_06_001","已声明","1","0","0","0","0","",""
"taki/idle01","1","PARAM_HAND_R_09_001","已声明","1","1","1","1","1","0–8.7s","0–8.7s"
"taki/kandou01","1","PARAM_HAND_L_01_001","已声明","1","1","1","1","1","0–8.3s","0–8.3s"
"taki/kandou01","1","PARAM_HAND_L_02_001","已声明","1","0","0","0","0","",""
"taki/kandou01","1","PARAM_HAND_L_03_001","已声明","1","0","0","0","0","",""
"taki/kandou01","1","PARAM_HAND_L_04_001","已声明","1","0","0","0","0","",""
"taki/kandou01","1","PARAM_HAND_L_05_001","已声明","1","0","0","0","0","",""
"taki/kandou01","1","PARAM_HAND_L_06_001","已声明","1","0","0","0","0","",""
"taki/kandou01","1","PARAM_HAND_L_07_001","已声明","1","0","0","0","0","",""
"taki/kandou01","1","PARAM_HAND_R_01_001","已声明","1","0","0","0","0","",""
"taki/kandou01","1","PARAM_HAND_R_02_001","已声明","1","0","0","0","0","",""
"taki/kandou01","1","PARAM_HAND_R_03_001","已声明","1","0","0","0","0","",""
"taki/kandou01","1","PARAM_HAND_R_04_001","已声明","1","0","0","0","0","",""
"taki/kandou01","1","PARAM_HAND_R_05_001","已声明","250","0","1","0","1","1.267–8.3s","1.367–8.3s"
"taki/kandou01","1","PARAM_HAND_R_06_001","已声明","1","0","0","0","0","",""
"taki/kandou01","1","PARAM_HAND_R_09_001","已声明","250","0","1","1","0","0–1.433s","0–1.333s"
"taki/kime01","1","PARAM_HAND_L_01_001","已声明","1","1","1","1","1","0–5.467s","0–5.467s"
"taki/kime01","1","PARAM_HAND_L_02_001","已声明","1","0","0","0","0","",""
"taki/kime01","1","PARAM_HAND_L_03_001","已声明","1","0","0","0","0","",""
"taki/kime01","1","PARAM_HAND_L_04_001","已声明","1","0","0","0","0","",""
"taki/kime01","1","PARAM_HAND_L_05_001","已声明","1","0","0","0","0","",""
"taki/kime01","1","PARAM_HAND_L_06_001","已声明","1","0","0","0","0","",""
"taki/kime01","1","PARAM_HAND_L_07_001","已声明","1","0","0","0","0","",""
"taki/kime01","1","PARAM_HAND_R_01_001","已声明","1","0","0","0","0","",""
"taki/kime01","1","PARAM_HAND_R_02_001","已声明","1","1","1","1","1","0–5.467s","0–5.467s"
"taki/kime01","1","PARAM_HAND_R_03_001","已声明","1","0","0","0","0","",""
"taki/kime01","1","PARAM_HAND_R_04_001","已声明","1","0","0","0","0","",""
"taki/kime01","1","PARAM_HAND_R_05_001","已声明","1","0","0","0","0","",""
"taki/kime01","1","PARAM_HAND_R_06_001","已声明","1","0","0","0","0","",""
"taki/kime01","1","PARAM_HAND_R_09_001","已声明","1","0","0","0","0","",""
"taki/nf_left01","1","PARAM_HAND_L_01_001","已声明","1","0","0","0","0","",""
"taki/nf_left01","1","PARAM_HAND_L_02_001","已声明","1","0","0","0","0","",""
"taki/nf_left01","1","PARAM_HAND_L_03_001","已声明","1","0","0","0","0","",""
"taki/nf_left01","1","PARAM_HAND_L_04_001","已声明","1","0","0","0","0","",""
"taki/nf_left01","1","PARAM_HAND_L_05_001","已声明","1","0","0","0","0","",""
"taki/nf_left01","1","PARAM_HAND_L_06_001","已声明","1","0","0","0","0","",""
"taki/nf_left01","1","PARAM_HAND_L_07_001","已声明","1","1","1","1","1","0–5.967s","0–5.967s"
"taki/nf_left01","1","PARAM_HAND_R_01_001","已声明","1","1","1","1","1","0–5.967s","0–5.967s"
"taki/nf_left01","1","PARAM_HAND_R_02_001","已声明","1","0","0","0","0","",""
"taki/nf_left01","1","PARAM_HAND_R_03_001","已声明","1","0","0","0","0","",""
"taki/nf_left01","1","PARAM_HAND_R_04_001","已声明","1","0","0","0","0","",""
"taki/nf_left01","1","PARAM_HAND_R_05_001","已声明","1","0","0","0","0","",""
"taki/nf_left01","1","PARAM_HAND_R_06_001","已声明","1","0","0","0","0","",""
"taki/nf_left01","1","PARAM_HAND_R_09_001","已声明","1","0","0","0","0","",""
"taki/nf_right01","1","PARAM_HAND_L_01_001","已声明","1","0","0","0","0","",""
"taki/nf_right01","1","PARAM_HAND_L_02_001","已声明","1","0","0","0","0","",""
"taki/nf_right01","1","PARAM_HAND_L_03_001","已声明","1","0","0","0","0","",""
"taki/nf_right01","1","PARAM_HAND_L_04_001","已声明","1","0","0","0","0","",""
"taki/nf_right01","1","PARAM_HAND_L_05_001","已声明","1","0","0","0","0","",""
"taki/nf_right01","1","PARAM_HAND_L_06_001","已声明","1","0","0","0","0","",""
"taki/nf_right01","1","PARAM_HAND_L_07_001","已声明","1","1","1","1","1","0–4.3s","0–4.3s"
"taki/nf_right01","1","PARAM_HAND_R_01_001","已声明","1","0","0","0","0","",""
"taki/nf_right01","1","PARAM_HAND_R_02_001","已声明","1","0","0","0","0","",""
"taki/nf_right01","1","PARAM_HAND_R_03_001","已声明","1","0","0","0","0","",""
"taki/nf_right01","1","PARAM_HAND_R_04_001","已声明","1","0","0","0","0","",""
"taki/nf_right01","1","PARAM_HAND_R_05_001","已声明","1","0","0","0","0","",""
"taki/nf_right01","1","PARAM_HAND_R_06_001","已声明","1","0","0","0","0","",""
"taki/nf_right01","1","PARAM_HAND_R_09_001","已声明","1","1","1","1","1","0–4.3s","0–4.3s"
"taki/nf01","1","PARAM_HAND_L_01_001","已声明","1","1","1","1","1","0–4.467s","0–4.467s"
"taki/nf01","1","PARAM_HAND_L_02_001","已声明","1","0","0","0","0","",""
"taki/nf01","1","PARAM_HAND_L_03_001","已声明","1","0","0","0","0","",""
"taki/nf01","1","PARAM_HAND_L_04_001","已声明","1","0","0","0","0","",""
"taki/nf01","1","PARAM_HAND_L_05_001","已声明","1","0","0","0","0","",""
"taki/nf01","1","PARAM_HAND_L_06_001","已声明","1","0","0","0","0","",""
"taki/nf01","1","PARAM_HAND_L_07_001","已声明","1","0","0","0","0","",""
"taki/nf01","1","PARAM_HAND_R_01_001","已声明","1","1","1","1","1","0–4.467s","0–4.467s"
"taki/nf01","1","PARAM_HAND_R_02_001","已声明","1","0","0","0","0","",""
"taki/nf01","1","PARAM_HAND_R_03_001","已声明","1","0","0","0","0","",""
"taki/nf01","1","PARAM_HAND_R_04_001","已声明","1","0","0","0","0","",""
"taki/nf01","1","PARAM_HAND_R_05_001","已声明","1","0","0","0","0","",""
"taki/nf01","1","PARAM_HAND_R_06_001","已声明","1","0","0","0","0","",""
"taki/nf01","1","PARAM_HAND_R_09_001","已声明","1","0","0","0","0","",""
"taki/nf02","1","PARAM_HAND_L_01_001","已声明","288","0","1","1","0","0–4.833s","0–4.767s"
"taki/nf02","1","PARAM_HAND_L_02_001","已声明","288","0","1","0","1","4.733–9.567s","4.8–9.567s"
"taki/nf02","1","PARAM_HAND_L_03_001","已声明","1","0","0","0","0","",""
"taki/nf02","1","PARAM_HAND_L_04_001","已声明","1","0","0","0","0","",""
"taki/nf02","1","PARAM_HAND_L_05_001","已声明","1","0","0","0","0","",""
"taki/nf02","1","PARAM_HAND_L_06_001","已声明","1","0","0","0","0","",""
"taki/nf02","1","PARAM_HAND_L_07_001","已声明","1","0","0","0","0","",""
"taki/nf02","1","PARAM_HAND_R_01_001","已声明","1","0","0","0","0","",""
"taki/nf02","1","PARAM_HAND_R_02_001","已声明","288","0","1","0","1","4.833–9.567s","4.867–9.567s"
"taki/nf02","1","PARAM_HAND_R_03_001","已声明","1","0","0","0","0","",""
"taki/nf02","1","PARAM_HAND_R_04_001","已声明","1","0","0","0","0","",""
"taki/nf02","1","PARAM_HAND_R_05_001","已声明","288","0","1","1","0","0–4.9s","0–4.833s"
"taki/nf02","1","PARAM_HAND_R_06_001","已声明","1","0","0","0","0","",""
"taki/nf02","1","PARAM_HAND_R_09_001","已声明","1","0","0","0","0","",""
"taki/nf02_ingameV2","1","PARAM_HAND_L_01_001","已声明","1","1","1","1","1","0–3.967s","0–3.967s"
"taki/nf02_ingameV2","1","PARAM_HAND_L_02_001","已声明","1","0","0","0","0","",""
"taki/nf02_ingameV2","1","PARAM_HAND_L_03_001","已声明","1","0","0","0","0","",""
"taki/nf02_ingameV2","1","PARAM_HAND_L_04_001","已声明","1","0","0","0","0","",""
"taki/nf02_ingameV2","1","PARAM_HAND_L_05_001","已声明","1","0","0","0","0","",""
"taki/nf02_ingameV2","1","PARAM_HAND_L_06_001","已声明","1","0","0","0","0","",""
"taki/nf02_ingameV2","1","PARAM_HAND_L_07_001","已声明","1","0","0","0","0","",""
"taki/nf02_ingameV2","1","PARAM_HAND_R_01_001","已声明","1","0","0","0","0","",""
"taki/nf02_ingameV2","1","PARAM_HAND_R_02_001","已声明","1","0","0","0","0","",""
"taki/nf02_ingameV2","1","PARAM_HAND_R_03_001","已声明","1","0","0","0","0","",""
"taki/nf02_ingameV2","1","PARAM_HAND_R_04_001","已声明","1","0","0","0","0","",""
"taki/nf02_ingameV2","1","PARAM_HAND_R_05_001","已声明","1","0","0","0","0","",""
"taki/nf02_ingameV2","1","PARAM_HAND_R_06_001","已声明","1","0","0","0","0","",""
"taki/nf02_ingameV2","1","PARAM_HAND_R_09_001","已声明","1","1","1","1","1","0–3.967s","0–3.967s"
"taki/nf03","1","PARAM_HAND_L_01_001","已声明","1","0","0","0","0","",""
"taki/nf03","1","PARAM_HAND_L_02_001","已声明","1","0","0","0","0","",""
"taki/nf03","1","PARAM_HAND_L_03_001","已声明","1","0","0","0","0","",""
"taki/nf03","1","PARAM_HAND_L_04_001","已声明","1","0","0","0","0","",""
"taki/nf03","1","PARAM_HAND_L_05_001","已声明","1","0","0","0","0","",""
"taki/nf03","1","PARAM_HAND_L_06_001","已声明","1","0","0","0","0","",""
"taki/nf03","1","PARAM_HAND_L_07_001","已声明","1","1","1","1","1","0–4.633s","0–4.633s"
"taki/nf03","1","PARAM_HAND_R_01_001","已声明","1","0","0","0","0","",""
"taki/nf03","1","PARAM_HAND_R_02_001","已声明","1","0","0","0","0","",""
"taki/nf03","1","PARAM_HAND_R_03_001","已声明","1","0","0","0","0","",""
"taki/nf03","1","PARAM_HAND_R_04_001","已声明","1","0","0","0","0","",""
"taki/nf03","1","PARAM_HAND_R_05_001","已声明","1","0","0","0","0","",""
"taki/nf03","1","PARAM_HAND_R_06_001","已声明","1","0","0","0","0","",""
"taki/nf03","1","PARAM_HAND_R_09_001","已声明","1","1","1","1","1","0–4.633s","0–4.633s"
"taki/nf04","1","PARAM_HAND_L_01_001","已声明","286","0","1","1","0","0–0.467s","0–0.367s"
"taki/nf04","1","PARAM_HAND_L_02_001","已声明","286","0","1","0","1","4.767–9.5s","4.833–9.5s"
"taki/nf04","1","PARAM_HAND_L_03_001","已声明","1","0","0","0","0","",""
"taki/nf04","1","PARAM_HAND_L_04_001","已声明","1","0","0","0","0","",""
"taki/nf04","1","PARAM_HAND_L_05_001","已声明","286","0","1","0","0","0.333–4.833s","0.433–4.767s"
"taki/nf04","1","PARAM_HAND_L_06_001","已声明","1","0","0","0","0","",""
"taki/nf04","1","PARAM_HAND_L_07_001","已声明","1","0","0","0","0","",""
"taki/nf04","1","PARAM_HAND_R_01_001","已声明","286","0","1","1","1","0–0.467s; 4.567–9.5s","0–0.367s; 4.567–9.5s"
"taki/nf04","1","PARAM_HAND_R_02_001","已声明","1","0","0","0","0","",""
"taki/nf04","1","PARAM_HAND_R_03_001","已声明","1","0","0","0","0","",""
"taki/nf04","1","PARAM_HAND_R_04_001","已声明","1","0","0","0","0","",""
"taki/nf04","1","PARAM_HAND_R_05_001","已声明","286","0","1","0","0","4.333–4.567s","4.367–4.533s"
"taki/nf04","1","PARAM_HAND_R_06_001","已声明","1","0","0","0","0","",""
"taki/nf04","1","PARAM_HAND_R_09_001","已声明","286","0","1","0","0","0.333–4.367s","0.433–4.333s"
"taki/nf04_ingameV2","1","PARAM_HAND_L_01_001","已声明","1","0","0","0","0","",""
"taki/nf04_ingameV2","1","PARAM_HAND_L_02_001","已声明","1","1","1","1","1","0–4.967s","0–4.967s"
"taki/nf04_ingameV2","1","PARAM_HAND_L_03_001","已声明","1","0","0","0","0","",""
"taki/nf04_ingameV2","1","PARAM_HAND_L_04_001","已声明","1","0","0","0","0","",""
"taki/nf04_ingameV2","1","PARAM_HAND_L_05_001","已声明","1","0","0","0","0","",""
"taki/nf04_ingameV2","1","PARAM_HAND_L_06_001","已声明","1","0","0","0","0","",""
"taki/nf04_ingameV2","1","PARAM_HAND_L_07_001","已声明","1","0","0","0","0","",""
"taki/nf04_ingameV2","1","PARAM_HAND_R_01_001","已声明","1","1","1","1","1","0–4.967s","0–4.967s"
"taki/nf04_ingameV2","1","PARAM_HAND_R_02_001","已声明","1","0","0","0","0","",""
"taki/nf04_ingameV2","1","PARAM_HAND_R_03_001","已声明","1","0","0","0","0","",""
"taki/nf04_ingameV2","1","PARAM_HAND_R_04_001","已声明","1","0","0","0","0","",""
"taki/nf04_ingameV2","1","PARAM_HAND_R_05_001","已声明","1","0","0","0","0","",""
"taki/nf04_ingameV2","1","PARAM_HAND_R_06_001","已声明","1","0","0","0","0","",""
"taki/nf04_ingameV2","1","PARAM_HAND_R_09_001","已声明","1","0","0","0","0","",""
"taki/nf05","1","PARAM_HAND_L_01_001","已声明","1","0","0","0","0","",""
"taki/nf05","1","PARAM_HAND_L_02_001","已声明","1","0","0","0","0","",""
"taki/nf05","1","PARAM_HAND_L_03_001","已声明","1","0","0","0","0","",""
"taki/nf05","1","PARAM_HAND_L_04_001","已声明","1","0","0","0","0","",""
"taki/nf05","1","PARAM_HAND_L_05_001","已声明","1","0","0","0","0","",""
"taki/nf05","1","PARAM_HAND_L_06_001","已声明","1","0","0","0","0","",""
"taki/nf05","1","PARAM_HAND_L_07_001","已声明","1","1","1","1","1","0–4.967s","0–4.967s"
"taki/nf05","1","PARAM_HAND_R_01_001","已声明","1","0","0","0","0","",""
"taki/nf05","1","PARAM_HAND_R_02_001","已声明","1","0","0","0","0","",""
"taki/nf05","1","PARAM_HAND_R_03_001","已声明","1","0","0","0","0","",""
"taki/nf05","1","PARAM_HAND_R_04_001","已声明","1","0","0","0","0","",""
"taki/nf05","1","PARAM_HAND_R_05_001","已声明","1","0","0","0","0","",""
"taki/nf05","1","PARAM_HAND_R_06_001","已声明","1","0","0","0","0","",""
"taki/nf05","1","PARAM_HAND_R_09_001","已声明","1","1","1","1","1","0–4.967s","0–4.967s"
"taki/pui01","1","PARAM_HAND_L_01_001","已声明","1","0","0","0","0","",""
"taki/pui01","1","PARAM_HAND_L_02_001","已声明","1","0","0","0","0","",""
"taki/pui01","1","PARAM_HAND_L_03_001","已声明","1","0","0","0","0","",""
"taki/pui01","1","PARAM_HAND_L_04_001","已声明","1","0","0","0","0","",""
"taki/pui01","1","PARAM_HAND_L_05_001","已声明","1","0","0","0","0","",""
"taki/pui01","1","PARAM_HAND_L_06_001","已声明","1","0","0","0","0","",""
"taki/pui01","1","PARAM_HAND_L_07_001","已声明","1","1","1","1","1","0–3.633s","0–3.633s"
"taki/pui01","1","PARAM_HAND_R_01_001","已声明","1","0","0","0","0","",""
"taki/pui01","1","PARAM_HAND_R_02_001","已声明","1","0","0","0","0","",""
"taki/pui01","1","PARAM_HAND_R_03_001","已声明","1","0","0","0","0","",""
"taki/pui01","1","PARAM_HAND_R_04_001","已声明","1","0","0","0","0","",""
"taki/pui01","1","PARAM_HAND_R_05_001","已声明","1","0","0","0","0","",""
"taki/pui01","1","PARAM_HAND_R_06_001","已声明","1","0","0","0","0","",""
"taki/pui01","1","PARAM_HAND_R_09_001","已声明","1","1","1","1","1","0–3.633s","0–3.633s"
"taki/sad01","1","PARAM_HAND_L_01_001","已声明","1","1","1","1","1","0–4.3s","0–4.3s"
"taki/sad01","1","PARAM_HAND_L_02_001","已声明","1","0","0","0","0","",""
"taki/sad01","1","PARAM_HAND_L_03_001","已声明","1","0","0","0","0","",""
"taki/sad01","1","PARAM_HAND_L_04_001","已声明","1","0","0","0","0","",""
"taki/sad01","1","PARAM_HAND_L_05_001","已声明","1","0","0","0","0","",""
"taki/sad01","1","PARAM_HAND_L_06_001","已声明","1","0","0","0","0","",""
"taki/sad01","1","PARAM_HAND_L_07_001","已声明","1","0","0","0","0","",""
"taki/sad01","1","PARAM_HAND_R_01_001","已声明","1","1","1","1","1","0–4.3s","0–4.3s"
"taki/sad01","1","PARAM_HAND_R_02_001","已声明","1","0","0","0","0","",""
"taki/sad01","1","PARAM_HAND_R_03_001","已声明","1","0","0","0","0","",""
"taki/sad01","1","PARAM_HAND_R_04_001","已声明","1","0","0","0","0","",""
"taki/sad01","1","PARAM_HAND_R_05_001","已声明","1","0","0","0","0","",""
"taki/sad01","1","PARAM_HAND_R_06_001","已声明","1","0","0","0","0","",""
"taki/sad01","1","PARAM_HAND_R_09_001","已声明","1","0","0","0","0","",""
"taki/sad02","1","PARAM_HAND_L_01_001","已声明","1","1","1","1","1","0–5.3s","0–5.3s"
"taki/sad02","1","PARAM_HAND_L_02_001","已声明","1","0","0","0","0","",""
"taki/sad02","1","PARAM_HAND_L_03_001","已声明","1","0","0","0","0","",""
"taki/sad02","1","PARAM_HAND_L_04_001","已声明","1","0","0","0","0","",""
"taki/sad02","1","PARAM_HAND_L_05_001","已声明","1","0","0","0","0","",""
"taki/sad02","1","PARAM_HAND_L_06_001","已声明","1","0","0","0","0","",""
"taki/sad02","1","PARAM_HAND_L_07_001","已声明","1","0","0","0","0","",""
"taki/sad02","1","PARAM_HAND_R_01_001","已声明","1","1","1","1","1","0–5.3s","0–5.3s"
"taki/sad02","1","PARAM_HAND_R_02_001","已声明","1","0","0","0","0","",""
"taki/sad02","1","PARAM_HAND_R_03_001","已声明","1","0","0","0","0","",""
"taki/sad02","1","PARAM_HAND_R_04_001","已声明","1","0","0","0","0","",""
"taki/sad02","1","PARAM_HAND_R_05_001","已声明","1","0","0","0","0","",""
"taki/sad02","1","PARAM_HAND_R_06_001","已声明","1","0","0","0","0","",""
"taki/sad02","1","PARAM_HAND_R_09_001","已声明","1","0","0","0","0","",""
"taki/sad03","1","PARAM_HAND_L_01_001","已声明","1","1","1","1","1","0–6.8s","0–6.8s"
"taki/sad03","1","PARAM_HAND_L_02_001","已声明","1","0","0","0","0","",""
"taki/sad03","1","PARAM_HAND_L_03_001","已声明","1","0","0","0","0","",""
"taki/sad03","1","PARAM_HAND_L_04_001","已声明","1","0","0","0","0","",""
"taki/sad03","1","PARAM_HAND_L_05_001","已声明","1","0","0","0","0","",""
"taki/sad03","1","PARAM_HAND_L_06_001","已声明","1","0","0","0","0","",""
"taki/sad03","1","PARAM_HAND_L_07_001","已声明","1","0","0","0","0","",""
"taki/sad03","1","PARAM_HAND_R_01_001","已声明","205","0","1","1","0","0–0.7s","0–0.633s"
"taki/sad03","1","PARAM_HAND_R_02_001","已声明","1","0","0","0","0","",""
"taki/sad03","1","PARAM_HAND_R_03_001","已声明","1","0","0","0","0","",""
"taki/sad03","1","PARAM_HAND_R_04_001","已声明","1","0","0","0","0","",""
"taki/sad03","1","PARAM_HAND_R_05_001","已声明","205","0","1","0","0","0.6–2.733s","0.667–2.633s"
"taki/sad03","1","PARAM_HAND_R_06_001","已声明","1","0","0","0","0","",""
"taki/sad03","1","PARAM_HAND_R_09_001","已声明","205","0","1","0","1","2.567–6.8s","2.667–6.8s"
"taki/serious01","1","PARAM_HAND_L_01_001","已声明","154","0","1","1","0","0–1.2s","0–1.1s"
"taki/serious01","1","PARAM_HAND_L_02_001","已声明","1","0","0","0","0","",""
"taki/serious01","1","PARAM_HAND_L_03_001","已声明","1","0","0","0","0","",""
"taki/serious01","1","PARAM_HAND_L_04_001","已声明","1","0","0","0","0","",""
"taki/serious01","1","PARAM_HAND_L_05_001","已声明","154","0","1","0","1","1.067–5.1s","1.167–5.1s"
"taki/serious01","1","PARAM_HAND_L_06_001","已声明","1","0","0","0","0","",""
"taki/serious01","1","PARAM_HAND_L_07_001","已声明","1","0","0","0","0","",""
"taki/serious01","1","PARAM_HAND_R_01_001","已声明","1","0","0","0","0","",""
"taki/serious01","1","PARAM_HAND_R_02_001","已声明","1","0","0","0","0","",""
"taki/serious01","1","PARAM_HAND_R_03_001","已声明","1","0","0","0","0","",""
"taki/serious01","1","PARAM_HAND_R_04_001","已声明","1","0","0","0","0","",""
"taki/serious01","1","PARAM_HAND_R_05_001","已声明","154","0","1","0","1","0.967–5.1s","1.067–5.1s"
"taki/serious01","1","PARAM_HAND_R_06_001","已声明","1","0","0","0","0","",""
"taki/serious01","1","PARAM_HAND_R_09_001","已声明","154","0","1","1","0","0–1.133s","0–1.033s"
"taki/serious02","1","PARAM_HAND_L_01_001","已声明","1","0","0","0","0","",""
"taki/serious02","1","PARAM_HAND_L_02_001","已声明","1","0","0","0","0","",""
"taki/serious02","1","PARAM_HAND_L_03_001","已声明","1","0","0","0","0","",""
"taki/serious02","1","PARAM_HAND_L_04_001","已声明","1","0","0","0","0","",""
"taki/serious02","1","PARAM_HAND_L_05_001","已声明","196","0","1","0","1","0.833–6.5s","0.933–6.5s"
"taki/serious02","1","PARAM_HAND_L_06_001","已声明","1","0","0","0","0","",""
"taki/serious02","1","PARAM_HAND_L_07_001","已声明","196","0","1","1","0","0–0.967s","0–0.867s"
"taki/serious02","1","PARAM_HAND_R_01_001","已声明","1","1","1","1","1","0–6.5s","0–6.5s"
"taki/serious02","1","PARAM_HAND_R_02_001","已声明","1","0","0","0","0","",""
"taki/serious02","1","PARAM_HAND_R_03_001","已声明","1","0","0","0","0","",""
"taki/serious02","1","PARAM_HAND_R_04_001","已声明","1","0","0","0","0","",""
"taki/serious02","1","PARAM_HAND_R_05_001","已声明","1","0","0","0","0","",""
"taki/serious02","1","PARAM_HAND_R_06_001","已声明","1","0","0","0","0","",""
"taki/serious02","1","PARAM_HAND_R_09_001","已声明","1","0","0","0","0","",""
"taki/shame01","1","PARAM_HAND_L_01_001","已声明","1","1","1","1","1","0–4.133s","0–4.133s"
"taki/shame01","1","PARAM_HAND_L_02_001","已声明","1","0","0","0","0","",""
"taki/shame01","1","PARAM_HAND_L_03_001","已声明","1","0","0","0","0","",""
"taki/shame01","1","PARAM_HAND_L_04_001","已声明","1","0","0","0","0","",""
"taki/shame01","1","PARAM_HAND_L_05_001","已声明","1","0","0","0","0","",""
"taki/shame01","1","PARAM_HAND_L_06_001","已声明","1","0","0","0","0","",""
"taki/shame01","1","PARAM_HAND_L_07_001","已声明","1","0","0","0","0","",""
"taki/shame01","1","PARAM_HAND_R_01_001","已声明","1","1","1","1","1","0–4.133s","0–4.133s"
"taki/shame01","1","PARAM_HAND_R_02_001","已声明","1","0","0","0","0","",""
"taki/shame01","1","PARAM_HAND_R_03_001","已声明","1","0","0","0","0","",""
"taki/shame01","1","PARAM_HAND_R_04_001","已声明","1","0","0","0","0","",""
"taki/shame01","1","PARAM_HAND_R_05_001","已声明","1","0","0","0","0","",""
"taki/shame01","1","PARAM_HAND_R_06_001","已声明","1","0","0","0","0","",""
"taki/shame01","1","PARAM_HAND_R_09_001","已声明","1","0","0","0","0","",""
"taki/shame02","1","PARAM_HAND_L_01_001","已声明","1","1","1","1","1","0–6.133s","0–6.133s"
"taki/shame02","1","PARAM_HAND_L_02_001","已声明","1","0","0","0","0","",""
"taki/shame02","1","PARAM_HAND_L_03_001","已声明","1","0","0","0","0","",""
"taki/shame02","1","PARAM_HAND_L_04_001","已声明","1","0","0","0","0","",""
"taki/shame02","1","PARAM_HAND_L_05_001","已声明","1","0","0","0","0","",""
"taki/shame02","1","PARAM_HAND_L_06_001","已声明","1","0","0","0","0","",""
"taki/shame02","1","PARAM_HAND_L_07_001","已声明","1","0","0","0","0","",""
"taki/shame02","1","PARAM_HAND_R_01_001","已声明","1","0","0","0","0","",""
"taki/shame02","1","PARAM_HAND_R_02_001","已声明","1","0","0","0","0","",""
"taki/shame02","1","PARAM_HAND_R_03_001","已声明","1","0","0","0","0","",""
"taki/shame02","1","PARAM_HAND_R_04_001","已声明","1","0","0","0","0","",""
"taki/shame02","1","PARAM_HAND_R_05_001","已声明","1","0","0","0","0","",""
"taki/shame02","1","PARAM_HAND_R_06_001","已声明","1","0","0","0","0","",""
"taki/shame02","1","PARAM_HAND_R_09_001","已声明","1","1","1","1","1","0–6.133s","0–6.133s"
"taki/sigh01","1","PARAM_HAND_L_01_001","已声明","1","0","0","0","0","",""
"taki/sigh01","1","PARAM_HAND_L_02_001","已声明","1","1","1","1","1","0–4.3s","0–4.3s"
"taki/sigh01","1","PARAM_HAND_L_03_001","已声明","1","0","0","0","0","",""
"taki/sigh01","1","PARAM_HAND_L_04_001","已声明","1","0","0","0","0","",""
"taki/sigh01","1","PARAM_HAND_L_05_001","已声明","1","0","0","0","0","",""
"taki/sigh01","1","PARAM_HAND_L_06_001","已声明","1","0","0","0","0","",""
"taki/sigh01","1","PARAM_HAND_L_07_001","已声明","1","0","0","0","0","",""
"taki/sigh01","1","PARAM_HAND_R_01_001","已声明","1","0","0","0","0","",""
"taki/sigh01","1","PARAM_HAND_R_02_001","已声明","1","1","1","1","1","0–4.3s","0–4.3s"
"taki/sigh01","1","PARAM_HAND_R_03_001","已声明","1","0","0","0","0","",""
"taki/sigh01","1","PARAM_HAND_R_04_001","已声明","1","0","0","0","0","",""
"taki/sigh01","1","PARAM_HAND_R_05_001","已声明","1","0","0","0","0","",""
"taki/sigh01","1","PARAM_HAND_R_06_001","已声明","1","0","0","0","0","",""
"taki/sigh01","1","PARAM_HAND_R_09_001","已声明","1","0","0","0","0","",""
"taki/sigh02","1","PARAM_HAND_L_01_001","已声明","1","0","0","0","0","",""
"taki/sigh02","1","PARAM_HAND_L_02_001","已声明","1","0","0","0","0","",""
"taki/sigh02","1","PARAM_HAND_L_03_001","已声明","1","0","0","0","0","",""
"taki/sigh02","1","PARAM_HAND_L_04_001","已声明","1","0","0","0","0","",""
"taki/sigh02","1","PARAM_HAND_L_05_001","已声明","1","0","0","0","0","",""
"taki/sigh02","1","PARAM_HAND_L_06_001","已声明","1","0","0","0","0","",""
"taki/sigh02","1","PARAM_HAND_L_07_001","已声明","1","1","1","1","1","0–5.967s","0–5.967s"
"taki/sigh02","1","PARAM_HAND_R_01_001","已声明","1","1","1","1","1","0–5.967s","0–5.967s"
"taki/sigh02","1","PARAM_HAND_R_02_001","已声明","1","0","0","0","0","",""
"taki/sigh02","1","PARAM_HAND_R_03_001","已声明","1","0","0","0","0","",""
"taki/sigh02","1","PARAM_HAND_R_04_001","已声明","1","0","0","0","0","",""
"taki/sigh02","1","PARAM_HAND_R_05_001","已声明","1","0","0","0","0","",""
"taki/sigh02","1","PARAM_HAND_R_06_001","已声明","1","0","0","0","0","",""
"taki/sigh02","1","PARAM_HAND_R_09_001","已声明","1","0","0","0","0","",""
"taki/smile01","1","PARAM_HAND_L_01_001","已声明","1","1","1","1","1","0–3.8s","0–3.8s"
"taki/smile01","1","PARAM_HAND_L_02_001","已声明","1","0","0","0","0","",""
"taki/smile01","1","PARAM_HAND_L_03_001","已声明","1","0","0","0","0","",""
"taki/smile01","1","PARAM_HAND_L_04_001","已声明","1","0","0","0","0","",""
"taki/smile01","1","PARAM_HAND_L_05_001","已声明","1","0","0","0","0","",""
"taki/smile01","1","PARAM_HAND_L_06_001","已声明","1","0","0","0","0","",""
"taki/smile01","1","PARAM_HAND_L_07_001","已声明","1","0","0","0","0","",""
"taki/smile01","1","PARAM_HAND_R_01_001","已声明","1","1","1","1","1","0–3.8s","0–3.8s"
"taki/smile01","1","PARAM_HAND_R_02_001","已声明","1","0","0","0","0","",""
"taki/smile01","1","PARAM_HAND_R_03_001","已声明","1","0","0","0","0","",""
"taki/smile01","1","PARAM_HAND_R_04_001","已声明","1","0","0","0","0","",""
"taki/smile01","1","PARAM_HAND_R_05_001","已声明","1","0","0","0","0","",""
"taki/smile01","1","PARAM_HAND_R_06_001","已声明","1","0","0","0","0","",""
"taki/smile01","1","PARAM_HAND_R_09_001","已声明","1","0","0","0","0","",""
"taki/smile02","1","PARAM_HAND_L_01_001","已声明","1","1","1","1","1","0–4.233s","0–4.233s"
"taki/smile02","1","PARAM_HAND_L_02_001","已声明","1","0","0","0","0","",""
"taki/smile02","1","PARAM_HAND_L_03_001","已声明","1","0","0","0","0","",""
"taki/smile02","1","PARAM_HAND_L_04_001","已声明","1","0","0","0","0","",""
"taki/smile02","1","PARAM_HAND_L_05_001","已声明","1","0","0","0","0","",""
"taki/smile02","1","PARAM_HAND_L_06_001","已声明","1","0","0","0","0","",""
"taki/smile02","1","PARAM_HAND_L_07_001","已声明","1","0","0","0","0","",""
"taki/smile02","1","PARAM_HAND_R_01_001","已声明","1","0","0","0","0","",""
"taki/smile02","1","PARAM_HAND_R_02_001","已声明","1","1","1","1","1","0–4.233s","0–4.233s"
"taki/smile02","1","PARAM_HAND_R_03_001","已声明","1","0","0","0","0","",""
"taki/smile02","1","PARAM_HAND_R_04_001","已声明","1","0","0","0","0","",""
"taki/smile02","1","PARAM_HAND_R_05_001","已声明","1","0","0","0","0","",""
"taki/smile02","1","PARAM_HAND_R_06_001","已声明","1","0","0","0","0","",""
"taki/smile02","1","PARAM_HAND_R_09_001","已声明","1","0","0","0","0","",""
"taki/smile03","1","PARAM_HAND_L_01_001","已声明","1","0","0","0","0","",""
"taki/smile03","1","PARAM_HAND_L_02_001","已声明","1","1","1","1","1","0–4.967s","0–4.967s"
"taki/smile03","1","PARAM_HAND_L_03_001","已声明","1","0","0","0","0","",""
"taki/smile03","1","PARAM_HAND_L_04_001","已声明","1","0","0","0","0","",""
"taki/smile03","1","PARAM_HAND_L_05_001","已声明","1","0","0","0","0","",""
"taki/smile03","1","PARAM_HAND_L_06_001","已声明","1","0","0","0","0","",""
"taki/smile03","1","PARAM_HAND_L_07_001","已声明","1","0","0","0","0","",""
"taki/smile03","1","PARAM_HAND_R_01_001","已声明","1","1","1","1","1","0–4.967s","0–4.967s"
"taki/smile03","1","PARAM_HAND_R_02_001","已声明","1","0","0","0","0","",""
"taki/smile03","1","PARAM_HAND_R_03_001","已声明","1","0","0","0","0","",""
"taki/smile03","1","PARAM_HAND_R_04_001","已声明","1","0","0","0","0","",""
"taki/smile03","1","PARAM_HAND_R_05_001","已声明","1","0","0","0","0","",""
"taki/smile03","1","PARAM_HAND_R_06_001","已声明","1","0","0","0","0","",""
"taki/smile03","1","PARAM_HAND_R_09_001","已声明","1","0","0","0","0","",""
"taki/smile04","1","PARAM_HAND_L_01_001","已声明","1","0","0","0","0","",""
"taki/smile04","1","PARAM_HAND_L_02_001","已声明","1","0","0","0","0","",""
"taki/smile04","1","PARAM_HAND_L_03_001","已声明","1","0","0","0","0","",""
"taki/smile04","1","PARAM_HAND_L_04_001","已声明","1","0","0","0","0","",""
"taki/smile04","1","PARAM_HAND_L_05_001","已声明","1","0","0","0","0","",""
"taki/smile04","1","PARAM_HAND_L_06_001","已声明","1","0","0","0","0","",""
"taki/smile04","1","PARAM_HAND_L_07_001","已声明","1","1","1","1","1","0–4.467s","0–4.467s"
"taki/smile04","1","PARAM_HAND_R_01_001","已声明","1","0","0","0","0","",""
"taki/smile04","1","PARAM_HAND_R_02_001","已声明","1","0","0","0","0","",""
"taki/smile04","1","PARAM_HAND_R_03_001","已声明","1","0","0","0","0","",""
"taki/smile04","1","PARAM_HAND_R_04_001","已声明","1","0","0","0","0","",""
"taki/smile04","1","PARAM_HAND_R_05_001","已声明","1","0","0","0","0","",""
"taki/smile04","1","PARAM_HAND_R_06_001","已声明","1","0","0","0","0","",""
"taki/smile04","1","PARAM_HAND_R_09_001","已声明","1","1","1","1","1","0–4.467s","0–4.467s"
"taki/surprised01","1","PARAM_HAND_L_01_001","已声明","1","1","1","1","1","0–3.1s","0–3.1s"
"taki/surprised01","1","PARAM_HAND_L_02_001","已声明","1","0","0","0","0","",""
"taki/surprised01","1","PARAM_HAND_L_03_001","已声明","1","0","0","0","0","",""
"taki/surprised01","1","PARAM_HAND_L_04_001","已声明","1","0","0","0","0","",""
"taki/surprised01","1","PARAM_HAND_L_05_001","已声明","1","0","0","0","0","",""
"taki/surprised01","1","PARAM_HAND_L_06_001","已声明","1","0","0","0","0","",""
"taki/surprised01","1","PARAM_HAND_L_07_001","已声明","1","0","0","0","0","",""
"taki/surprised01","1","PARAM_HAND_R_01_001","已声明","1","1","1","1","1","0–3.1s","0–3.1s"
"taki/surprised01","1","PARAM_HAND_R_02_001","已声明","1","0","0","0","0","",""
"taki/surprised01","1","PARAM_HAND_R_03_001","已声明","1","0","0","0","0","",""
"taki/surprised01","1","PARAM_HAND_R_04_001","已声明","1","0","0","0","0","",""
"taki/surprised01","1","PARAM_HAND_R_05_001","已声明","1","0","0","0","0","",""
"taki/surprised01","1","PARAM_HAND_R_06_001","已声明","1","0","0","0","0","",""
"taki/surprised01","1","PARAM_HAND_R_09_001","已声明","1","0","0","0","0","",""
"taki/surprised02","1","PARAM_HAND_L_01_001","已声明","1","1","1","1","1","0–3.1s","0–3.1s"
"taki/surprised02","1","PARAM_HAND_L_02_001","已声明","1","0","0","0","0","",""
"taki/surprised02","1","PARAM_HAND_L_03_001","已声明","1","0","0","0","0","",""
"taki/surprised02","1","PARAM_HAND_L_04_001","已声明","1","0","0","0","0","",""
"taki/surprised02","1","PARAM_HAND_L_05_001","已声明","1","0","0","0","0","",""
"taki/surprised02","1","PARAM_HAND_L_06_001","已声明","1","0","0","0","0","",""
"taki/surprised02","1","PARAM_HAND_L_07_001","已声明","1","0","0","0","0","",""
"taki/surprised02","1","PARAM_HAND_R_01_001","已声明","1","0","0","0","0","",""
"taki/surprised02","1","PARAM_HAND_R_02_001","已声明","1","0","0","0","0","",""
"taki/surprised02","1","PARAM_HAND_R_03_001","已声明","1","0","0","0","0","",""
"taki/surprised02","1","PARAM_HAND_R_04_001","已声明","1","0","0","0","0","",""
"taki/surprised02","1","PARAM_HAND_R_05_001","已声明","1","1","1","1","1","0–3.1s","0–3.1s"
"taki/surprised02","1","PARAM_HAND_R_06_001","已声明","1","0","0","0","0","",""
"taki/surprised02","1","PARAM_HAND_R_09_001","已声明","1","0","0","0","0","",""
"taki/thinking01","1","PARAM_HAND_L_01_001","已声明","1","0","0","0","0","",""
"taki/thinking01","1","PARAM_HAND_L_02_001","已声明","1","0","0","0","0","",""
"taki/thinking01","1","PARAM_HAND_L_03_001","已声明","1","0","0","0","0","",""
"taki/thinking01","1","PARAM_HAND_L_04_001","已声明","1","0","0","0","0","",""
"taki/thinking01","1","PARAM_HAND_L_05_001","已声明","1","1","1","1","1","0–3.867s","0–3.867s"
"taki/thinking01","1","PARAM_HAND_L_06_001","已声明","1","0","0","0","0","",""
"taki/thinking01","1","PARAM_HAND_L_07_001","已声明","1","0","0","0","0","",""
"taki/thinking01","1","PARAM_HAND_R_01_001","已声明","1","0","0","0","0","",""
"taki/thinking01","1","PARAM_HAND_R_02_001","已声明","1","0","0","0","0","",""
"taki/thinking01","1","PARAM_HAND_R_03_001","已声明","1","0","0","0","0","",""
"taki/thinking01","1","PARAM_HAND_R_04_001","已声明","1","0","0","0","0","",""
"taki/thinking01","1","PARAM_HAND_R_05_001","已声明","1","0","0","0","0","",""
"taki/thinking01","1","PARAM_HAND_R_06_001","已声明","1","0","0","0","0","",""
"taki/thinking01","1","PARAM_HAND_R_09_001","已声明","1","1","1","1","1","0–3.867s","0–3.867s"
"tomori/angry01","1","PARAM_HAND_L_01_001","已声明","1","1","1","1","1","0–4.467s","0–4.467s"
"tomori/angry01","1","PARAM_HAND_L_02_001","已声明","1","0","0","0","0","",""
"tomori/angry01","1","PARAM_HAND_L_03_001","已声明","1","0","0","0","0","",""
"tomori/angry01","1","PARAM_HAND_L_04_001","已声明","1","0","0","0","0","",""
"tomori/angry01","1","PARAM_HAND_L_05_001","已声明","1","0","0","0","0","",""
"tomori/angry01","1","PARAM_HAND_L_06_001","已声明","1","0","0","0","0","",""
"tomori/angry01","1","PARAM_HAND_L_07_001","已声明","1","0","0","0","0","",""
"tomori/angry01","1","PARAM_HAND_R_01_001","已声明","1","1","1","1","1","0–4.467s","0–4.467s"
"tomori/angry01","1","PARAM_HAND_R_02_001","已声明","1","0","0","0","0","",""
"tomori/angry01","1","PARAM_HAND_R_03_001","已声明","1","0","0","0","0","",""
"tomori/angry01","1","PARAM_HAND_R_04_001","已声明","1","0","0","0","0","",""
"tomori/angry01","1","PARAM_HAND_R_05_001","已声明","1","0","0","0","0","",""
"tomori/angry01","1","PARAM_HAND_R_06_001","已声明","1","0","0","0","0","",""
"tomori/angry01","1","PARAM_HAND_R_09_001","已声明","1","0","0","0","0","",""
"tomori/angry02","1","PARAM_HAND_L_01_001","已声明","1","1","1","1","1","0–5.967s","0–5.967s"
"tomori/angry02","1","PARAM_HAND_L_02_001","已声明","1","0","0","0","0","",""
"tomori/angry02","1","PARAM_HAND_L_03_001","已声明","1","0","0","0","0","",""
"tomori/angry02","1","PARAM_HAND_L_04_001","已声明","1","0","0","0","0","",""
"tomori/angry02","1","PARAM_HAND_L_05_001","已声明","1","0","0","0","0","",""
"tomori/angry02","1","PARAM_HAND_L_06_001","已声明","1","0","0","0","0","",""
"tomori/angry02","1","PARAM_HAND_L_07_001","已声明","1","0","0","0","0","",""
"tomori/angry02","1","PARAM_HAND_R_01_001","已声明","1","1","1","1","1","0–5.967s","0–5.967s"
"tomori/angry02","1","PARAM_HAND_R_02_001","已声明","1","0","0","0","0","",""
"tomori/angry02","1","PARAM_HAND_R_03_001","已声明","1","0","0","0","0","",""
"tomori/angry02","1","PARAM_HAND_R_04_001","已声明","1","0","0","0","0","",""
"tomori/angry02","1","PARAM_HAND_R_05_001","已声明","1","0","0","0","0","",""
"tomori/angry02","1","PARAM_HAND_R_06_001","已声明","1","0","0","0","0","",""
"tomori/angry02","1","PARAM_HAND_R_09_001","已声明","1","0","0","0","0","",""
"tomori/bye01","1","PARAM_HAND_L_01_001","已声明","1","1","1","1","1","0–3.967s","0–3.967s"
"tomori/bye01","1","PARAM_HAND_L_02_001","已声明","1","0","0","0","0","",""
"tomori/bye01","1","PARAM_HAND_L_03_001","已声明","1","0","0","0","0","",""
"tomori/bye01","1","PARAM_HAND_L_04_001","已声明","1","0","0","0","0","",""
"tomori/bye01","1","PARAM_HAND_L_05_001","已声明","1","0","0","0","0","",""
"tomori/bye01","1","PARAM_HAND_L_06_001","已声明","1","0","0","0","0","",""
"tomori/bye01","1","PARAM_HAND_L_07_001","已声明","1","0","0","0","0","",""
"tomori/bye01","1","PARAM_HAND_R_01_001","已声明","1","0","0","0","0","",""
"tomori/bye01","1","PARAM_HAND_R_02_001","已声明","1","0","0","0","0","",""
"tomori/bye01","1","PARAM_HAND_R_03_001","已声明","1","0.01","0.01","0.01","0.01","0–3.967s",""
"tomori/bye01","1","PARAM_HAND_R_04_001","已声明","1","1","1","1","1","0–3.967s","0–3.967s"
"tomori/bye01","1","PARAM_HAND_R_05_001","已声明","1","0","0","0","0","",""
"tomori/bye01","1","PARAM_HAND_R_06_001","已声明","1","0","0","0","0","",""
"tomori/bye01","1","PARAM_HAND_R_09_001","已声明","1","0","0","0","0","",""
"tomori/c_d3/angry01","1","PARAM_HAND_L_01_001","已声明","1","1","1","1","1","0–4.467s","0–4.467s"
"tomori/c_d3/angry01","1","PARAM_HAND_L_02_001","已声明","1","0","0","0","0","",""
"tomori/c_d3/angry01","1","PARAM_HAND_L_03_001","已声明","1","0","0","0","0","",""
"tomori/c_d3/angry01","1","PARAM_HAND_L_04_001","已声明","1","0","0","0","0","",""
"tomori/c_d3/angry01","1","PARAM_HAND_L_05_001","已声明","1","0","0","0","0","",""
"tomori/c_d3/angry01","1","PARAM_HAND_L_06_001","已声明","1","0","0","0","0","",""
"tomori/c_d3/angry01","1","PARAM_HAND_L_07_001","已声明","1","0","0","0","0","",""
"tomori/c_d3/angry01","1","PARAM_HAND_R_01_001","已声明","1","1","1","1","1","0–4.467s","0–4.467s"
"tomori/c_d3/angry01","1","PARAM_HAND_R_02_001","已声明","1","0","0","0","0","",""
"tomori/c_d3/angry01","1","PARAM_HAND_R_03_001","已声明","1","0","0","0","0","",""
"tomori/c_d3/angry01","1","PARAM_HAND_R_04_001","已声明","1","0","0","0","0","",""
"tomori/c_d3/angry01","1","PARAM_HAND_R_05_001","已声明","1","0","0","0","0","",""
"tomori/c_d3/angry01","1","PARAM_HAND_R_06_001","已声明","1","0","0","0","0","",""
"tomori/c_d3/angry01","1","PARAM_HAND_R_09_001","已声明","1","0","0","0","0","",""
"tomori/c_d3/angry02","1","PARAM_HAND_L_01_001","已声明","1","1","1","1","1","0–5.967s","0–5.967s"
"tomori/c_d3/angry02","1","PARAM_HAND_L_02_001","已声明","1","0","0","0","0","",""
"tomori/c_d3/angry02","1","PARAM_HAND_L_03_001","已声明","1","0","0","0","0","",""
"tomori/c_d3/angry02","1","PARAM_HAND_L_04_001","已声明","1","0","0","0","0","",""
"tomori/c_d3/angry02","1","PARAM_HAND_L_05_001","已声明","1","0","0","0","0","",""
"tomori/c_d3/angry02","1","PARAM_HAND_L_06_001","已声明","1","0","0","0","0","",""
"tomori/c_d3/angry02","1","PARAM_HAND_L_07_001","已声明","1","0","0","0","0","",""
"tomori/c_d3/angry02","1","PARAM_HAND_R_01_001","已声明","1","1","1","1","1","0–5.967s","0–5.967s"
"tomori/c_d3/angry02","1","PARAM_HAND_R_02_001","已声明","1","0","0","0","0","",""
"tomori/c_d3/angry02","1","PARAM_HAND_R_03_001","已声明","1","0","0","0","0","",""
"tomori/c_d3/angry02","1","PARAM_HAND_R_04_001","已声明","1","0","0","0","0","",""
"tomori/c_d3/angry02","1","PARAM_HAND_R_05_001","已声明","1","0","0","0","0","",""
"tomori/c_d3/angry02","1","PARAM_HAND_R_06_001","已声明","1","0","0","0","0","",""
"tomori/c_d3/angry02","1","PARAM_HAND_R_09_001","已声明","1","0","0","0","0","",""
"tomori/c_d3/bye01","1","PARAM_HAND_L_01_001","已声明","1","1","1","1","1","0–3.967s","0–3.967s"
"tomori/c_d3/bye01","1","PARAM_HAND_L_02_001","已声明","1","0","0","0","0","",""
"tomori/c_d3/bye01","1","PARAM_HAND_L_03_001","已声明","1","0","0","0","0","",""
"tomori/c_d3/bye01","1","PARAM_HAND_L_04_001","已声明","1","0","0","0","0","",""
"tomori/c_d3/bye01","1","PARAM_HAND_L_05_001","已声明","1","0","0","0","0","",""
"tomori/c_d3/bye01","1","PARAM_HAND_L_06_001","已声明","1","0","0","0","0","",""
"tomori/c_d3/bye01","1","PARAM_HAND_L_07_001","已声明","1","0","0","0","0","",""
"tomori/c_d3/bye01","1","PARAM_HAND_R_01_001","已声明","1","1","1","1","1","0–3.967s","0–3.967s"
"tomori/c_d3/bye01","1","PARAM_HAND_R_02_001","已声明","1","0","0","0","0","",""
"tomori/c_d3/bye01","1","PARAM_HAND_R_03_001","已声明","1","0","0","0","0","",""
"tomori/c_d3/bye01","1","PARAM_HAND_R_04_001","已声明","1","0","0","0","0","",""
"tomori/c_d3/bye01","1","PARAM_HAND_R_05_001","已声明","1","0","0","0","0","",""
"tomori/c_d3/bye01","1","PARAM_HAND_R_06_001","已声明","1","0","0","0","0","",""
"tomori/c_d3/bye01","1","PARAM_HAND_R_09_001","已声明","1","0","0","0","0","",""
"tomori/c_d3/cry01","1","PARAM_HAND_L_01_001","已声明","1","1","1","1","1","0–3.867s","0–3.867s"
"tomori/c_d3/cry01","1","PARAM_HAND_L_02_001","已声明","1","0","0","0","0","",""
"tomori/c_d3/cry01","1","PARAM_HAND_L_03_001","已声明","1","0","0","0","0","",""
"tomori/c_d3/cry01","1","PARAM_HAND_L_04_001","已声明","1","0","0","0","0","",""
"tomori/c_d3/cry01","1","PARAM_HAND_L_05_001","已声明","1","0","0","0","0","",""
"tomori/c_d3/cry01","1","PARAM_HAND_L_06_001","已声明","1","0","0","0","0","",""
"tomori/c_d3/cry01","1","PARAM_HAND_L_07_001","已声明","1","0","0","0","0","",""
"tomori/c_d3/cry01","1","PARAM_HAND_R_01_001","已声明","1","1","1","1","1","0–3.867s","0–3.867s"
"tomori/c_d3/cry01","1","PARAM_HAND_R_02_001","已声明","1","0","0","0","0","",""
"tomori/c_d3/cry01","1","PARAM_HAND_R_03_001","已声明","1","0","0","0","0","",""
"tomori/c_d3/cry01","1","PARAM_HAND_R_04_001","已声明","1","0","0","0","0","",""
"tomori/c_d3/cry01","1","PARAM_HAND_R_05_001","已声明","1","0","0","0","0","",""
"tomori/c_d3/cry01","1","PARAM_HAND_R_06_001","已声明","1","0","0","0","0","",""
"tomori/c_d3/cry01","1","PARAM_HAND_R_09_001","已声明","1","0","0","0","0","",""
"tomori/c_d3/cry02","1","PARAM_HAND_L_01_001","已声明","1","1","1","1","1","0–4.967s","0–4.967s"
"tomori/c_d3/cry02","1","PARAM_HAND_L_02_001","已声明","1","0","0","0","0","",""
"tomori/c_d3/cry02","1","PARAM_HAND_L_03_001","已声明","1","0","0","0","0","",""
"tomori/c_d3/cry02","1","PARAM_HAND_L_04_001","已声明","1","0","0","0","0","",""
"tomori/c_d3/cry02","1","PARAM_HAND_L_05_001","已声明","1","0","0","0","0","",""
"tomori/c_d3/cry02","1","PARAM_HAND_L_06_001","已声明","1","0","0","0","0","",""
"tomori/c_d3/cry02","1","PARAM_HAND_L_07_001","已声明","1","0","0","0","0","",""
"tomori/c_d3/cry02","1","PARAM_HAND_R_01_001","已声明","1","1","1","1","1","0–4.967s","0–4.967s"
"tomori/c_d3/cry02","1","PARAM_HAND_R_02_001","已声明","1","0","0","0","0","",""
"tomori/c_d3/cry02","1","PARAM_HAND_R_03_001","已声明","1","0","0","0","0","",""
"tomori/c_d3/cry02","1","PARAM_HAND_R_04_001","已声明","1","0","0","0","0","",""
"tomori/c_d3/cry02","1","PARAM_HAND_R_05_001","已声明","1","0","0","0","0","",""
"tomori/c_d3/cry02","1","PARAM_HAND_R_06_001","已声明","1","0","0","0","0","",""
"tomori/c_d3/cry02","1","PARAM_HAND_R_09_001","已声明","1","0","0","0","0","",""
"tomori/c_d3/gacha01","1","PARAM_HAND_L_01_001","已声明","1","1","1","1","1","0–6.467s","0–6.467s"
"tomori/c_d3/gacha01","1","PARAM_HAND_L_02_001","已声明","1","0","0","0","0","",""
"tomori/c_d3/gacha01","1","PARAM_HAND_L_03_001","已声明","1","0","0","0","0","",""
"tomori/c_d3/gacha01","1","PARAM_HAND_L_04_001","已声明","1","0","0","0","0","",""
"tomori/c_d3/gacha01","1","PARAM_HAND_L_05_001","已声明","1","0","0","0","0","",""
"tomori/c_d3/gacha01","1","PARAM_HAND_L_06_001","已声明","1","0","0","0","0","",""
"tomori/c_d3/gacha01","1","PARAM_HAND_L_07_001","已声明","1","0","0","0","0","",""
"tomori/c_d3/gacha01","1","PARAM_HAND_R_01_001","已声明","1","1","1","1","1","0–6.467s","0–6.467s"
"tomori/c_d3/gacha01","1","PARAM_HAND_R_02_001","已声明","1","0","0","0","0","",""
"tomori/c_d3/gacha01","1","PARAM_HAND_R_03_001","已声明","1","0","0","0","0","",""
"tomori/c_d3/gacha01","1","PARAM_HAND_R_04_001","已声明","1","0","0","0","0","",""
"tomori/c_d3/gacha01","1","PARAM_HAND_R_05_001","已声明","1","0","0","0","0","",""
"tomori/c_d3/gacha01","1","PARAM_HAND_R_06_001","已声明","1","0","0","0","0","",""
"tomori/c_d3/gacha01","1","PARAM_HAND_R_09_001","已声明","1","0","0","0","0","",""
"tomori/c_d3/idle01","1","PARAM_HAND_L_01_001","已声明","1","1","1","1","1","0–5.967s","0–5.967s"
"tomori/c_d3/idle01","1","PARAM_HAND_L_02_001","已声明","1","0","0","0","0","",""
"tomori/c_d3/idle01","1","PARAM_HAND_L_03_001","已声明","1","0","0","0","0","",""
"tomori/c_d3/idle01","1","PARAM_HAND_L_04_001","已声明","1","0","0","0","0","",""
"tomori/c_d3/idle01","1","PARAM_HAND_L_05_001","已声明","1","0","0","0","0","",""
"tomori/c_d3/idle01","1","PARAM_HAND_L_06_001","已声明","1","0","0","0","0","",""
"tomori/c_d3/idle01","1","PARAM_HAND_L_07_001","已声明","1","0","0","0","0","",""
"tomori/c_d3/idle01","1","PARAM_HAND_R_01_001","已声明","1","1","1","1","1","0–5.967s","0–5.967s"
"tomori/c_d3/idle01","1","PARAM_HAND_R_02_001","已声明","1","0","0","0","0","",""
"tomori/c_d3/idle01","1","PARAM_HAND_R_03_001","已声明","1","0","0","0","0","",""
"tomori/c_d3/idle01","1","PARAM_HAND_R_04_001","已声明","1","0","0","0","0","",""
"tomori/c_d3/idle01","1","PARAM_HAND_R_05_001","已声明","1","0","0","0","0","",""
"tomori/c_d3/idle01","1","PARAM_HAND_R_06_001","已声明","1","0","0","0","0","",""
"tomori/c_d3/idle01","1","PARAM_HAND_R_09_001","已声明","1","0","0","0","0","",""
"tomori/c_d3/kandou01","1","PARAM_HAND_L_01_001","已声明","1","1","1","1","1","0–5.467s","0–5.467s"
"tomori/c_d3/kandou01","1","PARAM_HAND_L_02_001","已声明","1","0","0","0","0","",""
"tomori/c_d3/kandou01","1","PARAM_HAND_L_03_001","已声明","1","0","0","0","0","",""
"tomori/c_d3/kandou01","1","PARAM_HAND_L_04_001","已声明","1","0","0","0","0","",""
"tomori/c_d3/kandou01","1","PARAM_HAND_L_05_001","已声明","1","0","0","0","0","",""
"tomori/c_d3/kandou01","1","PARAM_HAND_L_06_001","已声明","1","0","0","0","0","",""
"tomori/c_d3/kandou01","1","PARAM_HAND_L_07_001","已声明","1","0","0","0","0","",""
"tomori/c_d3/kandou01","1","PARAM_HAND_R_01_001","已声明","1","1","1","1","1","0–5.467s","0–5.467s"
"tomori/c_d3/kandou01","1","PARAM_HAND_R_02_001","已声明","1","0","0","0","0","",""
"tomori/c_d3/kandou01","1","PARAM_HAND_R_03_001","已声明","1","0","0","0","0","",""
"tomori/c_d3/kandou01","1","PARAM_HAND_R_04_001","已声明","1","0","0","0","0","",""
"tomori/c_d3/kandou01","1","PARAM_HAND_R_05_001","已声明","1","0","0","0","0","",""
"tomori/c_d3/kandou01","1","PARAM_HAND_R_06_001","已声明","1","0","0","0","0","",""
"tomori/c_d3/kandou01","1","PARAM_HAND_R_09_001","已声明","1","0","0","0","0","",""
"tomori/c_d3/kandou02","1","PARAM_HAND_L_01_001","已声明","1","1","1","1","1","0–8.967s","0–8.967s"
"tomori/c_d3/kandou02","1","PARAM_HAND_L_02_001","已声明","1","0","0","0","0","",""
"tomori/c_d3/kandou02","1","PARAM_HAND_L_03_001","已声明","1","0","0","0","0","",""
"tomori/c_d3/kandou02","1","PARAM_HAND_L_04_001","已声明","1","0","0","0","0","",""
"tomori/c_d3/kandou02","1","PARAM_HAND_L_05_001","已声明","1","0","0","0","0","",""
"tomori/c_d3/kandou02","1","PARAM_HAND_L_06_001","已声明","1","0","0","0","0","",""
"tomori/c_d3/kandou02","1","PARAM_HAND_L_07_001","已声明","1","0","0","0","0","",""
"tomori/c_d3/kandou02","1","PARAM_HAND_R_01_001","已声明","1","1","1","1","1","0–8.967s","0–8.967s"
"tomori/c_d3/kandou02","1","PARAM_HAND_R_02_001","已声明","1","0","0","0","0","",""
"tomori/c_d3/kandou02","1","PARAM_HAND_R_03_001","已声明","1","0","0","0","0","",""
"tomori/c_d3/kandou02","1","PARAM_HAND_R_04_001","已声明","1","0","0","0","0","",""
"tomori/c_d3/kandou02","1","PARAM_HAND_R_05_001","已声明","1","0","0","0","0","",""
"tomori/c_d3/kandou02","1","PARAM_HAND_R_06_001","已声明","1","0","0","0","0","",""
"tomori/c_d3/kandou02","1","PARAM_HAND_R_09_001","已声明","1","0","0","0","0","",""
"tomori/c_d3/kandou03","1","PARAM_HAND_L_01_001","已声明","1","1","1","1","1","0–7.967s","0–7.967s"
"tomori/c_d3/kandou03","1","PARAM_HAND_L_02_001","已声明","1","0","0","0","0","",""
"tomori/c_d3/kandou03","1","PARAM_HAND_L_03_001","已声明","1","0","0","0","0","",""
"tomori/c_d3/kandou03","1","PARAM_HAND_L_04_001","已声明","1","0","0","0","0","",""
"tomori/c_d3/kandou03","1","PARAM_HAND_L_05_001","已声明","1","0","0","0","0","",""
"tomori/c_d3/kandou03","1","PARAM_HAND_L_06_001","已声明","1","0","0","0","0","",""
"tomori/c_d3/kandou03","1","PARAM_HAND_L_07_001","已声明","1","0","0","0","0","",""
"tomori/c_d3/kandou03","1","PARAM_HAND_R_01_001","已声明","1","1","1","1","1","0–7.967s","0–7.967s"
"tomori/c_d3/kandou03","1","PARAM_HAND_R_02_001","已声明","1","0","0","0","0","",""
"tomori/c_d3/kandou03","1","PARAM_HAND_R_03_001","已声明","1","0","0","0","0","",""
"tomori/c_d3/kandou03","1","PARAM_HAND_R_04_001","已声明","1","0","0","0","0","",""
"tomori/c_d3/kandou03","1","PARAM_HAND_R_05_001","已声明","1","0","0","0","0","",""
"tomori/c_d3/kandou03","1","PARAM_HAND_R_06_001","已声明","1","0","0","0","0","",""
"tomori/c_d3/kandou03","1","PARAM_HAND_R_09_001","已声明","1","0","0","0","0","",""
"tomori/c_d3/kime01","1","PARAM_HAND_L_01_001","已声明","1","1","1","1","1","0–4.967s","0–4.967s"
"tomori/c_d3/kime01","1","PARAM_HAND_L_02_001","已声明","1","0","0","0","0","",""
"tomori/c_d3/kime01","1","PARAM_HAND_L_03_001","已声明","1","0","0","0","0","",""
"tomori/c_d3/kime01","1","PARAM_HAND_L_04_001","已声明","1","0","0","0","0","",""
"tomori/c_d3/kime01","1","PARAM_HAND_L_05_001","已声明","1","0","0","0","0","",""
"tomori/c_d3/kime01","1","PARAM_HAND_L_06_001","已声明","1","0","0","0","0","",""
"tomori/c_d3/kime01","1","PARAM_HAND_L_07_001","已声明","1","0","0","0","0","",""
"tomori/c_d3/kime01","1","PARAM_HAND_R_01_001","已声明","1","1","1","1","1","0–4.967s","0–4.967s"
"tomori/c_d3/kime01","1","PARAM_HAND_R_02_001","已声明","1","0","0","0","0","",""
"tomori/c_d3/kime01","1","PARAM_HAND_R_03_001","已声明","1","0","0","0","0","",""
"tomori/c_d3/kime01","1","PARAM_HAND_R_04_001","已声明","1","0","0","0","0","",""
"tomori/c_d3/kime01","1","PARAM_HAND_R_05_001","已声明","1","0","0","0","0","",""
"tomori/c_d3/kime01","1","PARAM_HAND_R_06_001","已声明","1","0","0","0","0","",""
"tomori/c_d3/kime01","1","PARAM_HAND_R_09_001","已声明","1","0","0","0","0","",""
"tomori/c_d3/kime02","1","PARAM_HAND_L_01_001","已声明","1","1","1","1","1","0–3.967s","0–3.967s"
"tomori/c_d3/kime02","1","PARAM_HAND_L_02_001","已声明","1","0","0","0","0","",""
"tomori/c_d3/kime02","1","PARAM_HAND_L_03_001","已声明","1","0","0","0","0","",""
"tomori/c_d3/kime02","1","PARAM_HAND_L_04_001","已声明","1","0","0","0","0","",""
"tomori/c_d3/kime02","1","PARAM_HAND_L_05_001","已声明","1","0","0","0","0","",""
"tomori/c_d3/kime02","1","PARAM_HAND_L_06_001","已声明","1","0","0","0","0","",""
"tomori/c_d3/kime02","1","PARAM_HAND_L_07_001","已声明","1","0","0","0","0","",""
"tomori/c_d3/kime02","1","PARAM_HAND_R_01_001","已声明","1","1","1","1","1","0–3.967s","0–3.967s"
"tomori/c_d3/kime02","1","PARAM_HAND_R_02_001","已声明","1","0","0","0","0","",""
"tomori/c_d3/kime02","1","PARAM_HAND_R_03_001","已声明","1","0","0","0","0","",""
"tomori/c_d3/kime02","1","PARAM_HAND_R_04_001","已声明","1","0","0","0","0","",""
"tomori/c_d3/kime02","1","PARAM_HAND_R_05_001","已声明","1","0","0","0","0","",""
"tomori/c_d3/kime02","1","PARAM_HAND_R_06_001","已声明","1","0","0","0","0","",""
"tomori/c_d3/kime02","1","PARAM_HAND_R_09_001","已声明","1","0","0","0","0","",""
"tomori/c_d3/nf_left01","1","PARAM_HAND_L_01_001","已声明","1","1","1","1","1","0–3.967s","0–3.967s"
"tomori/c_d3/nf_left01","1","PARAM_HAND_L_02_001","已声明","1","0","0","0","0","",""
"tomori/c_d3/nf_left01","1","PARAM_HAND_L_03_001","已声明","1","0","0","0","0","",""
"tomori/c_d3/nf_left01","1","PARAM_HAND_L_04_001","已声明","1","0","0","0","0","",""
"tomori/c_d3/nf_left01","1","PARAM_HAND_L_05_001","已声明","1","0","0","0","0","",""
"tomori/c_d3/nf_left01","1","PARAM_HAND_L_06_001","已声明","1","0","0","0","0","",""
"tomori/c_d3/nf_left01","1","PARAM_HAND_L_07_001","已声明","1","0","0","0","0","",""
"tomori/c_d3/nf_left01","1","PARAM_HAND_R_01_001","已声明","1","1","1","1","1","0–3.967s","0–3.967s"
"tomori/c_d3/nf_left01","1","PARAM_HAND_R_02_001","已声明","1","0","0","0","0","",""
"tomori/c_d3/nf_left01","1","PARAM_HAND_R_03_001","已声明","1","0","0","0","0","",""
"tomori/c_d3/nf_left01","1","PARAM_HAND_R_04_001","已声明","1","0","0","0","0","",""
"tomori/c_d3/nf_left01","1","PARAM_HAND_R_05_001","已声明","1","0","0","0","0","",""
"tomori/c_d3/nf_left01","1","PARAM_HAND_R_06_001","已声明","1","0","0","0","0","",""
"tomori/c_d3/nf_left01","1","PARAM_HAND_R_09_001","已声明","1","0","0","0","0","",""
"tomori/c_d3/nf_right01","1","PARAM_HAND_L_01_001","已声明","1","1","1","1","1","0–3.967s","0–3.967s"
"tomori/c_d3/nf_right01","1","PARAM_HAND_L_02_001","已声明","1","0","0","0","0","",""
"tomori/c_d3/nf_right01","1","PARAM_HAND_L_03_001","已声明","1","0","0","0","0","",""
"tomori/c_d3/nf_right01","1","PARAM_HAND_L_04_001","已声明","1","0","0","0","0","",""
"tomori/c_d3/nf_right01","1","PARAM_HAND_L_05_001","已声明","1","0","0","0","0","",""
"tomori/c_d3/nf_right01","1","PARAM_HAND_L_06_001","已声明","1","0","0","0","0","",""
"tomori/c_d3/nf_right01","1","PARAM_HAND_L_07_001","已声明","1","0","0","0","0","",""
"tomori/c_d3/nf_right01","1","PARAM_HAND_R_01_001","已声明","1","1","1","1","1","0–3.967s","0–3.967s"
"tomori/c_d3/nf_right01","1","PARAM_HAND_R_02_001","已声明","1","0","0","0","0","",""
"tomori/c_d3/nf_right01","1","PARAM_HAND_R_03_001","已声明","1","0","0","0","0","",""
"tomori/c_d3/nf_right01","1","PARAM_HAND_R_04_001","已声明","1","0","0","0","0","",""
"tomori/c_d3/nf_right01","1","PARAM_HAND_R_05_001","已声明","1","0","0","0","0","",""
"tomori/c_d3/nf_right01","1","PARAM_HAND_R_06_001","已声明","1","0","0","0","0","",""
"tomori/c_d3/nf_right01","1","PARAM_HAND_R_09_001","已声明","1","0","0","0","0","",""
"tomori/c_d3/nf01","1","PARAM_HAND_L_01_001","已声明","1","1","1","1","1","0–4.967s","0–4.967s"
"tomori/c_d3/nf01","1","PARAM_HAND_L_02_001","已声明","1","0","0","0","0","",""
"tomori/c_d3/nf01","1","PARAM_HAND_L_03_001","已声明","1","0","0","0","0","",""
"tomori/c_d3/nf01","1","PARAM_HAND_L_04_001","已声明","1","0","0","0","0","",""
"tomori/c_d3/nf01","1","PARAM_HAND_L_05_001","已声明","1","0","0","0","0","",""
"tomori/c_d3/nf01","1","PARAM_HAND_L_06_001","已声明","1","0","0","0","0","",""
"tomori/c_d3/nf01","1","PARAM_HAND_L_07_001","已声明","1","0","0","0","0","",""
"tomori/c_d3/nf01","1","PARAM_HAND_R_01_001","已声明","1","1","1","1","1","0–4.967s","0–4.967s"
"tomori/c_d3/nf01","1","PARAM_HAND_R_02_001","已声明","1","0","0","0","0","",""
"tomori/c_d3/nf01","1","PARAM_HAND_R_03_001","已声明","1","0","0","0","0","",""
"tomori/c_d3/nf01","1","PARAM_HAND_R_04_001","已声明","1","0","0","0","0","",""
"tomori/c_d3/nf01","1","PARAM_HAND_R_05_001","已声明","1","0","0","0","0","",""
"tomori/c_d3/nf01","1","PARAM_HAND_R_06_001","已声明","1","0","0","0","0","",""
"tomori/c_d3/nf01","1","PARAM_HAND_R_09_001","已声明","1","0","0","0","0","",""
"tomori/c_d3/nf02","1","PARAM_HAND_L_01_001","已声明","1","1","1","1","1","0–4.967s","0–4.967s"
"tomori/c_d3/nf02","1","PARAM_HAND_L_02_001","已声明","1","0","0","0","0","",""
"tomori/c_d3/nf02","1","PARAM_HAND_L_03_001","已声明","1","0","0","0","0","",""
"tomori/c_d3/nf02","1","PARAM_HAND_L_04_001","已声明","1","0","0","0","0","",""
"tomori/c_d3/nf02","1","PARAM_HAND_L_05_001","已声明","1","0","0","0","0","",""
"tomori/c_d3/nf02","1","PARAM_HAND_L_06_001","已声明","1","0","0","0","0","",""
"tomori/c_d3/nf02","1","PARAM_HAND_L_07_001","已声明","1","0","0","0","0","",""
"tomori/c_d3/nf02","1","PARAM_HAND_R_01_001","已声明","1","1","1","1","1","0–4.967s","0–4.967s"
"tomori/c_d3/nf02","1","PARAM_HAND_R_02_001","已声明","1","0","0","0","0","",""
"tomori/c_d3/nf02","1","PARAM_HAND_R_03_001","已声明","1","0","0","0","0","",""
"tomori/c_d3/nf02","1","PARAM_HAND_R_04_001","已声明","1","0","0","0","0","",""
"tomori/c_d3/nf02","1","PARAM_HAND_R_05_001","已声明","1","0","0","0","0","",""
"tomori/c_d3/nf02","1","PARAM_HAND_R_06_001","已声明","1","0","0","0","0","",""
"tomori/c_d3/nf02","1","PARAM_HAND_R_09_001","已声明","1","0","0","0","0","",""
"tomori/c_d3/nf03","1","PARAM_HAND_L_01_001","已声明","1","1","1","1","1","0–5.467s","0–5.467s"
"tomori/c_d3/nf03","1","PARAM_HAND_L_02_001","已声明","1","0","0","0","0","",""
"tomori/c_d3/nf03","1","PARAM_HAND_L_03_001","已声明","1","0","0","0","0","",""
"tomori/c_d3/nf03","1","PARAM_HAND_L_04_001","已声明","1","0","0","0","0","",""
"tomori/c_d3/nf03","1","PARAM_HAND_L_05_001","已声明","1","0","0","0","0","",""
"tomori/c_d3/nf03","1","PARAM_HAND_L_06_001","已声明","1","0","0","0","0","",""
"tomori/c_d3/nf03","1","PARAM_HAND_L_07_001","已声明","1","0","0","0","0","",""
"tomori/c_d3/nf03","1","PARAM_HAND_R_01_001","已声明","1","1","1","1","1","0–5.467s","0–5.467s"
"tomori/c_d3/nf03","1","PARAM_HAND_R_02_001","已声明","1","0","0","0","0","",""
"tomori/c_d3/nf03","1","PARAM_HAND_R_03_001","已声明","1","0","0","0","0","",""
"tomori/c_d3/nf03","1","PARAM_HAND_R_04_001","已声明","1","0","0","0","0","",""
"tomori/c_d3/nf03","1","PARAM_HAND_R_05_001","已声明","1","0","0","0","0","",""
"tomori/c_d3/nf03","1","PARAM_HAND_R_06_001","已声明","1","0","0","0","0","",""
"tomori/c_d3/nf03","1","PARAM_HAND_R_09_001","已声明","1","0","0","0","0","",""
"tomori/c_d3/nf04","1","PARAM_HAND_L_01_001","已声明","1","1","1","1","1","0–3.967s","0–3.967s"
"tomori/c_d3/nf04","1","PARAM_HAND_L_02_001","已声明","1","0","0","0","0","",""
"tomori/c_d3/nf04","1","PARAM_HAND_L_03_001","已声明","1","0","0","0","0","",""
"tomori/c_d3/nf04","1","PARAM_HAND_L_04_001","已声明","1","0","0","0","0","",""
"tomori/c_d3/nf04","1","PARAM_HAND_L_05_001","已声明","1","0","0","0","0","",""
"tomori/c_d3/nf04","1","PARAM_HAND_L_06_001","已声明","1","0","0","0","0","",""
"tomori/c_d3/nf04","1","PARAM_HAND_L_07_001","已声明","1","0","0","0","0","",""
"tomori/c_d3/nf04","1","PARAM_HAND_R_01_001","已声明","1","1","1","1","1","0–3.967s","0–3.967s"
"tomori/c_d3/nf04","1","PARAM_HAND_R_02_001","已声明","1","0","0","0","0","",""
"tomori/c_d3/nf04","1","PARAM_HAND_R_03_001","已声明","1","0","0","0","0","",""
"tomori/c_d3/nf04","1","PARAM_HAND_R_04_001","已声明","1","0","0","0","0","",""
"tomori/c_d3/nf04","1","PARAM_HAND_R_05_001","已声明","1","0","0","0","0","",""
"tomori/c_d3/nf04","1","PARAM_HAND_R_06_001","已声明","1","0","0","0","0","",""
"tomori/c_d3/nf04","1","PARAM_HAND_R_09_001","已声明","1","0","0","0","0","",""
"tomori/c_d3/nf05","1","PARAM_HAND_L_01_001","已声明","1","1","1","1","1","0–3.967s","0–3.967s"
"tomori/c_d3/nf05","1","PARAM_HAND_L_02_001","已声明","1","0","0","0","0","",""
"tomori/c_d3/nf05","1","PARAM_HAND_L_03_001","已声明","1","0","0","0","0","",""
"tomori/c_d3/nf05","1","PARAM_HAND_L_04_001","已声明","1","0","0","0","0","",""
"tomori/c_d3/nf05","1","PARAM_HAND_L_05_001","已声明","1","0","0","0","0","",""
"tomori/c_d3/nf05","1","PARAM_HAND_L_06_001","已声明","1","0","0","0","0","",""
"tomori/c_d3/nf05","1","PARAM_HAND_L_07_001","已声明","1","0","0","0","0","",""
"tomori/c_d3/nf05","1","PARAM_HAND_R_01_001","已声明","1","1","1","1","1","0–3.967s","0–3.967s"
"tomori/c_d3/nf05","1","PARAM_HAND_R_02_001","已声明","1","0","0","0","0","",""
"tomori/c_d3/nf05","1","PARAM_HAND_R_03_001","已声明","1","0","0","0","0","",""
"tomori/c_d3/nf05","1","PARAM_HAND_R_04_001","已声明","1","0","0","0","0","",""
"tomori/c_d3/nf05","1","PARAM_HAND_R_05_001","已声明","1","0","0","0","0","",""
"tomori/c_d3/nf05","1","PARAM_HAND_R_06_001","已声明","1","0","0","0","0","",""
"tomori/c_d3/nf05","1","PARAM_HAND_R_09_001","已声明","1","0","0","0","0","",""
"tomori/c_d3/nnf_left01","1","PARAM_HAND_L_01_001","已声明","1","1","1","1","1","0–3.967s","0–3.967s"
"tomori/c_d3/nnf_left01","1","PARAM_HAND_L_02_001","已声明","1","0","0","0","0","",""
"tomori/c_d3/nnf_left01","1","PARAM_HAND_L_03_001","已声明","1","0","0","0","0","",""
"tomori/c_d3/nnf_left01","1","PARAM_HAND_L_04_001","已声明","1","0","0","0","0","",""
"tomori/c_d3/nnf_left01","1","PARAM_HAND_L_05_001","已声明","1","0","0","0","0","",""
"tomori/c_d3/nnf_left01","1","PARAM_HAND_L_06_001","已声明","1","0","0","0","0","",""
"tomori/c_d3/nnf_left01","1","PARAM_HAND_L_07_001","已声明","1","0","0","0","0","",""
"tomori/c_d3/nnf_left01","1","PARAM_HAND_R_01_001","已声明","1","1","1","1","1","0–3.967s","0–3.967s"
"tomori/c_d3/nnf_left01","1","PARAM_HAND_R_02_001","已声明","1","0","0","0","0","",""
"tomori/c_d3/nnf_left01","1","PARAM_HAND_R_03_001","已声明","1","0","0","0","0","",""
"tomori/c_d3/nnf_left01","1","PARAM_HAND_R_04_001","已声明","1","0","0","0","0","",""
"tomori/c_d3/nnf_left01","1","PARAM_HAND_R_05_001","已声明","1","0","0","0","0","",""
"tomori/c_d3/nnf_left01","1","PARAM_HAND_R_06_001","已声明","1","0","0","0","0","",""
"tomori/c_d3/nnf_left01","1","PARAM_HAND_R_09_001","已声明","1","0","0","0","0","",""
"tomori/c_d3/nnf_right01","1","PARAM_HAND_L_01_001","已声明","1","1","1","1","1","0–3.967s","0–3.967s"
"tomori/c_d3/nnf_right01","1","PARAM_HAND_L_02_001","已声明","1","0","0","0","0","",""
"tomori/c_d3/nnf_right01","1","PARAM_HAND_L_03_001","已声明","1","0","0","0","0","",""
"tomori/c_d3/nnf_right01","1","PARAM_HAND_L_04_001","已声明","1","0","0","0","0","",""
"tomori/c_d3/nnf_right01","1","PARAM_HAND_L_05_001","已声明","1","0","0","0","0","",""
"tomori/c_d3/nnf_right01","1","PARAM_HAND_L_06_001","已声明","1","0","0","0","0","",""
"tomori/c_d3/nnf_right01","1","PARAM_HAND_L_07_001","已声明","1","0","0","0","0","",""
"tomori/c_d3/nnf_right01","1","PARAM_HAND_R_01_001","已声明","1","1","1","1","1","0–3.967s","0–3.967s"
"tomori/c_d3/nnf_right01","1","PARAM_HAND_R_02_001","已声明","1","0","0","0","0","",""
"tomori/c_d3/nnf_right01","1","PARAM_HAND_R_03_001","已声明","1","0","0","0","0","",""
"tomori/c_d3/nnf_right01","1","PARAM_HAND_R_04_001","已声明","1","0","0","0","0","",""
"tomori/c_d3/nnf_right01","1","PARAM_HAND_R_05_001","已声明","1","0","0","0","0","",""
"tomori/c_d3/nnf_right01","1","PARAM_HAND_R_06_001","已声明","1","0","0","0","0","",""
"tomori/c_d3/nnf_right01","1","PARAM_HAND_R_09_001","已声明","1","0","0","0","0","",""
"tomori/c_d3/nnf01","1","PARAM_HAND_L_01_001","已声明","1","1","1","1","1","0–4.967s","0–4.967s"
"tomori/c_d3/nnf01","1","PARAM_HAND_L_02_001","已声明","1","0","0","0","0","",""
"tomori/c_d3/nnf01","1","PARAM_HAND_L_03_001","已声明","1","0","0","0","0","",""
"tomori/c_d3/nnf01","1","PARAM_HAND_L_04_001","已声明","1","0","0","0","0","",""
"tomori/c_d3/nnf01","1","PARAM_HAND_L_05_001","已声明","1","0","0","0","0","",""
"tomori/c_d3/nnf01","1","PARAM_HAND_L_06_001","已声明","1","0","0","0","0","",""
"tomori/c_d3/nnf01","1","PARAM_HAND_L_07_001","已声明","1","0","0","0","0","",""
"tomori/c_d3/nnf01","1","PARAM_HAND_R_01_001","已声明","1","1","1","1","1","0–4.967s","0–4.967s"
"tomori/c_d3/nnf01","1","PARAM_HAND_R_02_001","已声明","1","0","0","0","0","",""
"tomori/c_d3/nnf01","1","PARAM_HAND_R_03_001","已声明","1","0","0","0","0","",""
"tomori/c_d3/nnf01","1","PARAM_HAND_R_04_001","已声明","1","0","0","0","0","",""
"tomori/c_d3/nnf01","1","PARAM_HAND_R_05_001","已声明","1","0","0","0","0","",""
"tomori/c_d3/nnf01","1","PARAM_HAND_R_06_001","已声明","1","0","0","0","0","",""
"tomori/c_d3/nnf01","1","PARAM_HAND_R_09_001","已声明","1","0","0","0","0","",""
"tomori/c_d3/nnf02","1","PARAM_HAND_L_01_001","已声明","1","1","1","1","1","0–4.967s","0–4.967s"
"tomori/c_d3/nnf02","1","PARAM_HAND_L_02_001","已声明","1","0","0","0","0","",""
"tomori/c_d3/nnf02","1","PARAM_HAND_L_03_001","已声明","1","0","0","0","0","",""
"tomori/c_d3/nnf02","1","PARAM_HAND_L_04_001","已声明","1","0","0","0","0","",""
"tomori/c_d3/nnf02","1","PARAM_HAND_L_05_001","已声明","1","0","0","0","0","",""
"tomori/c_d3/nnf02","1","PARAM_HAND_L_06_001","已声明","1","0","0","0","0","",""
"tomori/c_d3/nnf02","1","PARAM_HAND_L_07_001","已声明","1","0","0","0","0","",""
"tomori/c_d3/nnf02","1","PARAM_HAND_R_01_001","已声明","1","1","1","1","1","0–4.967s","0–4.967s"
"tomori/c_d3/nnf02","1","PARAM_HAND_R_02_001","已声明","1","0","0","0","0","",""
"tomori/c_d3/nnf02","1","PARAM_HAND_R_03_001","已声明","1","0","0","0","0","",""
"tomori/c_d3/nnf02","1","PARAM_HAND_R_04_001","已声明","1","0","0","0","0","",""
"tomori/c_d3/nnf02","1","PARAM_HAND_R_05_001","已声明","1","0","0","0","0","",""
"tomori/c_d3/nnf02","1","PARAM_HAND_R_06_001","已声明","1","0","0","0","0","",""
"tomori/c_d3/nnf02","1","PARAM_HAND_R_09_001","已声明","1","0","0","0","0","",""
"tomori/c_d3/nnf03","1","PARAM_HAND_L_01_001","已声明","1","1","1","1","1","0–5.467s","0–5.467s"
"tomori/c_d3/nnf03","1","PARAM_HAND_L_02_001","已声明","1","0","0","0","0","",""
"tomori/c_d3/nnf03","1","PARAM_HAND_L_03_001","已声明","1","0","0","0","0","",""
"tomori/c_d3/nnf03","1","PARAM_HAND_L_04_001","已声明","1","0","0","0","0","",""
"tomori/c_d3/nnf03","1","PARAM_HAND_L_05_001","已声明","1","0","0","0","0","",""
"tomori/c_d3/nnf03","1","PARAM_HAND_L_06_001","已声明","1","0","0","0","0","",""
"tomori/c_d3/nnf03","1","PARAM_HAND_L_07_001","已声明","1","0","0","0","0","",""
"tomori/c_d3/nnf03","1","PARAM_HAND_R_01_001","已声明","1","1","1","1","1","0–5.467s","0–5.467s"
"tomori/c_d3/nnf03","1","PARAM_HAND_R_02_001","已声明","1","0","0","0","0","",""
"tomori/c_d3/nnf03","1","PARAM_HAND_R_03_001","已声明","1","0","0","0","0","",""
"tomori/c_d3/nnf03","1","PARAM_HAND_R_04_001","已声明","1","0","0","0","0","",""
"tomori/c_d3/nnf03","1","PARAM_HAND_R_05_001","已声明","1","0","0","0","0","",""
"tomori/c_d3/nnf03","1","PARAM_HAND_R_06_001","已声明","1","0","0","0","0","",""
"tomori/c_d3/nnf03","1","PARAM_HAND_R_09_001","已声明","1","0","0","0","0","",""
"tomori/c_d3/nnf04","1","PARAM_HAND_L_01_001","已声明","1","1","1","1","1","0–3.967s","0–3.967s"
"tomori/c_d3/nnf04","1","PARAM_HAND_L_02_001","已声明","1","0","0","0","0","",""
"tomori/c_d3/nnf04","1","PARAM_HAND_L_03_001","已声明","1","0","0","0","0","",""
"tomori/c_d3/nnf04","1","PARAM_HAND_L_04_001","已声明","1","0","0","0","0","",""
"tomori/c_d3/nnf04","1","PARAM_HAND_L_05_001","已声明","1","0","0","0","0","",""
"tomori/c_d3/nnf04","1","PARAM_HAND_L_06_001","已声明","1","0","0","0","0","",""
"tomori/c_d3/nnf04","1","PARAM_HAND_L_07_001","已声明","1","0","0","0","0","",""
"tomori/c_d3/nnf04","1","PARAM_HAND_R_01_001","已声明","1","1","1","1","1","0–3.967s","0–3.967s"
"tomori/c_d3/nnf04","1","PARAM_HAND_R_02_001","已声明","1","0","0","0","0","",""
"tomori/c_d3/nnf04","1","PARAM_HAND_R_03_001","已声明","1","0","0","0","0","",""
"tomori/c_d3/nnf04","1","PARAM_HAND_R_04_001","已声明","1","0","0","0","0","",""
"tomori/c_d3/nnf04","1","PARAM_HAND_R_05_001","已声明","1","0","0","0","0","",""
"tomori/c_d3/nnf04","1","PARAM_HAND_R_06_001","已声明","1","0","0","0","0","",""
"tomori/c_d3/nnf04","1","PARAM_HAND_R_09_001","已声明","1","0","0","0","0","",""
"tomori/c_d3/nnf05","1","PARAM_HAND_L_01_001","已声明","1","1","1","1","1","0–3.967s","0–3.967s"
"tomori/c_d3/nnf05","1","PARAM_HAND_L_02_001","已声明","1","0","0","0","0","",""
"tomori/c_d3/nnf05","1","PARAM_HAND_L_03_001","已声明","1","0","0","0","0","",""
"tomori/c_d3/nnf05","1","PARAM_HAND_L_04_001","已声明","1","0","0","0","0","",""
"tomori/c_d3/nnf05","1","PARAM_HAND_L_05_001","已声明","1","0","0","0","0","",""
"tomori/c_d3/nnf05","1","PARAM_HAND_L_06_001","已声明","1","0","0","0","0","",""
"tomori/c_d3/nnf05","1","PARAM_HAND_L_07_001","已声明","1","0","0","0","0","",""
"tomori/c_d3/nnf05","1","PARAM_HAND_R_01_001","已声明","1","1","1","1","1","0–3.967s","0–3.967s"
"tomori/c_d3/nnf05","1","PARAM_HAND_R_02_001","已声明","1","0","0","0","0","",""
"tomori/c_d3/nnf05","1","PARAM_HAND_R_03_001","已声明","1","0","0","0","0","",""
"tomori/c_d3/nnf05","1","PARAM_HAND_R_04_001","已声明","1","0","0","0","0","",""
"tomori/c_d3/nnf05","1","PARAM_HAND_R_05_001","已声明","1","0","0","0","0","",""
"tomori/c_d3/nnf05","1","PARAM_HAND_R_06_001","已声明","1","0","0","0","0","",""
"tomori/c_d3/nnf05","1","PARAM_HAND_R_09_001","已声明","1","0","0","0","0","",""
"tomori/c_d3/sad01","1","PARAM_HAND_L_01_001","已声明","1","1","1","1","1","0–4.967s","0–4.967s"
"tomori/c_d3/sad01","1","PARAM_HAND_L_02_001","已声明","1","0","0","0","0","",""
"tomori/c_d3/sad01","1","PARAM_HAND_L_03_001","已声明","1","0","0","0","0","",""
"tomori/c_d3/sad01","1","PARAM_HAND_L_04_001","已声明","1","0","0","0","0","",""
"tomori/c_d3/sad01","1","PARAM_HAND_L_05_001","已声明","1","0","0","0","0","",""
"tomori/c_d3/sad01","1","PARAM_HAND_L_06_001","已声明","1","0","0","0","0","",""
"tomori/c_d3/sad01","1","PARAM_HAND_L_07_001","已声明","1","0","0","0","0","",""
"tomori/c_d3/sad01","1","PARAM_HAND_R_01_001","已声明","1","1","1","1","1","0–4.967s","0–4.967s"
"tomori/c_d3/sad01","1","PARAM_HAND_R_02_001","已声明","1","0","0","0","0","",""
"tomori/c_d3/sad01","1","PARAM_HAND_R_03_001","已声明","1","0","0","0","0","",""
"tomori/c_d3/sad01","1","PARAM_HAND_R_04_001","已声明","1","0","0","0","0","",""
"tomori/c_d3/sad01","1","PARAM_HAND_R_05_001","已声明","1","0","0","0","0","",""
"tomori/c_d3/sad01","1","PARAM_HAND_R_06_001","已声明","1","0","0","0","0","",""
"tomori/c_d3/sad01","1","PARAM_HAND_R_09_001","已声明","1","0","0","0","0","",""
"tomori/c_d3/sad02","1","PARAM_HAND_L_01_001","已声明","135","0","1","1","0","0–1.167s","0–1.067s"
"tomori/c_d3/sad02","1","PARAM_HAND_L_02_001","已声明","1","0","0","0","0","",""
"tomori/c_d3/sad02","1","PARAM_HAND_L_03_001","已声明","1","0","0","0","0","",""
"tomori/c_d3/sad02","1","PARAM_HAND_L_04_001","已声明","1","0","0","0","0","",""
"tomori/c_d3/sad02","1","PARAM_HAND_L_05_001","已声明","135","0","1","0","1","1.133–4.467s","1.233–4.467s"
"tomori/c_d3/sad02","1","PARAM_HAND_L_06_001","已声明","1","0","0","0","0","",""
"tomori/c_d3/sad02","1","PARAM_HAND_L_07_001","已声明","1","0","0","0","0","",""
"tomori/c_d3/sad02","1","PARAM_HAND_R_01_001","已声明","135","0","1","1","0","0–1.167s","0–1.067s"
"tomori/c_d3/sad02","1","PARAM_HAND_R_02_001","已声明","1","0","0","0","0","",""
"tomori/c_d3/sad02","1","PARAM_HAND_R_03_001","已声明","1","0","0","0","0","",""
"tomori/c_d3/sad02","1","PARAM_HAND_R_04_001","已声明","1","0","0","0","0","",""
"tomori/c_d3/sad02","1","PARAM_HAND_R_05_001","已声明","135","0","1","0","1","1.133–4.467s","1.233–4.467s"
"tomori/c_d3/sad02","1","PARAM_HAND_R_06_001","已声明","1","0","0","0","0","",""
"tomori/c_d3/sad02","1","PARAM_HAND_R_09_001","已声明","1","0","0","0","0","",""
"tomori/c_d3/sad03","1","PARAM_HAND_L_01_001","已声明","1","1","1","1","1","0–4.967s","0–4.967s"
"tomori/c_d3/sad03","1","PARAM_HAND_L_02_001","已声明","1","0","0","0","0","",""
"tomori/c_d3/sad03","1","PARAM_HAND_L_03_001","已声明","1","0","0","0","0","",""
"tomori/c_d3/sad03","1","PARAM_HAND_L_04_001","已声明","1","0","0","0","0","",""
"tomori/c_d3/sad03","1","PARAM_HAND_L_05_001","已声明","1","0","0","0","0","",""
"tomori/c_d3/sad03","1","PARAM_HAND_L_06_001","已声明","1","0","0","0","0","",""
"tomori/c_d3/sad03","1","PARAM_HAND_L_07_001","已声明","1","0","0","0","0","",""
"tomori/c_d3/sad03","1","PARAM_HAND_R_01_001","已声明","1","1","1","1","1","0–4.967s","0–4.967s"
"tomori/c_d3/sad03","1","PARAM_HAND_R_02_001","已声明","1","0","0","0","0","",""
"tomori/c_d3/sad03","1","PARAM_HAND_R_03_001","已声明","1","0","0","0","0","",""
"tomori/c_d3/sad03","1","PARAM_HAND_R_04_001","已声明","1","0","0","0","0","",""
"tomori/c_d3/sad03","1","PARAM_HAND_R_05_001","已声明","1","0","0","0","0","",""
"tomori/c_d3/sad03","1","PARAM_HAND_R_06_001","已声明","1","0","0","0","0","",""
"tomori/c_d3/sad03","1","PARAM_HAND_R_09_001","已声明","1","0","0","0","0","",""
"tomori/c_d3/sad04","1","PARAM_HAND_L_01_001","已声明","1","1","1","1","1","0–5.467s","0–5.467s"
"tomori/c_d3/sad04","1","PARAM_HAND_L_02_001","已声明","1","0","0","0","0","",""
"tomori/c_d3/sad04","1","PARAM_HAND_L_03_001","已声明","1","0","0","0","0","",""
"tomori/c_d3/sad04","1","PARAM_HAND_L_04_001","已声明","1","0","0","0","0","",""
"tomori/c_d3/sad04","1","PARAM_HAND_L_05_001","已声明","1","0","0","0","0","",""
"tomori/c_d3/sad04","1","PARAM_HAND_L_06_001","已声明","1","0","0","0","0","",""
"tomori/c_d3/sad04","1","PARAM_HAND_L_07_001","已声明","1","0","0","0","0","",""
"tomori/c_d3/sad04","1","PARAM_HAND_R_01_001","已声明","1","1","1","1","1","0–5.467s","0–5.467s"
"tomori/c_d3/sad04","1","PARAM_HAND_R_02_001","已声明","1","0","0","0","0","",""
"tomori/c_d3/sad04","1","PARAM_HAND_R_03_001","已声明","1","0","0","0","0","",""
"tomori/c_d3/sad04","1","PARAM_HAND_R_04_001","已声明","1","0","0","0","0","",""
"tomori/c_d3/sad04","1","PARAM_HAND_R_05_001","已声明","1","0","0","0","0","",""
"tomori/c_d3/sad04","1","PARAM_HAND_R_06_001","已声明","1","0","0","0","0","",""
"tomori/c_d3/sad04","1","PARAM_HAND_R_09_001","已声明","1","0","0","0","0","",""
"tomori/c_d3/serious01","1","PARAM_HAND_L_01_001","已声明","1","1","1","1","1","0–4.467s","0–4.467s"
"tomori/c_d3/serious01","1","PARAM_HAND_L_02_001","已声明","1","0","0","0","0","",""
"tomori/c_d3/serious01","1","PARAM_HAND_L_03_001","已声明","1","0","0","0","0","",""
"tomori/c_d3/serious01","1","PARAM_HAND_L_04_001","已声明","1","0","0","0","0","",""
"tomori/c_d3/serious01","1","PARAM_HAND_L_05_001","已声明","1","0","0","0","0","",""
"tomori/c_d3/serious01","1","PARAM_HAND_L_06_001","已声明","1","0","0","0","0","",""
"tomori/c_d3/serious01","1","PARAM_HAND_L_07_001","已声明","1","0","0","0","0","",""
"tomori/c_d3/serious01","1","PARAM_HAND_R_01_001","已声明","1","1","1","1","1","0–4.467s","0–4.467s"
"tomori/c_d3/serious01","1","PARAM_HAND_R_02_001","已声明","1","0","0","0","0","",""
"tomori/c_d3/serious01","1","PARAM_HAND_R_03_001","已声明","1","0","0","0","0","",""
"tomori/c_d3/serious01","1","PARAM_HAND_R_04_001","已声明","1","0","0","0","0","",""
"tomori/c_d3/serious01","1","PARAM_HAND_R_05_001","已声明","1","0","0","0","0","",""
"tomori/c_d3/serious01","1","PARAM_HAND_R_06_001","已声明","1","0","0","0","0","",""
"tomori/c_d3/serious01","1","PARAM_HAND_R_09_001","已声明","1","0","0","0","0","",""
"tomori/c_d3/serious02","1","PARAM_HAND_L_01_001","已声明","1","1","1","1","1","0–5.467s","0–5.467s"
"tomori/c_d3/serious02","1","PARAM_HAND_L_02_001","已声明","1","0","0","0","0","",""
"tomori/c_d3/serious02","1","PARAM_HAND_L_03_001","已声明","1","0","0","0","0","",""
"tomori/c_d3/serious02","1","PARAM_HAND_L_04_001","已声明","1","0","0","0","0","",""
"tomori/c_d3/serious02","1","PARAM_HAND_L_05_001","已声明","1","0","0","0","0","",""
"tomori/c_d3/serious02","1","PARAM_HAND_L_06_001","已声明","1","0","0","0","0","",""
"tomori/c_d3/serious02","1","PARAM_HAND_L_07_001","已声明","1","0","0","0","0","",""
"tomori/c_d3/serious02","1","PARAM_HAND_R_01_001","已声明","1","1","1","1","1","0–5.467s","0–5.467s"
"tomori/c_d3/serious02","1","PARAM_HAND_R_02_001","已声明","1","0","0","0","0","",""
"tomori/c_d3/serious02","1","PARAM_HAND_R_03_001","已声明","1","0","0","0","0","",""
"tomori/c_d3/serious02","1","PARAM_HAND_R_04_001","已声明","1","0","0","0","0","",""
"tomori/c_d3/serious02","1","PARAM_HAND_R_05_001","已声明","1","0","0","0","0","",""
"tomori/c_d3/serious02","1","PARAM_HAND_R_06_001","已声明","1","0","0","0","0","",""
"tomori/c_d3/serious02","1","PARAM_HAND_R_09_001","已声明","1","0","0","0","0","",""
"tomori/c_d3/shame01","1","PARAM_HAND_L_01_001","已声明","1","0","0","0","0","",""
"tomori/c_d3/shame01","1","PARAM_HAND_L_02_001","已声明","1","0","0","0","0","",""
"tomori/c_d3/shame01","1","PARAM_HAND_L_03_001","已声明","1","0","0","0","0","",""
"tomori/c_d3/shame01","1","PARAM_HAND_L_04_001","已声明","1","0","0","0","0","",""
"tomori/c_d3/shame01","1","PARAM_HAND_L_05_001","已声明","1","1","1","1","1","0–6.467s","0–6.467s"
"tomori/c_d3/shame01","1","PARAM_HAND_L_06_001","已声明","1","0","0","0","0","",""
"tomori/c_d3/shame01","1","PARAM_HAND_L_07_001","已声明","1","0","0","0","0","",""
"tomori/c_d3/shame01","1","PARAM_HAND_R_01_001","已声明","1","0","0","0","0","",""
"tomori/c_d3/shame01","1","PARAM_HAND_R_02_001","已声明","1","0","0","0","0","",""
"tomori/c_d3/shame01","1","PARAM_HAND_R_03_001","已声明","1","0","0","0","0","",""
"tomori/c_d3/shame01","1","PARAM_HAND_R_04_001","已声明","1","0","0","0","0","",""
"tomori/c_d3/shame01","1","PARAM_HAND_R_05_001","已声明","1","1","1","1","1","0–6.467s","0–6.467s"
"tomori/c_d3/shame01","1","PARAM_HAND_R_06_001","已声明","1","0","0","0","0","",""
"tomori/c_d3/shame01","1","PARAM_HAND_R_09_001","已声明","1","0","0","0","0","",""
"tomori/c_d3/shame02","1","PARAM_HAND_L_01_001","已声明","1","1","1","1","1","0–4.967s","0–4.967s"
"tomori/c_d3/shame02","1","PARAM_HAND_L_02_001","已声明","1","0","0","0","0","",""
"tomori/c_d3/shame02","1","PARAM_HAND_L_03_001","已声明","1","0","0","0","0","",""
"tomori/c_d3/shame02","1","PARAM_HAND_L_04_001","已声明","1","0","0","0","0","",""
"tomori/c_d3/shame02","1","PARAM_HAND_L_05_001","已声明","1","0","0","0","0","",""
"tomori/c_d3/shame02","1","PARAM_HAND_L_06_001","已声明","1","0","0","0","0","",""
"tomori/c_d3/shame02","1","PARAM_HAND_L_07_001","已声明","1","0","0","0","0","",""
"tomori/c_d3/shame02","1","PARAM_HAND_R_01_001","已声明","1","1","1","1","1","0–4.967s","0–4.967s"
"tomori/c_d3/shame02","1","PARAM_HAND_R_02_001","已声明","1","0","0","0","0","",""
"tomori/c_d3/shame02","1","PARAM_HAND_R_03_001","已声明","1","0","0","0","0","",""
"tomori/c_d3/shame02","1","PARAM_HAND_R_04_001","已声明","1","0","0","0","0","",""
"tomori/c_d3/shame02","1","PARAM_HAND_R_05_001","已声明","1","0","0","0","0","",""
"tomori/c_d3/shame02","1","PARAM_HAND_R_06_001","已声明","1","0","0","0","0","",""
"tomori/c_d3/shame02","1","PARAM_HAND_R_09_001","已声明","1","0","0","0","0","",""
"tomori/c_d3/sing01","1","PARAM_HAND_L_01_001","已声明","1","0","0","0","0","",""
"tomori/c_d3/sing01","1","PARAM_HAND_L_02_001","已声明","1","0","0","0","0","",""
"tomori/c_d3/sing01","1","PARAM_HAND_L_03_001","已声明","1","0","0","0","0","",""
"tomori/c_d3/sing01","1","PARAM_HAND_L_04_001","已声明","1","0","0","0","0","",""
"tomori/c_d3/sing01","1","PARAM_HAND_L_05_001","已声明","1","1","1","1","1","0–4.633s","0–4.633s"
"tomori/c_d3/sing01","1","PARAM_HAND_L_06_001","已声明","1","0","0","0","0","",""
"tomori/c_d3/sing01","1","PARAM_HAND_L_07_001","已声明","1","0","0","0","0","",""
"tomori/c_d3/sing01","1","PARAM_HAND_R_01_001","已声明","1","0","0","0","0","",""
"tomori/c_d3/sing01","1","PARAM_HAND_R_02_001","已声明","1","0","0","0","0","",""
"tomori/c_d3/sing01","1","PARAM_HAND_R_03_001","已声明","1","0","0","0","0","",""
"tomori/c_d3/sing01","1","PARAM_HAND_R_04_001","已声明","1","0","0","0","0","",""
"tomori/c_d3/sing01","1","PARAM_HAND_R_05_001","已声明","1","1","1","1","1","0–4.633s","0–4.633s"
"tomori/c_d3/sing01","1","PARAM_HAND_R_06_001","已声明","1","0","0","0","0","",""
"tomori/c_d3/sing01","1","PARAM_HAND_R_09_001","已声明","1","0","0","0","0","",""
"tomori/c_d3/sing02","1","PARAM_HAND_L_01_001","已声明","1","0","0","0","0","",""
"tomori/c_d3/sing02","1","PARAM_HAND_L_02_001","已声明","1","0","0","0","0","",""
"tomori/c_d3/sing02","1","PARAM_HAND_L_03_001","已声明","1","0","0","0","0","",""
"tomori/c_d3/sing02","1","PARAM_HAND_L_04_001","已声明","1","0","0","0","0","",""
"tomori/c_d3/sing02","1","PARAM_HAND_L_05_001","已声明","1","1","1","1","1","0–4.633s","0–4.633s"
"tomori/c_d3/sing02","1","PARAM_HAND_L_06_001","已声明","1","0","0","0","0","",""
"tomori/c_d3/sing02","1","PARAM_HAND_L_07_001","已声明","1","0","0","0","0","",""
"tomori/c_d3/sing02","1","PARAM_HAND_R_01_001","已声明","1","0","0","0","0","",""
"tomori/c_d3/sing02","1","PARAM_HAND_R_02_001","已声明","1","0","0","0","0","",""
"tomori/c_d3/sing02","1","PARAM_HAND_R_03_001","已声明","1","0","0","0","0","",""
"tomori/c_d3/sing02","1","PARAM_HAND_R_04_001","已声明","1","0","0","0","0","",""
"tomori/c_d3/sing02","1","PARAM_HAND_R_05_001","已声明","1","1","1","1","1","0–4.633s","0–4.633s"
"tomori/c_d3/sing02","1","PARAM_HAND_R_06_001","已声明","1","0","0","0","0","",""
"tomori/c_d3/sing02","1","PARAM_HAND_R_09_001","已声明","1","0","0","0","0","",""
"tomori/c_d3/smile01","1","PARAM_HAND_L_01_001","已声明","1","1","1","1","1","0–6.467s","0–6.467s"
"tomori/c_d3/smile01","1","PARAM_HAND_L_02_001","已声明","1","0","0","0","0","",""
"tomori/c_d3/smile01","1","PARAM_HAND_L_03_001","已声明","1","0","0","0","0","",""
"tomori/c_d3/smile01","1","PARAM_HAND_L_04_001","已声明","1","0","0","0","0","",""
"tomori/c_d3/smile01","1","PARAM_HAND_L_05_001","已声明","1","0","0","0","0","",""
"tomori/c_d3/smile01","1","PARAM_HAND_L_06_001","已声明","1","0","0","0","0","",""
"tomori/c_d3/smile01","1","PARAM_HAND_L_07_001","已声明","1","0","0","0","0","",""
"tomori/c_d3/smile01","1","PARAM_HAND_R_01_001","已声明","1","1","1","1","1","0–6.467s","0–6.467s"
"tomori/c_d3/smile01","1","PARAM_HAND_R_02_001","已声明","1","0","0","0","0","",""
"tomori/c_d3/smile01","1","PARAM_HAND_R_03_001","已声明","1","0","0","0","0","",""
"tomori/c_d3/smile01","1","PARAM_HAND_R_04_001","已声明","1","0","0","0","0","",""
"tomori/c_d3/smile01","1","PARAM_HAND_R_05_001","已声明","1","0","0","0","0","",""
"tomori/c_d3/smile01","1","PARAM_HAND_R_06_001","已声明","1","0","0","0","0","",""
"tomori/c_d3/smile01","1","PARAM_HAND_R_09_001","已声明","1","0","0","0","0","",""
"tomori/c_d3/smile02","1","PARAM_HAND_L_01_001","已声明","1","1","1","1","1","0–4.467s","0–4.467s"
"tomori/c_d3/smile02","1","PARAM_HAND_L_02_001","已声明","1","0","0","0","0","",""
"tomori/c_d3/smile02","1","PARAM_HAND_L_03_001","已声明","1","0","0","0","0","",""
"tomori/c_d3/smile02","1","PARAM_HAND_L_04_001","已声明","1","0","0","0","0","",""
"tomori/c_d3/smile02","1","PARAM_HAND_L_05_001","已声明","1","0","0","0","0","",""
"tomori/c_d3/smile02","1","PARAM_HAND_L_06_001","已声明","1","0","0","0","0","",""
"tomori/c_d3/smile02","1","PARAM_HAND_L_07_001","已声明","1","0","0","0","0","",""
"tomori/c_d3/smile02","1","PARAM_HAND_R_01_001","已声明","1","1","1","1","1","0–4.467s","0–4.467s"
"tomori/c_d3/smile02","1","PARAM_HAND_R_02_001","已声明","1","0","0","0","0","",""
"tomori/c_d3/smile02","1","PARAM_HAND_R_03_001","已声明","1","0","0","0","0","",""
"tomori/c_d3/smile02","1","PARAM_HAND_R_04_001","已声明","1","0","0","0","0","",""
"tomori/c_d3/smile02","1","PARAM_HAND_R_05_001","已声明","1","0","0","0","0","",""
"tomori/c_d3/smile02","1","PARAM_HAND_R_06_001","已声明","1","0","0","0","0","",""
"tomori/c_d3/smile02","1","PARAM_HAND_R_09_001","已声明","1","0","0","0","0","",""
"tomori/c_d3/smile03","1","PARAM_HAND_L_01_001","已声明","1","1","1","1","1","0–5.467s","0–5.467s"
"tomori/c_d3/smile03","1","PARAM_HAND_L_02_001","已声明","1","0","0","0","0","",""
"tomori/c_d3/smile03","1","PARAM_HAND_L_03_001","已声明","1","0","0","0","0","",""
"tomori/c_d3/smile03","1","PARAM_HAND_L_04_001","已声明","1","0","0","0","0","",""
"tomori/c_d3/smile03","1","PARAM_HAND_L_05_001","已声明","1","0","0","0","0","",""
"tomori/c_d3/smile03","1","PARAM_HAND_L_06_001","已声明","1","0","0","0","0","",""
"tomori/c_d3/smile03","1","PARAM_HAND_L_07_001","已声明","1","0","0","0","0","",""
"tomori/c_d3/smile03","1","PARAM_HAND_R_01_001","已声明","1","1","1","1","1","0–5.467s","0–5.467s"
"tomori/c_d3/smile03","1","PARAM_HAND_R_02_001","已声明","1","0","0","0","0","",""
"tomori/c_d3/smile03","1","PARAM_HAND_R_03_001","已声明","1","0","0","0","0","",""
"tomori/c_d3/smile03","1","PARAM_HAND_R_04_001","已声明","1","0","0","0","0","",""
"tomori/c_d3/smile03","1","PARAM_HAND_R_05_001","已声明","1","0","0","0","0","",""
"tomori/c_d3/smile03","1","PARAM_HAND_R_06_001","已声明","1","0","0","0","0","",""
"tomori/c_d3/smile03","1","PARAM_HAND_R_09_001","已声明","1","0","0","0","0","",""
"tomori/c_d3/smile04","1","PARAM_HAND_L_01_001","已声明","1","1","1","1","1","0–5.467s","0–5.467s"
"tomori/c_d3/smile04","1","PARAM_HAND_L_02_001","已声明","1","0","0","0","0","",""
"tomori/c_d3/smile04","1","PARAM_HAND_L_03_001","已声明","1","0","0","0","0","",""
"tomori/c_d3/smile04","1","PARAM_HAND_L_04_001","已声明","1","0","0","0","0","",""
"tomori/c_d3/smile04","1","PARAM_HAND_L_05_001","已声明","1","0","0","0","0","",""
"tomori/c_d3/smile04","1","PARAM_HAND_L_06_001","已声明","1","0","0","0","0","",""
"tomori/c_d3/smile04","1","PARAM_HAND_L_07_001","已声明","1","0","0","0","0","",""
"tomori/c_d3/smile04","1","PARAM_HAND_R_01_001","已声明","1","1","1","1","1","0–5.467s","0–5.467s"
"tomori/c_d3/smile04","1","PARAM_HAND_R_02_001","已声明","1","0","0","0","0","",""
"tomori/c_d3/smile04","1","PARAM_HAND_R_03_001","已声明","1","0","0","0","0","",""
"tomori/c_d3/smile04","1","PARAM_HAND_R_04_001","已声明","1","0","0","0","0","",""
"tomori/c_d3/smile04","1","PARAM_HAND_R_05_001","已声明","1","0","0","0","0","",""
"tomori/c_d3/smile04","1","PARAM_HAND_R_06_001","已声明","1","0","0","0","0","",""
"tomori/c_d3/smile04","1","PARAM_HAND_R_09_001","已声明","1","0","0","0","0","",""
"tomori/c_d3/surprised01","1","PARAM_HAND_L_01_001","已声明","1","1","1","1","1","0–4.467s","0–4.467s"
"tomori/c_d3/surprised01","1","PARAM_HAND_L_02_001","已声明","1","0","0","0","0","",""
"tomori/c_d3/surprised01","1","PARAM_HAND_L_03_001","已声明","1","0","0","0","0","",""
"tomori/c_d3/surprised01","1","PARAM_HAND_L_04_001","已声明","1","0","0","0","0","",""
"tomori/c_d3/surprised01","1","PARAM_HAND_L_05_001","已声明","1","0","0","0","0","",""
"tomori/c_d3/surprised01","1","PARAM_HAND_L_06_001","已声明","1","0","0","0","0","",""
"tomori/c_d3/surprised01","1","PARAM_HAND_L_07_001","已声明","1","0","0","0","0","",""
"tomori/c_d3/surprised01","1","PARAM_HAND_R_01_001","已声明","1","1","1","1","1","0–4.467s","0–4.467s"
"tomori/c_d3/surprised01","1","PARAM_HAND_R_02_001","已声明","1","0","0","0","0","",""
"tomori/c_d3/surprised01","1","PARAM_HAND_R_03_001","已声明","1","0","0","0","0","",""
"tomori/c_d3/surprised01","1","PARAM_HAND_R_04_001","已声明","1","0","0","0","0","",""
"tomori/c_d3/surprised01","1","PARAM_HAND_R_05_001","已声明","1","0","0","0","0","",""
"tomori/c_d3/surprised01","1","PARAM_HAND_R_06_001","已声明","1","0","0","0","0","",""
"tomori/c_d3/surprised01","1","PARAM_HAND_R_09_001","已声明","1","0","0","0","0","",""
"tomori/c_d3/thinking01","1","PARAM_HAND_L_01_001","已声明","1","1","1","1","1","0–5.967s","0–5.967s"
"tomori/c_d3/thinking01","1","PARAM_HAND_L_02_001","已声明","1","0","0","0","0","",""
"tomori/c_d3/thinking01","1","PARAM_HAND_L_03_001","已声明","1","0","0","0","0","",""
"tomori/c_d3/thinking01","1","PARAM_HAND_L_04_001","已声明","1","0","0","0","0","",""
"tomori/c_d3/thinking01","1","PARAM_HAND_L_05_001","已声明","1","0","0","0","0","",""
"tomori/c_d3/thinking01","1","PARAM_HAND_L_06_001","已声明","1","0","0","0","0","",""
"tomori/c_d3/thinking01","1","PARAM_HAND_L_07_001","已声明","1","0","0","0","0","",""
"tomori/c_d3/thinking01","1","PARAM_HAND_R_01_001","已声明","1","1","1","1","1","0–5.967s","0–5.967s"
"tomori/c_d3/thinking01","1","PARAM_HAND_R_02_001","已声明","1","0","0","0","0","",""
"tomori/c_d3/thinking01","1","PARAM_HAND_R_03_001","已声明","1","0","0","0","0","",""
"tomori/c_d3/thinking01","1","PARAM_HAND_R_04_001","已声明","1","0","0","0","0","",""
"tomori/c_d3/thinking01","1","PARAM_HAND_R_05_001","已声明","1","0","0","0","0","",""
"tomori/c_d3/thinking01","1","PARAM_HAND_R_06_001","已声明","1","0","0","0","0","",""
"tomori/c_d3/thinking01","1","PARAM_HAND_R_09_001","已声明","1","0","0","0","0","",""
"tomori/c_d3/thinking02","1","PARAM_HAND_L_01_001","已声明","1","1","1","1","1","0–5.967s","0–5.967s"
"tomori/c_d3/thinking02","1","PARAM_HAND_L_02_001","已声明","1","0","0","0","0","",""
"tomori/c_d3/thinking02","1","PARAM_HAND_L_03_001","已声明","1","0","0","0","0","",""
"tomori/c_d3/thinking02","1","PARAM_HAND_L_04_001","已声明","1","0","0","0","0","",""
"tomori/c_d3/thinking02","1","PARAM_HAND_L_05_001","已声明","1","0","0","0","0","",""
"tomori/c_d3/thinking02","1","PARAM_HAND_L_06_001","已声明","1","0","0","0","0","",""
"tomori/c_d3/thinking02","1","PARAM_HAND_L_07_001","已声明","1","0","0","0","0","",""
"tomori/c_d3/thinking02","1","PARAM_HAND_R_01_001","已声明","1","1","1","1","1","0–5.967s","0–5.967s"
"tomori/c_d3/thinking02","1","PARAM_HAND_R_02_001","已声明","1","0","0","0","0","",""
"tomori/c_d3/thinking02","1","PARAM_HAND_R_03_001","已声明","1","0","0","0","0","",""
"tomori/c_d3/thinking02","1","PARAM_HAND_R_04_001","已声明","1","0","0","0","0","",""
"tomori/c_d3/thinking02","1","PARAM_HAND_R_05_001","已声明","1","0","0","0","0","",""
"tomori/c_d3/thinking02","1","PARAM_HAND_R_06_001","已声明","1","0","0","0","0","",""
"tomori/c_d3/thinking02","1","PARAM_HAND_R_09_001","已声明","1","0","0","0","0","",""
"tomori/cry01","1","PARAM_HAND_L_01_001","已声明","1","1","1","1","1","0–3.867s","0–3.867s"
"tomori/cry01","1","PARAM_HAND_L_02_001","已声明","1","0","0","0","0","",""
"tomori/cry01","1","PARAM_HAND_L_03_001","已声明","1","0","0","0","0","",""
"tomori/cry01","1","PARAM_HAND_L_04_001","已声明","1","0","0","0","0","",""
"tomori/cry01","1","PARAM_HAND_L_05_001","已声明","1","0","0","0","0","",""
"tomori/cry01","1","PARAM_HAND_L_06_001","已声明","1","0","0","0","0","",""
"tomori/cry01","1","PARAM_HAND_L_07_001","已声明","1","0","0","0","0","",""
"tomori/cry01","1","PARAM_HAND_R_01_001","已声明","1","0","0","0","0","",""
"tomori/cry01","1","PARAM_HAND_R_02_001","已声明","1","0","0","0","0","",""
"tomori/cry01","1","PARAM_HAND_R_03_001","已声明","1","0","0","0","0","",""
"tomori/cry01","1","PARAM_HAND_R_04_001","已声明","1","0.01","0.01","0.01","0.01","0–3.867s",""
"tomori/cry01","1","PARAM_HAND_R_05_001","已声明","1","1","1","1","1","0–3.867s","0–3.867s"
"tomori/cry01","1","PARAM_HAND_R_06_001","已声明","1","0","0","0","0","",""
"tomori/cry01","1","PARAM_HAND_R_09_001","已声明","1","0","0","0","0","",""
"tomori/cry02","1","PARAM_HAND_L_01_001","已声明","1","0","0","0","0","",""
"tomori/cry02","1","PARAM_HAND_L_02_001","已声明","1","0","0","0","0","",""
"tomori/cry02","1","PARAM_HAND_L_03_001","已声明","1","0","0","0","0","",""
"tomori/cry02","1","PARAM_HAND_L_04_001","已声明","1","0","0","0","0","",""
"tomori/cry02","1","PARAM_HAND_L_05_001","已声明","150","0","1","0","1","1.867–4.967s","1.9–4.967s"
"tomori/cry02","1","PARAM_HAND_L_06_001","已声明","1","0","0","0","0","",""
"tomori/cry02","1","PARAM_HAND_L_07_001","已声明","150","0","1","1","0","0–1.933s","0–1.867s"
"tomori/cry02","1","PARAM_HAND_R_01_001","已声明","1","0","0","0","0","",""
"tomori/cry02","1","PARAM_HAND_R_02_001","已声明","1","0","0","0","0","",""
"tomori/cry02","1","PARAM_HAND_R_03_001","已声明","1","0","0","0","0","",""
"tomori/cry02","1","PARAM_HAND_R_04_001","已声明","1","0","0","0","0","",""
"tomori/cry02","1","PARAM_HAND_R_05_001","已声明","1","1","1","1","1","0–4.967s","0–4.967s"
"tomori/cry02","1","PARAM_HAND_R_06_001","已声明","1","0","0","0","0","",""
"tomori/cry02","1","PARAM_HAND_R_09_001","已声明","1","0","0","0","0","",""
"tomori/cry03","1","PARAM_HAND_L_01_001","已声明","1","0","0","0","0","",""
"tomori/cry03","1","PARAM_HAND_L_02_001","已声明","1","0","0","0","0","",""
"tomori/cry03","1","PARAM_HAND_L_03_001","已声明","1","0","0","0","0","",""
"tomori/cry03","1","PARAM_HAND_L_04_001","已声明","1","0","0","0","0","",""
"tomori/cry03","1","PARAM_HAND_L_05_001","已声明","1","1","1","1","1","0–7.967s","0–7.967s"
"tomori/cry03","1","PARAM_HAND_L_06_001","已声明","1","0","0","0","0","",""
"tomori/cry03","1","PARAM_HAND_L_07_001","已声明","1","0","0","0","0","",""
"tomori/cry03","1","PARAM_HAND_R_01_001","已声明","1","0","0","0","0","",""
"tomori/cry03","1","PARAM_HAND_R_02_001","已声明","1","0","0","0","0","",""
"tomori/cry03","1","PARAM_HAND_R_03_001","已声明","1","0","0","0","0","",""
"tomori/cry03","1","PARAM_HAND_R_04_001","已声明","1","0","0","0","0","",""
"tomori/cry03","1","PARAM_HAND_R_05_001","已声明","1","1","1","1","1","0–7.967s","0–7.967s"
"tomori/cry03","1","PARAM_HAND_R_06_001","已声明","1","0","0","0","0","",""
"tomori/cry03","1","PARAM_HAND_R_09_001","已声明","1","0","0","0","0","",""
"tomori/cry04","1","PARAM_HAND_L_01_001","已声明","1","1","1","1","1","0–3.867s","0–3.867s"
"tomori/cry04","1","PARAM_HAND_L_02_001","已声明","1","0","0","0","0","",""
"tomori/cry04","1","PARAM_HAND_L_03_001","已声明","1","0","0","0","0","",""
"tomori/cry04","1","PARAM_HAND_L_04_001","已声明","1","0","0","0","0","",""
"tomori/cry04","1","PARAM_HAND_L_05_001","已声明","1","0","0","0","0","",""
"tomori/cry04","1","PARAM_HAND_L_06_001","已声明","1","0","0","0","0","",""
"tomori/cry04","1","PARAM_HAND_L_07_001","已声明","1","0","0","0","0","",""
"tomori/cry04","1","PARAM_HAND_R_01_001","已声明","1","0","0","0","0","",""
"tomori/cry04","1","PARAM_HAND_R_02_001","已声明","1","0","0","0","0","",""
"tomori/cry04","1","PARAM_HAND_R_03_001","已声明","1","0","0","0","0","",""
"tomori/cry04","1","PARAM_HAND_R_04_001","已声明","1","0.01","0.01","0.01","0.01","0–3.867s",""
"tomori/cry04","1","PARAM_HAND_R_05_001","已声明","1","1","1","1","1","0–3.867s","0–3.867s"
"tomori/cry04","1","PARAM_HAND_R_06_001","已声明","1","0","0","0","0","",""
"tomori/cry04","1","PARAM_HAND_R_09_001","已声明","1","0","0","0","0","",""
"tomori/cry05","1","PARAM_HAND_L_01_001","已声明","1","0","0","0","0","",""
"tomori/cry05","1","PARAM_HAND_L_02_001","已声明","1","0","0","0","0","",""
"tomori/cry05","1","PARAM_HAND_L_03_001","已声明","1","0","0","0","0","",""
"tomori/cry05","1","PARAM_HAND_L_04_001","已声明","1","0","0","0","0","",""
"tomori/cry05","1","PARAM_HAND_L_05_001","已声明","150","0","1","0","1","1.733–4.967s","1.767–4.967s"
"tomori/cry05","1","PARAM_HAND_L_06_001","已声明","1","0","0","0","0","",""
"tomori/cry05","1","PARAM_HAND_L_07_001","已声明","150","0","1","1","0","0–1.8s","0–1.733s"
"tomori/cry05","1","PARAM_HAND_R_01_001","已声明","1","0","0","0","0","",""
"tomori/cry05","1","PARAM_HAND_R_02_001","已声明","1","0","0","0","0","",""
"tomori/cry05","1","PARAM_HAND_R_03_001","已声明","1","0","0","0","0","",""
"tomori/cry05","1","PARAM_HAND_R_04_001","已声明","1","0","0","0","0","",""
"tomori/cry05","1","PARAM_HAND_R_05_001","已声明","1","1","1","1","1","0–4.967s","0–4.967s"
"tomori/cry05","1","PARAM_HAND_R_06_001","已声明","1","0","0","0","0","",""
"tomori/cry05","1","PARAM_HAND_R_09_001","已声明","1","0","0","0","0","",""
"tomori/gacha_b2024_01","1","PARAM_HAND_L_01_001","已声明","1","0","0","0","0","",""
"tomori/gacha_b2024_01","1","PARAM_HAND_L_02_001","已声明","1","0","0","0","0","",""
"tomori/gacha_b2024_01","1","PARAM_HAND_L_03_001","已声明","1","0","0","0","0","",""
"tomori/gacha_b2024_01","1","PARAM_HAND_L_04_001","已声明","1","0","0","0","0","",""
"tomori/gacha_b2024_01","1","PARAM_HAND_L_05_001","已声明","1","0","0","0","0","",""
"tomori/gacha_b2024_01","1","PARAM_HAND_L_06_001","已声明","1","0","0","0","0","",""
"tomori/gacha_b2024_01","1","PARAM_HAND_L_07_001","已声明","1","1","1","1","1","0–4.467s","0–4.467s"
"tomori/gacha_b2024_01","1","PARAM_HAND_R_01_001","已声明","1","0","0","0","0","",""
"tomori/gacha_b2024_01","1","PARAM_HAND_R_02_001","已声明","1","0","0","0","0","",""
"tomori/gacha_b2024_01","1","PARAM_HAND_R_03_001","已声明","1","0","0","0","0","",""
"tomori/gacha_b2024_01","1","PARAM_HAND_R_04_001","已声明","1","0","0","0","0","",""
"tomori/gacha_b2024_01","1","PARAM_HAND_R_05_001","已声明","1","1","1","1","1","0–4.467s","0–4.467s"
"tomori/gacha_b2024_01","1","PARAM_HAND_R_06_001","已声明","1","0","0","0","0","",""
"tomori/gacha_b2024_01","1","PARAM_HAND_R_09_001","已声明","1","0","0","0","0","",""
"tomori/gacha_c_a_01","1","PARAM_HAND_L_01_001","已声明","1","1","1","1","1","0–4.967s","0–4.967s"
"tomori/gacha_c_a_01","1","PARAM_HAND_L_02_001","已声明","1","0","0","0","0","",""
"tomori/gacha_c_a_01","1","PARAM_HAND_L_03_001","已声明","1","0","0","0","0","",""
"tomori/gacha_c_a_01","1","PARAM_HAND_L_04_001","已声明","1","0","0","0","0","",""
"tomori/gacha_c_a_01","1","PARAM_HAND_L_05_001","已声明","1","0","0","0","0","",""
"tomori/gacha_c_a_01","1","PARAM_HAND_L_06_001","已声明","1","0","0","0","0","",""
"tomori/gacha_c_a_01","1","PARAM_HAND_L_07_001","已声明","1","0","0","0","0","",""
"tomori/gacha_c_a_01","1","PARAM_HAND_R_01_001","已声明","1","0","0","0","0","",""
"tomori/gacha_c_a_01","1","PARAM_HAND_R_02_001","已声明","1","0","0","0","0","",""
"tomori/gacha_c_a_01","1","PARAM_HAND_R_03_001","已声明","1","0","0","0","0","",""
"tomori/gacha_c_a_01","1","PARAM_HAND_R_04_001","已声明","1","0","0","0","0","",""
"tomori/gacha_c_a_01","1","PARAM_HAND_R_05_001","已声明","1","1","1","1","1","0–4.967s","0–4.967s"
"tomori/gacha_c_a_01","1","PARAM_HAND_R_06_001","已声明","1","0","0","0","0","",""
"tomori/gacha_c_a_01","1","PARAM_HAND_R_09_001","已声明","1","0","0","0","0","",""
"tomori/gacha_df3_01","1","PARAM_HAND_L_01_001","已声明","1","0","0","0","0","",""
"tomori/gacha_df3_01","1","PARAM_HAND_L_02_001","已声明","1","0","0","0","0","",""
"tomori/gacha_df3_01","1","PARAM_HAND_L_03_001","已声明","1","0","0","0","0","",""
"tomori/gacha_df3_01","1","PARAM_HAND_L_04_001","已声明","1","0","0","0","0","",""
"tomori/gacha_df3_01","1","PARAM_HAND_L_05_001","已声明","1","0","0","0","0","",""
"tomori/gacha_df3_01","1","PARAM_HAND_L_06_001","已声明","1","0","0","0","0","",""
"tomori/gacha_df3_01","1","PARAM_HAND_L_07_001","已声明","1","1","1","1","1","0–5.467s","0–5.467s"
"tomori/gacha_df3_01","1","PARAM_HAND_R_01_001","已声明","1","1","1","1","1","0–5.467s","0–5.467s"
"tomori/gacha_df3_01","1","PARAM_HAND_R_02_001","已声明","1","0","0","0","0","",""
"tomori/gacha_df3_01","1","PARAM_HAND_R_03_001","已声明","1","0","0","0","0","",""
"tomori/gacha_df3_01","1","PARAM_HAND_R_04_001","已声明","1","0","0","0","0","",""
"tomori/gacha_df3_01","1","PARAM_HAND_R_05_001","已声明","1","0","0","0","0","",""
"tomori/gacha_df3_01","1","PARAM_HAND_R_06_001","已声明","1","0","0","0","0","",""
"tomori/gacha_df3_01","1","PARAM_HAND_R_09_001","已声明","1","0","0","0","0","",""
"tomori/gacha_e235_01","1","PARAM_HAND_L_01_001","已声明","1","1","1","1","1","0–3.967s","0–3.967s"
"tomori/gacha_e235_01","1","PARAM_HAND_L_02_001","已声明","1","0","0","0","0","",""
"tomori/gacha_e235_01","1","PARAM_HAND_L_03_001","已声明","1","0","0","0","0","",""
"tomori/gacha_e235_01","1","PARAM_HAND_L_04_001","已声明","1","0","0","0","0","",""
"tomori/gacha_e235_01","1","PARAM_HAND_L_05_001","已声明","1","0","0","0","0","",""
"tomori/gacha_e235_01","1","PARAM_HAND_L_06_001","已声明","1","0","0","0","0","",""
"tomori/gacha_e235_01","1","PARAM_HAND_L_07_001","已声明","1","0","0","0","0","",""
"tomori/gacha_e235_01","1","PARAM_HAND_R_01_001","已声明","1","0","0","0","0","",""
"tomori/gacha_e235_01","1","PARAM_HAND_R_02_001","已声明","1","0","0","0","0","",""
"tomori/gacha_e235_01","1","PARAM_HAND_R_03_001","已声明","1","0","0","0","0","",""
"tomori/gacha_e235_01","1","PARAM_HAND_R_04_001","已声明","1","0","0","0","0","",""
"tomori/gacha_e235_01","1","PARAM_HAND_R_05_001","已声明","1","1","1","1","1","0–3.967s","0–3.967s"
"tomori/gacha_e235_01","1","PARAM_HAND_R_06_001","已声明","1","0","0","0","0","",""
"tomori/gacha_e235_01","1","PARAM_HAND_R_09_001","已声明","1","0","0","0","0","",""
"tomori/gacha_e250_01","1","PARAM_HAND_L_01_001","已声明","1","1","1","1","1","0–6.467s","0–6.467s"
"tomori/gacha_e250_01","1","PARAM_HAND_L_02_001","已声明","1","0","0","0","0","",""
"tomori/gacha_e250_01","1","PARAM_HAND_L_03_001","已声明","1","0","0","0","0","",""
"tomori/gacha_e250_01","1","PARAM_HAND_L_04_001","已声明","1","0","0","0","0","",""
"tomori/gacha_e250_01","1","PARAM_HAND_L_05_001","已声明","1","0","0","0","0","",""
"tomori/gacha_e250_01","1","PARAM_HAND_L_06_001","已声明","1","0","0","0","0","",""
"tomori/gacha_e250_01","1","PARAM_HAND_L_07_001","已声明","1","0","0","0","0","",""
"tomori/gacha_e250_01","1","PARAM_HAND_R_01_001","已声明","1","0","0","0","0","",""
"tomori/gacha_e250_01","1","PARAM_HAND_R_02_001","已声明","1","0","0","0","0","",""
"tomori/gacha_e250_01","1","PARAM_HAND_R_03_001","已声明","1","0","0","0","0","",""
"tomori/gacha_e250_01","1","PARAM_HAND_R_04_001","已声明","1","0","0","0","0","",""
"tomori/gacha_e250_01","1","PARAM_HAND_R_05_001","已声明","1","1","1","1","1","0–6.467s","0–6.467s"
"tomori/gacha_e250_01","1","PARAM_HAND_R_06_001","已声明","1","0","0","0","0","",""
"tomori/gacha_e250_01","1","PARAM_HAND_R_09_001","已声明","1","0","0","0","0","",""
"tomori/gacha_e286_01","1","PARAM_HAND_L_01_001","已声明","360","0","1","1","0","0–6.267s","0–6.133s"
"tomori/gacha_e286_01","1","PARAM_HAND_L_02_001","已声明","1","0","0","0","0","",""
"tomori/gacha_e286_01","1","PARAM_HAND_L_03_001","已声明","360","0","1","0","1","6.333–11.967s","6.367–11.967s"
"tomori/gacha_e286_01","1","PARAM_HAND_L_04_001","已声明","1","0","0","0","0","",""
"tomori/gacha_e286_01","1","PARAM_HAND_L_05_001","已声明","360","0","1","0","0","6.067–6.4s","6.167–6.333s"
"tomori/gacha_e286_01","1","PARAM_HAND_L_06_001","已声明","1","0","0","0","0","",""
"tomori/gacha_e286_01","1","PARAM_HAND_L_07_001","已声明","1","0","0","0","0","",""
"tomori/gacha_e286_01","1","PARAM_HAND_R_01_001","已声明","1","0","0","0","0","",""
"tomori/gacha_e286_01","1","PARAM_HAND_R_02_001","已声明","1","0","0","0","0","",""
"tomori/gacha_e286_01","1","PARAM_HAND_R_03_001","已声明","1","0","0","0","0","",""
"tomori/gacha_e286_01","1","PARAM_HAND_R_04_001","已声明","1","0","0","0","0","",""
"tomori/gacha_e286_01","1","PARAM_HAND_R_05_001","已声明","1","1","1","1","1","0–11.967s","0–11.967s"
"tomori/gacha_e286_01","1","PARAM_HAND_R_06_001","已声明","1","0","0","0","0","",""
"tomori/gacha_e286_01","1","PARAM_HAND_R_09_001","已声明","1","0","0","0","0","",""
"tomori/gacha_e289_01","1","PARAM_HAND_L_01_001","已声明","1","0","0","0","0","",""
"tomori/gacha_e289_01","1","PARAM_HAND_L_02_001","已声明","1","0","0","0","0","",""
"tomori/gacha_e289_01","1","PARAM_HAND_L_03_001","已声明","1","0","0","0","0","",""
"tomori/gacha_e289_01","1","PARAM_HAND_L_04_001","已声明","1","0","0","0","0","",""
"tomori/gacha_e289_01","1","PARAM_HAND_L_05_001","已声明","270","0","1","0","1","5.2–8.967s","5.233–8.967s"
"tomori/gacha_e289_01","1","PARAM_HAND_L_06_001","已声明","1","0","0","0","0","",""
"tomori/gacha_e289_01","1","PARAM_HAND_L_07_001","已声明","1","0","0","0","0","",""
"tomori/gacha_e289_01","1","PARAM_HAND_R_01_001","已声明","1","0","0","0","0","",""
"tomori/gacha_e289_01","1","PARAM_HAND_R_02_001","已声明","1","0","0","0","0","",""
"tomori/gacha_e289_01","1","PARAM_HAND_R_03_001","已声明","1","0","0","0","0","",""
"tomori/gacha_e289_01","1","PARAM_HAND_R_04_001","已声明","1","0","0","0","0","",""
"tomori/gacha_e289_01","1","PARAM_HAND_R_05_001","已声明","270","0","1","0","1","5.2–8.967s","5.233–8.967s"
"tomori/gacha_e289_01","1","PARAM_HAND_R_06_001","已声明","1","0","0","0","0","",""
"tomori/gacha_e289_01","1","PARAM_HAND_R_09_001","已声明","1","0","0","0","0","",""
"tomori/gacha_e297_01","1","PARAM_HAND_L_01_001","已声明","1","0","0","0","0","",""
"tomori/gacha_e297_01","1","PARAM_HAND_L_02_001","已声明","1","0","0","0","0","",""
"tomori/gacha_e297_01","1","PARAM_HAND_L_03_001","已声明","1","1","1","1","1","0–6.967s","0–6.967s"
"tomori/gacha_e297_01","1","PARAM_HAND_L_04_001","已声明","1","0","0","0","0","",""
"tomori/gacha_e297_01","1","PARAM_HAND_L_05_001","已声明","1","0","0","0","0","",""
"tomori/gacha_e297_01","1","PARAM_HAND_L_06_001","已声明","1","0","0","0","0","",""
"tomori/gacha_e297_01","1","PARAM_HAND_L_07_001","已声明","1","0","0","0","0","",""
"tomori/gacha_e297_01","1","PARAM_HAND_R_01_001","已声明","1","1","1","1","1","0–6.967s","0–6.967s"
"tomori/gacha_e297_01","1","PARAM_HAND_R_02_001","已声明","1","0","0","0","0","",""
"tomori/gacha_e297_01","1","PARAM_HAND_R_03_001","已声明","1","0","0","0","0","",""
"tomori/gacha_e297_01","1","PARAM_HAND_R_04_001","已声明","1","0","0","0","0","",""
"tomori/gacha_e297_01","1","PARAM_HAND_R_05_001","已声明","1","0","0","0","0","",""
"tomori/gacha_e297_01","1","PARAM_HAND_R_06_001","已声明","1","0","0","0","0","",""
"tomori/gacha_e297_01","1","PARAM_HAND_R_09_001","已声明","1","0","0","0","0","",""
"tomori/idle01","1","PARAM_HAND_L_01_001","已声明","1","1","1","1","1","0–5.967s","0–5.967s"
"tomori/idle01","1","PARAM_HAND_L_02_001","已声明","1","0","0","0","0","",""
"tomori/idle01","1","PARAM_HAND_L_03_001","已声明","1","0","0","0","0","",""
"tomori/idle01","1","PARAM_HAND_L_04_001","已声明","1","0","0","0","0","",""
"tomori/idle01","1","PARAM_HAND_L_05_001","已声明","1","0","0","0","0","",""
"tomori/idle01","1","PARAM_HAND_L_06_001","已声明","1","0","0","0","0","",""
"tomori/idle01","1","PARAM_HAND_L_07_001","已声明","1","0","0","0","0","",""
"tomori/idle01","1","PARAM_HAND_R_01_001","已声明","1","0","0","0","0","",""
"tomori/idle01","1","PARAM_HAND_R_02_001","已声明","1","0","0","0","0","",""
"tomori/idle01","1","PARAM_HAND_R_03_001","已声明","1","0","0","0","0","",""
"tomori/idle01","1","PARAM_HAND_R_04_001","已声明","1","0","0","0","0","",""
"tomori/idle01","1","PARAM_HAND_R_05_001","已声明","1","1","1","1","1","0–5.967s","0–5.967s"
"tomori/idle01","1","PARAM_HAND_R_06_001","已声明","1","0","0","0","0","",""
"tomori/idle01","1","PARAM_HAND_R_09_001","已声明","1","0","0","0","0","",""
"tomori/kandou01","1","PARAM_HAND_L_01_001","已声明","1","0","0","0","0","",""
"tomori/kandou01","1","PARAM_HAND_L_02_001","已声明","1","0","0","0","0","",""
"tomori/kandou01","1","PARAM_HAND_L_03_001","已声明","1","0","0","0","0","",""
"tomori/kandou01","1","PARAM_HAND_L_04_001","已声明","1","0","0","0","0","",""
"tomori/kandou01","1","PARAM_HAND_L_05_001","已声明","1","1","1","1","1","0–5.467s","0–5.467s"
"tomori/kandou01","1","PARAM_HAND_L_06_001","已声明","1","0","0","0","0","",""
"tomori/kandou01","1","PARAM_HAND_L_07_001","已声明","1","0","0","0","0","",""
"tomori/kandou01","1","PARAM_HAND_R_01_001","已声明","1","0","0","0","0","",""
"tomori/kandou01","1","PARAM_HAND_R_02_001","已声明","1","0","0","0","0","",""
"tomori/kandou01","1","PARAM_HAND_R_03_001","已声明","1","0","0","0","0","",""
"tomori/kandou01","1","PARAM_HAND_R_04_001","已声明","1","0","0","0","0","",""
"tomori/kandou01","1","PARAM_HAND_R_05_001","已声明","1","1","1","1","1","0–5.467s","0–5.467s"
"tomori/kandou01","1","PARAM_HAND_R_06_001","已声明","1","0","0","0","0","",""
"tomori/kandou01","1","PARAM_HAND_R_09_001","已声明","1","0","0","0","0","",""
"tomori/kandou02","1","PARAM_HAND_L_01_001","已声明","1","0","0","0","0","",""
"tomori/kandou02","1","PARAM_HAND_L_02_001","已声明","1","0","0","0","0","",""
"tomori/kandou02","1","PARAM_HAND_L_03_001","已声明","1","0","0","0","0","",""
"tomori/kandou02","1","PARAM_HAND_L_04_001","已声明","1","0","0","0","0","",""
"tomori/kandou02","1","PARAM_HAND_L_05_001","已声明","1","1","1","1","1","0–8.967s","0–8.967s"
"tomori/kandou02","1","PARAM_HAND_L_06_001","已声明","1","0","0","0","0","",""
"tomori/kandou02","1","PARAM_HAND_L_07_001","已声明","1","0","0","0","0","",""
"tomori/kandou02","1","PARAM_HAND_R_01_001","已声明","1","0","0","0","0","",""
"tomori/kandou02","1","PARAM_HAND_R_02_001","已声明","1","0","0","0","0","",""
"tomori/kandou02","1","PARAM_HAND_R_03_001","已声明","1","0","0","0","0","",""
"tomori/kandou02","1","PARAM_HAND_R_04_001","已声明","1","0","0","0","0","",""
"tomori/kandou02","1","PARAM_HAND_R_05_001","已声明","1","1","1","1","1","0–8.967s","0–8.967s"
"tomori/kandou02","1","PARAM_HAND_R_06_001","已声明","1","0","0","0","0","",""
"tomori/kandou02","1","PARAM_HAND_R_09_001","已声明","1","0","0","0","0","",""
"tomori/kandou03","1","PARAM_HAND_L_01_001","已声明","1","0","0","0","0","",""
"tomori/kandou03","1","PARAM_HAND_L_02_001","已声明","1","0","0","0","0","",""
"tomori/kandou03","1","PARAM_HAND_L_03_001","已声明","1","0","0","0","0","",""
"tomori/kandou03","1","PARAM_HAND_L_04_001","已声明","1","0","0","0","0","",""
"tomori/kandou03","1","PARAM_HAND_L_05_001","已声明","1","1","1","1","1","0–7.967s","0–7.967s"
"tomori/kandou03","1","PARAM_HAND_L_06_001","已声明","1","0","0","0","0","",""
"tomori/kandou03","1","PARAM_HAND_L_07_001","已声明","1","0","0","0","0","",""
"tomori/kandou03","1","PARAM_HAND_R_01_001","已声明","1","0","0","0","0","",""
"tomori/kandou03","1","PARAM_HAND_R_02_001","已声明","1","0","0","0","0","",""
"tomori/kandou03","1","PARAM_HAND_R_03_001","已声明","1","0","0","0","0","",""
"tomori/kandou03","1","PARAM_HAND_R_04_001","已声明","1","0","0","0","0","",""
"tomori/kandou03","1","PARAM_HAND_R_05_001","已声明","1","1","1","1","1","0–7.967s","0–7.967s"
"tomori/kandou03","1","PARAM_HAND_R_06_001","已声明","1","0","0","0","0","",""
"tomori/kandou03","1","PARAM_HAND_R_09_001","已声明","1","0","0","0","0","",""
"tomori/kime01","1","PARAM_HAND_L_01_001","已声明","1","1","1","1","1","0–4.967s","0–4.967s"
"tomori/kime01","1","PARAM_HAND_L_02_001","已声明","1","0","0","0","0","",""
"tomori/kime01","1","PARAM_HAND_L_03_001","已声明","1","0","0","0","0","",""
"tomori/kime01","1","PARAM_HAND_L_04_001","已声明","1","0","0","0","0","",""
"tomori/kime01","1","PARAM_HAND_L_05_001","已声明","1","0","0","0","0","",""
"tomori/kime01","1","PARAM_HAND_L_06_001","已声明","1","0","0","0","0","",""
"tomori/kime01","1","PARAM_HAND_L_07_001","已声明","1","0","0","0","0","",""
"tomori/kime01","1","PARAM_HAND_R_01_001","已声明","1","0","0","0","0","",""
"tomori/kime01","1","PARAM_HAND_R_02_001","已声明","1","0","0","0","0","",""
"tomori/kime01","1","PARAM_HAND_R_03_001","已声明","1","0","0","0","0","",""
"tomori/kime01","1","PARAM_HAND_R_04_001","已声明","1","0","0","0","0","",""
"tomori/kime01","1","PARAM_HAND_R_05_001","已声明","1","1","1","1","1","0–4.967s","0–4.967s"
"tomori/kime01","1","PARAM_HAND_R_06_001","已声明","1","0","0","0","0","",""
"tomori/kime01","1","PARAM_HAND_R_09_001","已声明","1","0","0","0","0","",""
"tomori/kime02","1","PARAM_HAND_L_01_001","已声明","1","1","1","1","1","0–3.967s","0–3.967s"
"tomori/kime02","1","PARAM_HAND_L_02_001","已声明","1","0","0","0","0","",""
"tomori/kime02","1","PARAM_HAND_L_03_001","已声明","1","0","0","0","0","",""
"tomori/kime02","1","PARAM_HAND_L_04_001","已声明","1","0","0","0","0","",""
"tomori/kime02","1","PARAM_HAND_L_05_001","已声明","1","0","0","0","0","",""
"tomori/kime02","1","PARAM_HAND_L_06_001","已声明","1","0","0","0","0","",""
"tomori/kime02","1","PARAM_HAND_L_07_001","已声明","1","0","0","0","0","",""
"tomori/kime02","1","PARAM_HAND_R_01_001","已声明","1","0","0","0","0","",""
"tomori/kime02","1","PARAM_HAND_R_02_001","已声明","1","0","0","0","0","",""
"tomori/kime02","1","PARAM_HAND_R_03_001","已声明","1","0","0","0","0","",""
"tomori/kime02","1","PARAM_HAND_R_04_001","已声明","1","0","0","0","0","",""
"tomori/kime02","1","PARAM_HAND_R_05_001","已声明","1","1","1","1","1","0–3.967s","0–3.967s"
"tomori/kime02","1","PARAM_HAND_R_06_001","已声明","1","0","0","0","0","",""
"tomori/kime02","1","PARAM_HAND_R_09_001","已声明","1","0","0","0","0","",""
"tomori/nf_left01","1","PARAM_HAND_L_01_001","已声明","1","1","1","1","1","0–3.967s","0–3.967s"
"tomori/nf_left01","1","PARAM_HAND_L_02_001","已声明","1","0","0","0","0","",""
"tomori/nf_left01","1","PARAM_HAND_L_03_001","已声明","1","0","0","0","0","",""
"tomori/nf_left01","1","PARAM_HAND_L_04_001","已声明","1","0","0","0","0","",""
"tomori/nf_left01","1","PARAM_HAND_L_05_001","已声明","1","0","0","0","0","",""
"tomori/nf_left01","1","PARAM_HAND_L_06_001","已声明","1","0","0","0","0","",""
"tomori/nf_left01","1","PARAM_HAND_L_07_001","已声明","1","0","0","0","0","",""
"tomori/nf_left01","1","PARAM_HAND_R_01_001","已声明","1","1","1","1","1","0–3.967s","0–3.967s"
"tomori/nf_left01","1","PARAM_HAND_R_02_001","已声明","1","0","0","0","0","",""
"tomori/nf_left01","1","PARAM_HAND_R_03_001","已声明","1","0","0","0","0","",""
"tomori/nf_left01","1","PARAM_HAND_R_04_001","已声明","1","0","0","0","0","",""
"tomori/nf_left01","1","PARAM_HAND_R_05_001","已声明","1","0","0","0","0","",""
"tomori/nf_left01","1","PARAM_HAND_R_06_001","已声明","1","0","0","0","0","",""
"tomori/nf_left01","1","PARAM_HAND_R_09_001","已声明","1","0","0","0","0","",""
"tomori/nf_right01","1","PARAM_HAND_L_01_001","已声明","1","0","0","0","0","",""
"tomori/nf_right01","1","PARAM_HAND_L_02_001","已声明","1","0","0","0","0","",""
"tomori/nf_right01","1","PARAM_HAND_L_03_001","已声明","1","0","0","0","0","",""
"tomori/nf_right01","1","PARAM_HAND_L_04_001","已声明","1","0","0","0","0","",""
"tomori/nf_right01","1","PARAM_HAND_L_05_001","已声明","1","1","1","1","1","0–3.967s","0–3.967s"
"tomori/nf_right01","1","PARAM_HAND_L_06_001","已声明","1","0","0","0","0","",""
"tomori/nf_right01","1","PARAM_HAND_L_07_001","已声明","1","0","0","0","0","",""
"tomori/nf_right01","1","PARAM_HAND_R_01_001","已声明","1","1","1","1","1","0–3.967s","0–3.967s"
"tomori/nf_right01","1","PARAM_HAND_R_02_001","已声明","1","0","0","0","0","",""
"tomori/nf_right01","1","PARAM_HAND_R_03_001","已声明","1","0","0","0","0","",""
"tomori/nf_right01","1","PARAM_HAND_R_04_001","已声明","1","0","0","0","0","",""
"tomori/nf_right01","1","PARAM_HAND_R_05_001","已声明","1","0","0","0","0","",""
"tomori/nf_right01","1","PARAM_HAND_R_06_001","已声明","1","0","0","0","0","",""
"tomori/nf_right01","1","PARAM_HAND_R_09_001","已声明","1","0","0","0","0","",""
"tomori/nf01","1","PARAM_HAND_L_01_001","已声明","1","1","1","1","1","0–4.967s","0–4.967s"
"tomori/nf01","1","PARAM_HAND_L_02_001","已声明","1","0","0","0","0","",""
"tomori/nf01","1","PARAM_HAND_L_03_001","已声明","1","0","0","0","0","",""
"tomori/nf01","1","PARAM_HAND_L_04_001","已声明","1","0","0","0","0","",""
"tomori/nf01","1","PARAM_HAND_L_05_001","已声明","1","0","0","0","0","",""
"tomori/nf01","1","PARAM_HAND_L_06_001","已声明","1","0","0","0","0","",""
"tomori/nf01","1","PARAM_HAND_L_07_001","已声明","1","0","0","0","0","",""
"tomori/nf01","1","PARAM_HAND_R_01_001","已声明","1","0","0","0","0","",""
"tomori/nf01","1","PARAM_HAND_R_02_001","已声明","1","0","0","0","0","",""
"tomori/nf01","1","PARAM_HAND_R_03_001","已声明","1","0","0","0","0","",""
"tomori/nf01","1","PARAM_HAND_R_04_001","已声明","1","0","0","0","0","",""
"tomori/nf01","1","PARAM_HAND_R_05_001","已声明","1","1","1","1","1","0–4.967s","0–4.967s"
"tomori/nf01","1","PARAM_HAND_R_06_001","已声明","1","0","0","0","0","",""
"tomori/nf01","1","PARAM_HAND_R_09_001","已声明","1","0","0","0","0","",""
"tomori/nf02","1","PARAM_HAND_L_01_001","已声明","1","1","1","1","1","0–4.967s","0–4.967s"
"tomori/nf02","1","PARAM_HAND_L_02_001","已声明","1","0","0","0","0","",""
"tomori/nf02","1","PARAM_HAND_L_03_001","已声明","1","0","0","0","0","",""
"tomori/nf02","1","PARAM_HAND_L_04_001","已声明","1","0","0","0","0","",""
"tomori/nf02","1","PARAM_HAND_L_05_001","已声明","1","0","0","0","0","",""
"tomori/nf02","1","PARAM_HAND_L_06_001","已声明","1","0","0","0","0","",""
"tomori/nf02","1","PARAM_HAND_L_07_001","已声明","1","0","0","0","0","",""
"tomori/nf02","1","PARAM_HAND_R_01_001","已声明","1","0","0","0","0","",""
"tomori/nf02","1","PARAM_HAND_R_02_001","已声明","1","0","0","0","0","",""
"tomori/nf02","1","PARAM_HAND_R_03_001","已声明","1","0","0","0","0","",""
"tomori/nf02","1","PARAM_HAND_R_04_001","已声明","1","0","0","0","0","",""
"tomori/nf02","1","PARAM_HAND_R_05_001","已声明","1","1","1","1","1","0–4.967s","0–4.967s"
"tomori/nf02","1","PARAM_HAND_R_06_001","已声明","1","0","0","0","0","",""
"tomori/nf02","1","PARAM_HAND_R_09_001","已声明","1","0","0","0","0","",""
"tomori/nf02_ingameV2","1","PARAM_HAND_L_01_001","已声明","1","1","1","1","1","0–4.967s","0–4.967s"
"tomori/nf02_ingameV2","1","PARAM_HAND_L_02_001","已声明","1","0","0","0","0","",""
"tomori/nf02_ingameV2","1","PARAM_HAND_L_03_001","已声明","1","0","0","0","0","",""
"tomori/nf02_ingameV2","1","PARAM_HAND_L_04_001","已声明","1","0","0","0","0","",""
"tomori/nf02_ingameV2","1","PARAM_HAND_L_05_001","已声明","1","0","0","0","0","",""
"tomori/nf02_ingameV2","1","PARAM_HAND_L_06_001","已声明","1","0","0","0","0","",""
"tomori/nf02_ingameV2","1","PARAM_HAND_L_07_001","已声明","1","0","0","0","0","",""
"tomori/nf02_ingameV2","1","PARAM_HAND_R_01_001","已声明","1","1","1","1","1","0–4.967s","0–4.967s"
"tomori/nf02_ingameV2","1","PARAM_HAND_R_02_001","已声明","1","0","0","0","0","",""
"tomori/nf02_ingameV2","1","PARAM_HAND_R_03_001","已声明","1","0","0","0","0","",""
"tomori/nf02_ingameV2","1","PARAM_HAND_R_04_001","已声明","1","0","0","0","0","",""
"tomori/nf02_ingameV2","1","PARAM_HAND_R_05_001","已声明","1","0","0","0","0","",""
"tomori/nf02_ingameV2","1","PARAM_HAND_R_06_001","已声明","1","0","0","0","0","",""
"tomori/nf02_ingameV2","1","PARAM_HAND_R_09_001","已声明","1","0","0","0","0","",""
"tomori/nf03","1","PARAM_HAND_L_01_001","已声明","360","0","1","1","0","0–6.267s","0–6.133s"
"tomori/nf03","1","PARAM_HAND_L_02_001","已声明","1","0","0","0","0","",""
"tomori/nf03","1","PARAM_HAND_L_03_001","已声明","360","0","1","0","1","6.333–11.967s","6.367–11.967s"
"tomori/nf03","1","PARAM_HAND_L_04_001","已声明","1","0","0","0","0","",""
"tomori/nf03","1","PARAM_HAND_L_05_001","已声明","360","0","1","0","0","6.067–6.4s","6.167–6.333s"
"tomori/nf03","1","PARAM_HAND_L_06_001","已声明","1","0","0","0","0","",""
"tomori/nf03","1","PARAM_HAND_L_07_001","已声明","1","0","0","0","0","",""
"tomori/nf03","1","PARAM_HAND_R_01_001","已声明","1","0","0","0","0","",""
"tomori/nf03","1","PARAM_HAND_R_02_001","已声明","1","0","0","0","0","",""
"tomori/nf03","1","PARAM_HAND_R_03_001","已声明","1","0","0","0","0","",""
"tomori/nf03","1","PARAM_HAND_R_04_001","已声明","1","0","0","0","0","",""
"tomori/nf03","1","PARAM_HAND_R_05_001","已声明","1","1","1","1","1","0–11.967s","0–11.967s"
"tomori/nf03","1","PARAM_HAND_R_06_001","已声明","1","0","0","0","0","",""
"tomori/nf03","1","PARAM_HAND_R_09_001","已声明","1","0","0","0","0","",""
"tomori/nf03_ingameV2","1","PARAM_HAND_L_01_001","已声明","1","0","0","0","0","",""
"tomori/nf03_ingameV2","1","PARAM_HAND_L_02_001","已声明","1","0","0","0","0","",""
"tomori/nf03_ingameV2","1","PARAM_HAND_L_03_001","已声明","1","0","0","0","0","",""
"tomori/nf03_ingameV2","1","PARAM_HAND_L_04_001","已声明","1","0","0","0","0","",""
"tomori/nf03_ingameV2","1","PARAM_HAND_L_05_001","已声明","1","0","0","0","0","",""
"tomori/nf03_ingameV2","1","PARAM_HAND_L_06_001","已声明","1","0","0","0","0","",""
"tomori/nf03_ingameV2","1","PARAM_HAND_L_07_001","已声明","1","1","1","1","1","0–5.467s","0–5.467s"
"tomori/nf03_ingameV2","1","PARAM_HAND_R_01_001","已声明","1","1","1","1","1","0–5.467s","0–5.467s"
"tomori/nf03_ingameV2","1","PARAM_HAND_R_02_001","已声明","1","0","0","0","0","",""
"tomori/nf03_ingameV2","1","PARAM_HAND_R_03_001","已声明","1","0","0","0","0","",""
"tomori/nf03_ingameV2","1","PARAM_HAND_R_04_001","已声明","1","0","0","0","0","",""
"tomori/nf03_ingameV2","1","PARAM_HAND_R_05_001","已声明","1","0","0","0","0","",""
"tomori/nf03_ingameV2","1","PARAM_HAND_R_06_001","已声明","1","0","0","0","0","",""
"tomori/nf03_ingameV2","1","PARAM_HAND_R_09_001","已声明","1","0","0","0","0","",""
"tomori/nf04","1","PARAM_HAND_L_01_001","已声明","1","1","1","1","1","0–3.967s","0–3.967s"
"tomori/nf04","1","PARAM_HAND_L_02_001","已声明","1","0","0","0","0","",""
"tomori/nf04","1","PARAM_HAND_L_03_001","已声明","1","0","0","0","0","",""
"tomori/nf04","1","PARAM_HAND_L_04_001","已声明","1","0","0","0","0","",""
"tomori/nf04","1","PARAM_HAND_L_05_001","已声明","1","0","0","0","0","",""
"tomori/nf04","1","PARAM_HAND_L_06_001","已声明","1","0","0","0","0","",""
"tomori/nf04","1","PARAM_HAND_L_07_001","已声明","1","0","0","0","0","",""
"tomori/nf04","1","PARAM_HAND_R_01_001","已声明","1","0","0","0","0","",""
"tomori/nf04","1","PARAM_HAND_R_02_001","已声明","1","0","0","0","0","",""
"tomori/nf04","1","PARAM_HAND_R_03_001","已声明","1","0","0","0","0","",""
"tomori/nf04","1","PARAM_HAND_R_04_001","已声明","1","0","0","0","0","",""
"tomori/nf04","1","PARAM_HAND_R_05_001","已声明","1","1","1","1","1","0–3.967s","0–3.967s"
"tomori/nf04","1","PARAM_HAND_R_06_001","已声明","1","0","0","0","0","",""
"tomori/nf04","1","PARAM_HAND_R_09_001","已声明","1","0","0","0","0","",""
"tomori/nf05","1","PARAM_HAND_L_01_001","已声明","1","1","1","1","1","0–3.967s","0–3.967s"
"tomori/nf05","1","PARAM_HAND_L_02_001","已声明","1","0","0","0","0","",""
"tomori/nf05","1","PARAM_HAND_L_03_001","已声明","1","0","0","0","0","",""
"tomori/nf05","1","PARAM_HAND_L_04_001","已声明","1","0","0","0","0","",""
"tomori/nf05","1","PARAM_HAND_L_05_001","已声明","1","0","0","0","0","",""
"tomori/nf05","1","PARAM_HAND_L_06_001","已声明","1","0","0","0","0","",""
"tomori/nf05","1","PARAM_HAND_L_07_001","已声明","1","0","0","0","0","",""
"tomori/nf05","1","PARAM_HAND_R_01_001","已声明","1","0","0","0","0","",""
"tomori/nf05","1","PARAM_HAND_R_02_001","已声明","1","0","0","0","0","",""
"tomori/nf05","1","PARAM_HAND_R_03_001","已声明","1","0","0","0","0","",""
"tomori/nf05","1","PARAM_HAND_R_04_001","已声明","1","0","0","0","0","",""
"tomori/nf05","1","PARAM_HAND_R_05_001","已声明","1","1","1","1","1","0–3.967s","0–3.967s"
"tomori/nf05","1","PARAM_HAND_R_06_001","已声明","1","0","0","0","0","",""
"tomori/nf05","1","PARAM_HAND_R_09_001","已声明","1","0","0","0","0","",""
"tomori/nnf_left01","1","PARAM_HAND_L_01_001","已声明","1","1","1","1","1","0–3.967s","0–3.967s"
"tomori/nnf_left01","1","PARAM_HAND_L_02_001","已声明","1","0","0","0","0","",""
"tomori/nnf_left01","1","PARAM_HAND_L_03_001","已声明","1","0","0","0","0","",""
"tomori/nnf_left01","1","PARAM_HAND_L_04_001","已声明","1","0","0","0","0","",""
"tomori/nnf_left01","1","PARAM_HAND_L_05_001","已声明","1","0","0","0","0","",""
"tomori/nnf_left01","1","PARAM_HAND_L_06_001","已声明","1","0","0","0","0","",""
"tomori/nnf_left01","1","PARAM_HAND_L_07_001","已声明","1","0","0","0","0","",""
"tomori/nnf_left01","1","PARAM_HAND_R_01_001","已声明","1","1","1","1","1","0–3.967s","0–3.967s"
"tomori/nnf_left01","1","PARAM_HAND_R_02_001","已声明","1","0","0","0","0","",""
"tomori/nnf_left01","1","PARAM_HAND_R_03_001","已声明","1","0","0","0","0","",""
"tomori/nnf_left01","1","PARAM_HAND_R_04_001","已声明","1","0","0","0","0","",""
"tomori/nnf_left01","1","PARAM_HAND_R_05_001","已声明","1","0","0","0","0","",""
"tomori/nnf_left01","1","PARAM_HAND_R_06_001","已声明","1","0","0","0","0","",""
"tomori/nnf_left01","1","PARAM_HAND_R_09_001","已声明","1","0","0","0","0","",""
"tomori/nnf_right01","1","PARAM_HAND_L_01_001","已声明","1","0","0","0","0","",""
"tomori/nnf_right01","1","PARAM_HAND_L_02_001","已声明","1","0","0","0","0","",""
"tomori/nnf_right01","1","PARAM_HAND_L_03_001","已声明","1","0","0","0","0","",""
"tomori/nnf_right01","1","PARAM_HAND_L_04_001","已声明","1","0","0","0","0","",""
"tomori/nnf_right01","1","PARAM_HAND_L_05_001","已声明","1","1","1","1","1","0–3.967s","0–3.967s"
"tomori/nnf_right01","1","PARAM_HAND_L_06_001","已声明","1","0","0","0","0","",""
"tomori/nnf_right01","1","PARAM_HAND_L_07_001","已声明","1","0","0","0","0","",""
"tomori/nnf_right01","1","PARAM_HAND_R_01_001","已声明","1","1","1","1","1","0–3.967s","0–3.967s"
"tomori/nnf_right01","1","PARAM_HAND_R_02_001","已声明","1","0","0","0","0","",""
"tomori/nnf_right01","1","PARAM_HAND_R_03_001","已声明","1","0","0","0","0","",""
"tomori/nnf_right01","1","PARAM_HAND_R_04_001","已声明","1","0","0","0","0","",""
"tomori/nnf_right01","1","PARAM_HAND_R_05_001","已声明","1","0","0","0","0","",""
"tomori/nnf_right01","1","PARAM_HAND_R_06_001","已声明","1","0","0","0","0","",""
"tomori/nnf_right01","1","PARAM_HAND_R_09_001","已声明","1","0","0","0","0","",""
"tomori/nnf01","1","PARAM_HAND_L_01_001","已声明","1","1","1","1","1","0–4.967s","0–4.967s"
"tomori/nnf01","1","PARAM_HAND_L_02_001","已声明","1","0","0","0","0","",""
"tomori/nnf01","1","PARAM_HAND_L_03_001","已声明","1","0","0","0","0","",""
"tomori/nnf01","1","PARAM_HAND_L_04_001","已声明","1","0","0","0","0","",""
"tomori/nnf01","1","PARAM_HAND_L_05_001","已声明","1","0","0","0","0","",""
"tomori/nnf01","1","PARAM_HAND_L_06_001","已声明","1","0","0","0","0","",""
"tomori/nnf01","1","PARAM_HAND_L_07_001","已声明","1","0","0","0","0","",""
"tomori/nnf01","1","PARAM_HAND_R_01_001","已声明","1","0","0","0","0","",""
"tomori/nnf01","1","PARAM_HAND_R_02_001","已声明","1","0","0","0","0","",""
"tomori/nnf01","1","PARAM_HAND_R_03_001","已声明","1","0","0","0","0","",""
"tomori/nnf01","1","PARAM_HAND_R_04_001","已声明","1","0","0","0","0","",""
"tomori/nnf01","1","PARAM_HAND_R_05_001","已声明","1","1","1","1","1","0–4.967s","0–4.967s"
"tomori/nnf01","1","PARAM_HAND_R_06_001","已声明","1","0","0","0","0","",""
"tomori/nnf01","1","PARAM_HAND_R_09_001","已声明","1","0","0","0","0","",""
"tomori/nnf02","1","PARAM_HAND_L_01_001","已声明","1","1","1","1","1","0–4.967s","0–4.967s"
"tomori/nnf02","1","PARAM_HAND_L_02_001","已声明","1","0","0","0","0","",""
"tomori/nnf02","1","PARAM_HAND_L_03_001","已声明","1","0","0","0","0","",""
"tomori/nnf02","1","PARAM_HAND_L_04_001","已声明","1","0","0","0","0","",""
"tomori/nnf02","1","PARAM_HAND_L_05_001","已声明","1","0","0","0","0","",""
"tomori/nnf02","1","PARAM_HAND_L_06_001","已声明","1","0","0","0","0","",""
"tomori/nnf02","1","PARAM_HAND_L_07_001","已声明","1","0","0","0","0","",""
"tomori/nnf02","1","PARAM_HAND_R_01_001","已声明","1","1","1","1","1","0–4.967s","0–4.967s"
"tomori/nnf02","1","PARAM_HAND_R_02_001","已声明","1","0","0","0","0","",""
"tomori/nnf02","1","PARAM_HAND_R_03_001","已声明","1","0","0","0","0","",""
"tomori/nnf02","1","PARAM_HAND_R_04_001","已声明","1","0","0","0","0","",""
"tomori/nnf02","1","PARAM_HAND_R_05_001","已声明","1","0","0","0","0","",""
"tomori/nnf02","1","PARAM_HAND_R_06_001","已声明","1","0","0","0","0","",""
"tomori/nnf02","1","PARAM_HAND_R_09_001","已声明","1","0","0","0","0","",""
"tomori/nnf03","1","PARAM_HAND_L_01_001","已声明","1","0","0","0","0","",""
"tomori/nnf03","1","PARAM_HAND_L_02_001","已声明","1","0","0","0","0","",""
"tomori/nnf03","1","PARAM_HAND_L_03_001","已声明","1","0","0","0","0","",""
"tomori/nnf03","1","PARAM_HAND_L_04_001","已声明","1","0","0","0","0","",""
"tomori/nnf03","1","PARAM_HAND_L_05_001","已声明","1","0","0","0","0","",""
"tomori/nnf03","1","PARAM_HAND_L_06_001","已声明","1","0","0","0","0","",""
"tomori/nnf03","1","PARAM_HAND_L_07_001","已声明","1","1","1","1","1","0–5.467s","0–5.467s"
"tomori/nnf03","1","PARAM_HAND_R_01_001","已声明","1","1","1","1","1","0–5.467s","0–5.467s"
"tomori/nnf03","1","PARAM_HAND_R_02_001","已声明","1","0","0","0","0","",""
"tomori/nnf03","1","PARAM_HAND_R_03_001","已声明","1","0","0","0","0","",""
"tomori/nnf03","1","PARAM_HAND_R_04_001","已声明","1","0","0","0","0","",""
"tomori/nnf03","1","PARAM_HAND_R_05_001","已声明","1","0","0","0","0","",""
"tomori/nnf03","1","PARAM_HAND_R_06_001","已声明","1","0","0","0","0","",""
"tomori/nnf03","1","PARAM_HAND_R_09_001","已声明","1","0","0","0","0","",""
"tomori/nnf04","1","PARAM_HAND_L_01_001","已声明","1","1","1","1","1","0–3.967s","0–3.967s"
"tomori/nnf04","1","PARAM_HAND_L_02_001","已声明","1","0","0","0","0","",""
"tomori/nnf04","1","PARAM_HAND_L_03_001","已声明","1","0","0","0","0","",""
"tomori/nnf04","1","PARAM_HAND_L_04_001","已声明","1","0","0","0","0","",""
"tomori/nnf04","1","PARAM_HAND_L_05_001","已声明","1","0","0","0","0","",""
"tomori/nnf04","1","PARAM_HAND_L_06_001","已声明","1","0","0","0","0","",""
"tomori/nnf04","1","PARAM_HAND_L_07_001","已声明","1","0","0","0","0","",""
"tomori/nnf04","1","PARAM_HAND_R_01_001","已声明","1","0","0","0","0","",""
"tomori/nnf04","1","PARAM_HAND_R_02_001","已声明","1","0","0","0","0","",""
"tomori/nnf04","1","PARAM_HAND_R_03_001","已声明","1","0","0","0","0","",""
"tomori/nnf04","1","PARAM_HAND_R_04_001","已声明","1","0","0","0","0","",""
"tomori/nnf04","1","PARAM_HAND_R_05_001","已声明","1","1","1","1","1","0–3.967s","0–3.967s"
"tomori/nnf04","1","PARAM_HAND_R_06_001","已声明","1","0","0","0","0","",""
"tomori/nnf04","1","PARAM_HAND_R_09_001","已声明","1","0","0","0","0","",""
"tomori/nnf05","1","PARAM_HAND_L_01_001","已声明","1","1","1","1","1","0–3.967s","0–3.967s"
"tomori/nnf05","1","PARAM_HAND_L_02_001","已声明","1","0","0","0","0","",""
"tomori/nnf05","1","PARAM_HAND_L_03_001","已声明","1","0","0","0","0","",""
"tomori/nnf05","1","PARAM_HAND_L_04_001","已声明","1","0","0","0","0","",""
"tomori/nnf05","1","PARAM_HAND_L_05_001","已声明","1","0","0","0","0","",""
"tomori/nnf05","1","PARAM_HAND_L_06_001","已声明","1","0","0","0","0","",""
"tomori/nnf05","1","PARAM_HAND_L_07_001","已声明","1","0","0","0","0","",""
"tomori/nnf05","1","PARAM_HAND_R_01_001","已声明","1","0","0","0","0","",""
"tomori/nnf05","1","PARAM_HAND_R_02_001","已声明","1","0","0","0","0","",""
"tomori/nnf05","1","PARAM_HAND_R_03_001","已声明","1","0","0","0","0","",""
"tomori/nnf05","1","PARAM_HAND_R_04_001","已声明","1","0","0","0","0","",""
"tomori/nnf05","1","PARAM_HAND_R_05_001","已声明","1","1","1","1","1","0–3.967s","0–3.967s"
"tomori/nnf05","1","PARAM_HAND_R_06_001","已声明","1","0","0","0","0","",""
"tomori/nnf05","1","PARAM_HAND_R_09_001","已声明","1","0","0","0","0","",""
"tomori/sad01","1","PARAM_HAND_L_01_001","已声明","1","1","1","1","1","0–4.967s","0–4.967s"
"tomori/sad01","1","PARAM_HAND_L_02_001","已声明","1","0","0","0","0","",""
"tomori/sad01","1","PARAM_HAND_L_03_001","已声明","1","0","0","0","0","",""
"tomori/sad01","1","PARAM_HAND_L_04_001","已声明","1","0","0","0","0","",""
"tomori/sad01","1","PARAM_HAND_L_05_001","已声明","1","0","0","0","0","",""
"tomori/sad01","1","PARAM_HAND_L_06_001","已声明","1","0","0","0","0","",""
"tomori/sad01","1","PARAM_HAND_L_07_001","已声明","1","0","0","0","0","",""
"tomori/sad01","1","PARAM_HAND_R_01_001","已声明","1","0","0","0","0","",""
"tomori/sad01","1","PARAM_HAND_R_02_001","已声明","1","0","0","0","0","",""
"tomori/sad01","1","PARAM_HAND_R_03_001","已声明","1","0","0","0","0","",""
"tomori/sad01","1","PARAM_HAND_R_04_001","已声明","1","0","0","0","0","",""
"tomori/sad01","1","PARAM_HAND_R_05_001","已声明","150","0","1","0","1","1.233–4.967s","1.267–4.967s"
"tomori/sad01","1","PARAM_HAND_R_06_001","已声明","1","0","0","0","0","",""
"tomori/sad01","1","PARAM_HAND_R_09_001","已声明","150","0","1","1","0","0–1.3s","0–1.233s"
"tomori/sad02","1","PARAM_HAND_L_01_001","已声明","135","0","1","1","0","0–1.067s","0–1.033s"
"tomori/sad02","1","PARAM_HAND_L_02_001","已声明","1","0","0","0","0","",""
"tomori/sad02","1","PARAM_HAND_L_03_001","已声明","1","0","0","0","0","",""
"tomori/sad02","1","PARAM_HAND_L_04_001","已声明","1","0","0","0","0","",""
"tomori/sad02","1","PARAM_HAND_L_05_001","已声明","135","0","1","0","1","1.033–4.467s","1.067–4.467s"
"tomori/sad02","1","PARAM_HAND_L_06_001","已声明","1","0","0","0","0","",""
"tomori/sad02","1","PARAM_HAND_L_07_001","已声明","1","0","0","0","0","",""
"tomori/sad02","1","PARAM_HAND_R_01_001","已声明","135","0","1","1","0","0–1.067s","0–1.033s"
"tomori/sad02","1","PARAM_HAND_R_02_001","已声明","1","0","0","0","0","",""
"tomori/sad02","1","PARAM_HAND_R_03_001","已声明","1","0","0","0","0","",""
"tomori/sad02","1","PARAM_HAND_R_04_001","已声明","1","0","0","0","0","",""
"tomori/sad02","1","PARAM_HAND_R_05_001","已声明","135","0","1","0","1","1.033–4.467s","1.067–4.467s"
"tomori/sad02","1","PARAM_HAND_R_06_001","已声明","1","0","0","0","0","",""
"tomori/sad02","1","PARAM_HAND_R_09_001","已声明","1","0","0","0","0","",""
"tomori/sad03","1","PARAM_HAND_L_01_001","已声明","1","0","0","0","0","",""
"tomori/sad03","1","PARAM_HAND_L_02_001","已声明","1","0","0","0","0","",""
"tomori/sad03","1","PARAM_HAND_L_03_001","已声明","1","0","0","0","0","",""
"tomori/sad03","1","PARAM_HAND_L_04_001","已声明","1","0","0","0","0","",""
"tomori/sad03","1","PARAM_HAND_L_05_001","已声明","1","1","1","1","1","0–4.967s","0–4.967s"
"tomori/sad03","1","PARAM_HAND_L_06_001","已声明","1","0","0","0","0","",""
"tomori/sad03","1","PARAM_HAND_L_07_001","已声明","1","0","0","0","0","",""
"tomori/sad03","1","PARAM_HAND_R_01_001","已声明","1","0","0","0","0","",""
"tomori/sad03","1","PARAM_HAND_R_02_001","已声明","1","0","0","0","0","",""
"tomori/sad03","1","PARAM_HAND_R_03_001","已声明","1","0","0","0","0","",""
"tomori/sad03","1","PARAM_HAND_R_04_001","已声明","1","0","0","0","0","",""
"tomori/sad03","1","PARAM_HAND_R_05_001","已声明","1","1","1","1","1","0–4.967s","0–4.967s"
"tomori/sad03","1","PARAM_HAND_R_06_001","已声明","1","0","0","0","0","",""
"tomori/sad03","1","PARAM_HAND_R_09_001","已声明","1","0","0","0","0","",""
"tomori/sad04","1","PARAM_HAND_L_01_001","已声明","1","0","0","0","0","",""
"tomori/sad04","1","PARAM_HAND_L_02_001","已声明","1","0","0","0","0","",""
"tomori/sad04","1","PARAM_HAND_L_03_001","已声明","1","0","0","0","0","",""
"tomori/sad04","1","PARAM_HAND_L_04_001","已声明","1","0","0","0","0","",""
"tomori/sad04","1","PARAM_HAND_L_05_001","已声明","1","1","1","1","1","0–5.467s","0–5.467s"
"tomori/sad04","1","PARAM_HAND_L_06_001","已声明","1","0","0","0","0","",""
"tomori/sad04","1","PARAM_HAND_L_07_001","已声明","1","0","0","0","0","",""
"tomori/sad04","1","PARAM_HAND_R_01_001","已声明","1","0","0","0","0","",""
"tomori/sad04","1","PARAM_HAND_R_02_001","已声明","1","0","0","0","0","",""
"tomori/sad04","1","PARAM_HAND_R_03_001","已声明","1","0","0","0","0","",""
"tomori/sad04","1","PARAM_HAND_R_04_001","已声明","1","0","0","0","0","",""
"tomori/sad04","1","PARAM_HAND_R_05_001","已声明","1","1","1","1","1","0–5.467s","0–5.467s"
"tomori/sad04","1","PARAM_HAND_R_06_001","已声明","1","0","0","0","0","",""
"tomori/sad04","1","PARAM_HAND_R_09_001","已声明","1","0","0","0","0","",""
"tomori/serious01","1","PARAM_HAND_L_01_001","已声明","1","1","1","1","1","0–4.467s","0–4.467s"
"tomori/serious01","1","PARAM_HAND_L_02_001","已声明","1","0","0","0","0","",""
"tomori/serious01","1","PARAM_HAND_L_03_001","已声明","1","0","0","0","0","",""
"tomori/serious01","1","PARAM_HAND_L_04_001","已声明","1","0","0","0","0","",""
"tomori/serious01","1","PARAM_HAND_L_05_001","已声明","1","0","0","0","0","",""
"tomori/serious01","1","PARAM_HAND_L_06_001","已声明","1","0","0","0","0","",""
"tomori/serious01","1","PARAM_HAND_L_07_001","已声明","1","0","0","0","0","",""
"tomori/serious01","1","PARAM_HAND_R_01_001","已声明","1","0","0","0","0","",""
"tomori/serious01","1","PARAM_HAND_R_02_001","已声明","1","0","0","0","0","",""
"tomori/serious01","1","PARAM_HAND_R_03_001","已声明","1","0","0","0","0","",""
"tomori/serious01","1","PARAM_HAND_R_04_001","已声明","1","0","0","0","0","",""
"tomori/serious01","1","PARAM_HAND_R_05_001","已声明","1","1","1","1","1","0–4.467s","0–4.467s"
"tomori/serious01","1","PARAM_HAND_R_06_001","已声明","1","0","0","0","0","",""
"tomori/serious01","1","PARAM_HAND_R_09_001","已声明","1","0","0","0","0","",""
"tomori/serious02","1","PARAM_HAND_L_01_001","已声明","1","0","0","0","0","",""
"tomori/serious02","1","PARAM_HAND_L_02_001","已声明","1","0","0","0","0","",""
"tomori/serious02","1","PARAM_HAND_L_03_001","已声明","1","0","0","0","0","",""
"tomori/serious02","1","PARAM_HAND_L_04_001","已声明","1","0","0","0","0","",""
"tomori/serious02","1","PARAM_HAND_L_05_001","已声明","165","0","1","0","1","2.633–5.467s","2.7–5.467s"
"tomori/serious02","1","PARAM_HAND_L_06_001","已声明","1","0","0","0","0","",""
"tomori/serious02","1","PARAM_HAND_L_07_001","已声明","165","0","1","1","0","0–2.733s","0–2.667s"
"tomori/serious02","1","PARAM_HAND_R_01_001","已声明","1","0","0","0","0","",""
"tomori/serious02","1","PARAM_HAND_R_02_001","已声明","1","0","0","0","0","",""
"tomori/serious02","1","PARAM_HAND_R_03_001","已声明","1","0","0","0","0","",""
"tomori/serious02","1","PARAM_HAND_R_04_001","已声明","1","0","0","0","0","",""
"tomori/serious02","1","PARAM_HAND_R_05_001","已声明","1","1","1","1","1","0–5.467s","0–5.467s"
"tomori/serious02","1","PARAM_HAND_R_06_001","已声明","1","0","0","0","0","",""
"tomori/serious02","1","PARAM_HAND_R_09_001","已声明","1","0","0","0","0","",""
"tomori/shame01","1","PARAM_HAND_L_01_001","已声明","1","0","0","0","0","",""
"tomori/shame01","1","PARAM_HAND_L_02_001","已声明","1","0","0","0","0","",""
"tomori/shame01","1","PARAM_HAND_L_03_001","已声明","1","0","0","0","0","",""
"tomori/shame01","1","PARAM_HAND_L_04_001","已声明","1","0","0","0","0","",""
"tomori/shame01","1","PARAM_HAND_L_05_001","已声明","1","0","0","0","0","",""
"tomori/shame01","1","PARAM_HAND_L_06_001","已声明","1","0","0","0","0","",""
"tomori/shame01","1","PARAM_HAND_L_07_001","已声明","1","1","1","1","1","0–6.467s","0–6.467s"
"tomori/shame01","1","PARAM_HAND_R_01_001","已声明","1","0","0","0","0","",""
"tomori/shame01","1","PARAM_HAND_R_02_001","已声明","1","0","0","0","0","",""
"tomori/shame01","1","PARAM_HAND_R_03_001","已声明","1","0","0","0","0","",""
"tomori/shame01","1","PARAM_HAND_R_04_001","已声明","1","0","0","0","0","",""
"tomori/shame01","1","PARAM_HAND_R_05_001","已声明","1","1","1","1","1","0–6.467s","0–6.467s"
"tomori/shame01","1","PARAM_HAND_R_06_001","已声明","1","0","0","0","0","",""
"tomori/shame01","1","PARAM_HAND_R_09_001","已声明","1","0","0","0","0","",""
"tomori/shame02","1","PARAM_HAND_L_01_001","已声明","1","1","1","1","1","0–4.967s","0–4.967s"
"tomori/shame02","1","PARAM_HAND_L_02_001","已声明","1","0","0","0","0","",""
"tomori/shame02","1","PARAM_HAND_L_03_001","已声明","1","0","0","0","0","",""
"tomori/shame02","1","PARAM_HAND_L_04_001","已声明","1","0","0","0","0","",""
"tomori/shame02","1","PARAM_HAND_L_05_001","已声明","1","0","0","0","0","",""
"tomori/shame02","1","PARAM_HAND_L_06_001","已声明","1","0","0","0","0","",""
"tomori/shame02","1","PARAM_HAND_L_07_001","已声明","1","0","0","0","0","",""
"tomori/shame02","1","PARAM_HAND_R_01_001","已声明","1","0","0","0","0","",""
"tomori/shame02","1","PARAM_HAND_R_02_001","已声明","1","0","0","0","0","",""
"tomori/shame02","1","PARAM_HAND_R_03_001","已声明","1","0","0","0","0","",""
"tomori/shame02","1","PARAM_HAND_R_04_001","已声明","1","0","0","0","0","",""
"tomori/shame02","1","PARAM_HAND_R_05_001","已声明","1","0","0","0","0","",""
"tomori/shame02","1","PARAM_HAND_R_06_001","已声明","1","0","0","0","0","",""
"tomori/shame02","1","PARAM_HAND_R_09_001","已声明","1","1","1","1","1","0–4.967s","0–4.967s"
"tomori/sing01","1","PARAM_HAND_L_01_001","已声明","1","0","0","0","0","",""
"tomori/sing01","1","PARAM_HAND_L_02_001","已声明","1","0","0","0","0","",""
"tomori/sing01","1","PARAM_HAND_L_03_001","已声明","1","0","0","0","0","",""
"tomori/sing01","1","PARAM_HAND_L_04_001","已声明","1","0","0","0","0","",""
"tomori/sing01","1","PARAM_HAND_L_05_001","已声明","1","1","1","1","1","0–4.633s","0–4.633s"
"tomori/sing01","1","PARAM_HAND_L_06_001","已声明","1","0","0","0","0","",""
"tomori/sing01","1","PARAM_HAND_L_07_001","已声明","1","0","0","0","0","",""
"tomori/sing01","1","PARAM_HAND_R_01_001","已声明","1","0","0","0","0","",""
"tomori/sing01","1","PARAM_HAND_R_02_001","已声明","1","0","0","0","0","",""
"tomori/sing01","1","PARAM_HAND_R_03_001","已声明","1","0","0","0","0","",""
"tomori/sing01","1","PARAM_HAND_R_04_001","已声明","1","0","0","0","0","",""
"tomori/sing01","1","PARAM_HAND_R_05_001","已声明","1","1","1","1","1","0–4.633s","0–4.633s"
"tomori/sing01","1","PARAM_HAND_R_06_001","已声明","1","0","0","0","0","",""
"tomori/sing01","1","PARAM_HAND_R_09_001","已声明","1","0","0","0","0","",""
"tomori/sing02","1","PARAM_HAND_L_01_001","已声明","1","0","0","0","0","",""
"tomori/sing02","1","PARAM_HAND_L_02_001","已声明","1","0","0","0","0","",""
"tomori/sing02","1","PARAM_HAND_L_03_001","已声明","1","0","0","0","0","",""
"tomori/sing02","1","PARAM_HAND_L_04_001","已声明","1","0","0","0","0","",""
"tomori/sing02","1","PARAM_HAND_L_05_001","已声明","1","1","1","1","1","0–4.633s","0–4.633s"
"tomori/sing02","1","PARAM_HAND_L_06_001","已声明","1","0","0","0","0","",""
"tomori/sing02","1","PARAM_HAND_L_07_001","已声明","1","0","0","0","0","",""
"tomori/sing02","1","PARAM_HAND_R_01_001","已声明","1","0","0","0","0","",""
"tomori/sing02","1","PARAM_HAND_R_02_001","已声明","1","0","0","0","0","",""
"tomori/sing02","1","PARAM_HAND_R_03_001","已声明","1","0","0","0","0","",""
"tomori/sing02","1","PARAM_HAND_R_04_001","已声明","1","0","0","0","0","",""
"tomori/sing02","1","PARAM_HAND_R_05_001","已声明","1","1","1","1","1","0–4.633s","0–4.633s"
"tomori/sing02","1","PARAM_HAND_R_06_001","已声明","1","0","0","0","0","",""
"tomori/sing02","1","PARAM_HAND_R_09_001","已声明","1","0","0","0","0","",""
"tomori/smile01","1","PARAM_HAND_L_01_001","已声明","1","1","1","1","1","0–6.467s","0–6.467s"
"tomori/smile01","1","PARAM_HAND_L_02_001","已声明","1","0","0","0","0","",""
"tomori/smile01","1","PARAM_HAND_L_03_001","已声明","1","0","0","0","0","",""
"tomori/smile01","1","PARAM_HAND_L_04_001","已声明","1","0","0","0","0","",""
"tomori/smile01","1","PARAM_HAND_L_05_001","已声明","1","0","0","0","0","",""
"tomori/smile01","1","PARAM_HAND_L_06_001","已声明","1","0","0","0","0","",""
"tomori/smile01","1","PARAM_HAND_L_07_001","已声明","1","0","0","0","0","",""
"tomori/smile01","1","PARAM_HAND_R_01_001","已声明","1","0","0","0","0","",""
"tomori/smile01","1","PARAM_HAND_R_02_001","已声明","1","0","0","0","0","",""
"tomori/smile01","1","PARAM_HAND_R_03_001","已声明","1","0","0","0","0","",""
"tomori/smile01","1","PARAM_HAND_R_04_001","已声明","1","0","0","0","0","",""
"tomori/smile01","1","PARAM_HAND_R_05_001","已声明","1","1","1","1","1","0–6.467s","0–6.467s"
"tomori/smile01","1","PARAM_HAND_R_06_001","已声明","1","0","0","0","0","",""
"tomori/smile01","1","PARAM_HAND_R_09_001","已声明","1","0","0","0","0","",""
"tomori/smile01_e289","1","PARAM_HAND_L_01_001","已声明","1","0","0","0","0","",""
"tomori/smile01_e289","1","PARAM_HAND_L_02_001","已声明","1","0","0","0","0","",""
"tomori/smile01_e289","1","PARAM_HAND_L_03_001","已声明","1","0","0","0","0","",""
"tomori/smile01_e289","1","PARAM_HAND_L_04_001","已声明","1","0","0","0","0","",""
"tomori/smile01_e289","1","PARAM_HAND_L_05_001","已声明","270","0","1","0","1","5.2–8.967s","5.233–8.967s"
"tomori/smile01_e289","1","PARAM_HAND_L_06_001","已声明","1","0","0","0","0","",""
"tomori/smile01_e289","1","PARAM_HAND_L_07_001","已声明","1","0","0","0","0","",""
"tomori/smile01_e289","1","PARAM_HAND_R_01_001","已声明","1","0","0","0","0","",""
"tomori/smile01_e289","1","PARAM_HAND_R_02_001","已声明","1","0","0","0","0","",""
"tomori/smile01_e289","1","PARAM_HAND_R_03_001","已声明","1","0","0","0","0","",""
"tomori/smile01_e289","1","PARAM_HAND_R_04_001","已声明","1","0","0","0","0","",""
"tomori/smile01_e289","1","PARAM_HAND_R_05_001","已声明","270","0","1","0","1","5.2–8.967s","5.233–8.967s"
"tomori/smile01_e289","1","PARAM_HAND_R_06_001","已声明","1","0","0","0","0","",""
"tomori/smile01_e289","1","PARAM_HAND_R_09_001","已声明","1","0","0","0","0","",""
"tomori/smile01_e297","1","PARAM_HAND_L_01_001","已声明","1","0","0","0","0","",""
"tomori/smile01_e297","1","PARAM_HAND_L_02_001","已声明","1","0","0","0","0","",""
"tomori/smile01_e297","1","PARAM_HAND_L_03_001","已声明","1","1","1","1","1","0–6.967s","0–6.967s"
"tomori/smile01_e297","1","PARAM_HAND_L_04_001","已声明","1","0","0","0","0","",""
"tomori/smile01_e297","1","PARAM_HAND_L_05_001","已声明","1","0","0","0","0","",""
"tomori/smile01_e297","1","PARAM_HAND_L_06_001","已声明","1","0","0","0","0","",""
"tomori/smile01_e297","1","PARAM_HAND_L_07_001","已声明","1","0","0","0","0","",""
"tomori/smile01_e297","1","PARAM_HAND_R_01_001","已声明","1","1","1","1","1","0–6.967s","0–6.967s"
"tomori/smile01_e297","1","PARAM_HAND_R_02_001","已声明","1","0","0","0","0","",""
"tomori/smile01_e297","1","PARAM_HAND_R_03_001","已声明","1","0","0","0","0","",""
"tomori/smile01_e297","1","PARAM_HAND_R_04_001","已声明","1","0","0","0","0","",""
"tomori/smile01_e297","1","PARAM_HAND_R_05_001","已声明","1","0","0","0","0","",""
"tomori/smile01_e297","1","PARAM_HAND_R_06_001","已声明","1","0","0","0","0","",""
"tomori/smile01_e297","1","PARAM_HAND_R_09_001","已声明","1","0","0","0","0","",""
"tomori/smile02","1","PARAM_HAND_L_01_001","已声明","1","0","0","0","0","",""
"tomori/smile02","1","PARAM_HAND_L_02_001","已声明","1","0","0","0","0","",""
"tomori/smile02","1","PARAM_HAND_L_03_001","已声明","1","0","0","0","0","",""
"tomori/smile02","1","PARAM_HAND_L_04_001","已声明","1","0","0","0","0","",""
"tomori/smile02","1","PARAM_HAND_L_05_001","已声明","1","0","0","0","0","",""
"tomori/smile02","1","PARAM_HAND_L_06_001","已声明","1","0","0","0","0","",""
"tomori/smile02","1","PARAM_HAND_L_07_001","已声明","1","1","1","1","1","0–4.467s","0–4.467s"
"tomori/smile02","1","PARAM_HAND_R_01_001","已声明","1","0","0","0","0","",""
"tomori/smile02","1","PARAM_HAND_R_02_001","已声明","1","0","0","0","0","",""
"tomori/smile02","1","PARAM_HAND_R_03_001","已声明","1","0","0","0","0","",""
"tomori/smile02","1","PARAM_HAND_R_04_001","已声明","1","0","0","0","0","",""
"tomori/smile02","1","PARAM_HAND_R_05_001","已声明","1","1","1","1","1","0–4.467s","0–4.467s"
"tomori/smile02","1","PARAM_HAND_R_06_001","已声明","1","0","0","0","0","",""
"tomori/smile02","1","PARAM_HAND_R_09_001","已声明","1","0","0","0","0","",""
"tomori/smile03","1","PARAM_HAND_L_01_001","已声明","1","0","0","0","0","",""
"tomori/smile03","1","PARAM_HAND_L_02_001","已声明","1","0","0","0","0","",""
"tomori/smile03","1","PARAM_HAND_L_03_001","已声明","1","0","0","0","0","",""
"tomori/smile03","1","PARAM_HAND_L_04_001","已声明","1","0","0","0","0","",""
"tomori/smile03","1","PARAM_HAND_L_05_001","已声明","1","1","1","1","1","0–5.467s","0–5.467s"
"tomori/smile03","1","PARAM_HAND_L_06_001","已声明","1","0","0","0","0","",""
"tomori/smile03","1","PARAM_HAND_L_07_001","已声明","1","0","0","0","0","",""
"tomori/smile03","1","PARAM_HAND_R_01_001","已声明","1","0","0","0","0","",""
"tomori/smile03","1","PARAM_HAND_R_02_001","已声明","1","0","0","0","0","",""
"tomori/smile03","1","PARAM_HAND_R_03_001","已声明","1","0","0","0","0","",""
"tomori/smile03","1","PARAM_HAND_R_04_001","已声明","1","0","0","0","0","",""
"tomori/smile03","1","PARAM_HAND_R_05_001","已声明","1","1","1","1","1","0–5.467s","0–5.467s"
"tomori/smile03","1","PARAM_HAND_R_06_001","已声明","1","0","0","0","0","",""
"tomori/smile03","1","PARAM_HAND_R_09_001","已声明","1","0","0","0","0","",""
"tomori/smile04","1","PARAM_HAND_L_01_001","已声明","1","0","0","0","0","",""
"tomori/smile04","1","PARAM_HAND_L_02_001","已声明","1","0","0","0","0","",""
"tomori/smile04","1","PARAM_HAND_L_03_001","已声明","1","0","0","0","0","",""
"tomori/smile04","1","PARAM_HAND_L_04_001","已声明","1","0","0","0","0","",""
"tomori/smile04","1","PARAM_HAND_L_05_001","已声明","1","1","1","1","1","0–5.467s","0–5.467s"
"tomori/smile04","1","PARAM_HAND_L_06_001","已声明","1","0","0","0","0","",""
"tomori/smile04","1","PARAM_HAND_L_07_001","已声明","1","0","0","0","0","",""
"tomori/smile04","1","PARAM_HAND_R_01_001","已声明","1","0","0","0","0","",""
"tomori/smile04","1","PARAM_HAND_R_02_001","已声明","1","0","0","0","0","",""
"tomori/smile04","1","PARAM_HAND_R_03_001","已声明","1","0","0","0","0","",""
"tomori/smile04","1","PARAM_HAND_R_04_001","已声明","1","0","0","0","0","",""
"tomori/smile04","1","PARAM_HAND_R_05_001","已声明","1","1","1","1","1","0–5.467s","0–5.467s"
"tomori/smile04","1","PARAM_HAND_R_06_001","已声明","1","0","0","0","0","",""
"tomori/smile04","1","PARAM_HAND_R_09_001","已声明","1","0","0","0","0","",""
"tomori/surprised01","1","PARAM_HAND_L_01_001","已声明","1","0","0","0","0","",""
"tomori/surprised01","1","PARAM_HAND_L_02_001","已声明","1","0","0","0","0","",""
"tomori/surprised01","1","PARAM_HAND_L_03_001","已声明","1","0","0","0","0","",""
"tomori/surprised01","1","PARAM_HAND_L_04_001","已声明","1","0","0","0","0","",""
"tomori/surprised01","1","PARAM_HAND_L_05_001","已声明","1","1","1","1","1","0–4.467s","0–4.467s"
"tomori/surprised01","1","PARAM_HAND_L_06_001","已声明","1","0","0","0","0","",""
"tomori/surprised01","1","PARAM_HAND_L_07_001","已声明","1","0","0","0","0","",""
"tomori/surprised01","1","PARAM_HAND_R_01_001","已声明","1","0","0","0","0","",""
"tomori/surprised01","1","PARAM_HAND_R_02_001","已声明","1","0","0","0","0","",""
"tomori/surprised01","1","PARAM_HAND_R_03_001","已声明","1","0","0","0","0","",""
"tomori/surprised01","1","PARAM_HAND_R_04_001","已声明","1","0","0","0","0","",""
"tomori/surprised01","1","PARAM_HAND_R_05_001","已声明","1","1","1","1","1","0–4.467s","0–4.467s"
"tomori/surprised01","1","PARAM_HAND_R_06_001","已声明","1","0","0","0","0","",""
"tomori/surprised01","1","PARAM_HAND_R_09_001","已声明","1","0","0","0","0","",""
"tomori/thinking01","1","PARAM_HAND_L_01_001","已声明","1","0","0","0","0","",""
"tomori/thinking01","1","PARAM_HAND_L_02_001","已声明","1","0","0","0","0","",""
"tomori/thinking01","1","PARAM_HAND_L_03_001","已声明","1","0","0","0","0","",""
"tomori/thinking01","1","PARAM_HAND_L_04_001","已声明","1","0","0","0","0","",""
"tomori/thinking01","1","PARAM_HAND_L_05_001","已声明","1","1","1","1","1","0–5.967s","0–5.967s"
"tomori/thinking01","1","PARAM_HAND_L_06_001","已声明","1","0","0","0","0","",""
"tomori/thinking01","1","PARAM_HAND_L_07_001","已声明","1","0","0","0","0","",""
"tomori/thinking01","1","PARAM_HAND_R_01_001","已声明","1","0","0","0","0","",""
"tomori/thinking01","1","PARAM_HAND_R_02_001","已声明","1","0","0","0","0","",""
"tomori/thinking01","1","PARAM_HAND_R_03_001","已声明","1","0","0","0","0","",""
"tomori/thinking01","1","PARAM_HAND_R_04_001","已声明","1","0","0","0","0","",""
"tomori/thinking01","1","PARAM_HAND_R_05_001","已声明","1","1","1","1","1","0–5.967s","0–5.967s"
"tomori/thinking01","1","PARAM_HAND_R_06_001","已声明","1","0","0","0","0","",""
"tomori/thinking01","1","PARAM_HAND_R_09_001","已声明","1","0","0","0","0","",""
"tomori/thinking02","1","PARAM_HAND_L_01_001","已声明","1","1","1","1","1","0–5.967s","0–5.967s"
"tomori/thinking02","1","PARAM_HAND_L_02_001","已声明","1","0","0","0","0","",""
"tomori/thinking02","1","PARAM_HAND_L_03_001","已声明","1","0","0","0","0","",""
"tomori/thinking02","1","PARAM_HAND_L_04_001","已声明","1","0","0","0","0","",""
"tomori/thinking02","1","PARAM_HAND_L_05_001","已声明","1","0","0","0","0","",""
"tomori/thinking02","1","PARAM_HAND_L_06_001","已声明","1","0","0","0","0","",""
"tomori/thinking02","1","PARAM_HAND_L_07_001","已声明","1","0","0","0","0","",""
"tomori/thinking02","1","PARAM_HAND_R_01_001","已声明","1","0","0","0","0","",""
"tomori/thinking02","1","PARAM_HAND_R_02_001","已声明","1","0","0","0","0","",""
"tomori/thinking02","1","PARAM_HAND_R_03_001","已声明","1","0","0","0","0","",""
"tomori/thinking02","1","PARAM_HAND_R_04_001","已声明","1","0","0","0","0","",""
"tomori/thinking02","1","PARAM_HAND_R_05_001","已声明","1","0","0","0","0","",""
"tomori/thinking02","1","PARAM_HAND_R_06_001","已声明","1","0","0","0","0","",""
"tomori/thinking02","1","PARAM_HAND_R_09_001","已声明","1","1","1","1","1","0–5.967s","0–5.967s"
"uika/angry01","1","PARAM_HAND_L_01_001","已声明","1","0","0","0","0","",""
"uika/angry01","1","PARAM_HAND_L_02_001","已声明","1","0","0","0","0","",""
"uika/angry01","1","PARAM_HAND_L_03_001","已声明","1","0","0","0","0","",""
"uika/angry01","1","PARAM_HAND_L_04_001","已声明","1","0","0","0","0","",""
"uika/angry01","1","PARAM_HAND_L_05_001","已声明","1","0","0","0","0","",""
"uika/angry01","1","PARAM_HAND_L_06_001","已声明","1","0","0","0","0","",""
"uika/angry01","1","PARAM_HAND_L_07_001","已声明","1","1","1","1","1","0–4.733s","0–4.733s"
"uika/angry01","1","PARAM_HAND_R_01_001","已声明","1","0","0","0","0","",""
"uika/angry01","1","PARAM_HAND_R_02_001","已声明","1","0","0","0","0","",""
"uika/angry01","1","PARAM_HAND_R_03_001","已声明","1","0","0","0","0","",""
"uika/angry01","1","PARAM_HAND_R_04_001","已声明","1","0","0","0","0","",""
"uika/angry01","1","PARAM_HAND_R_05_001","已声明","1","0","0","0","0","",""
"uika/angry01","1","PARAM_HAND_R_06_001","已声明","1","0","0","0","0","",""
"uika/angry01","1","PARAM_HAND_R_09_001","已声明","1","1","1","1","1","0–4.733s","0–4.733s"
"uika/bow","1","PARAM_HAND_L_01_001","已声明","1","0","0","0","0","",""
"uika/bow","1","PARAM_HAND_L_02_001","已声明","1","0","0","0","0","",""
"uika/bow","1","PARAM_HAND_L_03_001","已声明","1","1","1","1","1","0–3.967s","0–3.967s"
"uika/bow","1","PARAM_HAND_L_04_001","已声明","1","0","0","0","0","",""
"uika/bow","1","PARAM_HAND_L_05_001","已声明","1","0","0","0","0","",""
"uika/bow","1","PARAM_HAND_L_06_001","已声明","1","0","0","0","0","",""
"uika/bow","1","PARAM_HAND_L_07_001","已声明","1","0","0","0","0","",""
"uika/bow","1","PARAM_HAND_R_01_001","已声明","1","1","1","1","1","0–3.967s","0–3.967s"
"uika/bow","1","PARAM_HAND_R_02_001","已声明","1","0","0","0","0","",""
"uika/bow","1","PARAM_HAND_R_03_001","已声明","1","0","0","0","0","",""
"uika/bow","1","PARAM_HAND_R_04_001","已声明","1","0","0","0","0","",""
"uika/bow","1","PARAM_HAND_R_05_001","已声明","1","0","0","0","0","",""
"uika/bow","1","PARAM_HAND_R_06_001","已声明","1","0","0","0","0","",""
"uika/bow","1","PARAM_HAND_R_09_001","已声明","1","0","0","0","0","",""
"uika/cry01","1","PARAM_HAND_L_01_001","已声明","1","0","0","0","0","",""
"uika/cry01","1","PARAM_HAND_L_02_001","已声明","1","0","0","0","0","",""
"uika/cry01","1","PARAM_HAND_L_03_001","已声明","1","0","0","0","0","",""
"uika/cry01","1","PARAM_HAND_L_04_001","已声明","1","0","0","0","0","",""
"uika/cry01","1","PARAM_HAND_L_05_001","已声明","1","0","0","0","0","",""
"uika/cry01","1","PARAM_HAND_L_06_001","已声明","1","0","0","0","0","",""
"uika/cry01","1","PARAM_HAND_L_07_001","已声明","1","1","1","1","1","0–4.1s","0–4.1s"
"uika/cry01","1","PARAM_HAND_R_01_001","已声明","1","1","1","1","1","0–4.1s","0–4.1s"
"uika/cry01","1","PARAM_HAND_R_02_001","已声明","1","0","0","0","0","",""
"uika/cry01","1","PARAM_HAND_R_03_001","已声明","1","0","0","0","0","",""
"uika/cry01","1","PARAM_HAND_R_04_001","已声明","1","0","0","0","0","",""
"uika/cry01","1","PARAM_HAND_R_05_001","已声明","1","0","0","0","0","",""
"uika/cry01","1","PARAM_HAND_R_06_001","已声明","1","0","0","0","0","",""
"uika/cry01","1","PARAM_HAND_R_09_001","已声明","1","0","0","0","0","",""
"uika/idle01","1","PARAM_HAND_L_01_001","已声明","1","1","1","1","1","0–5.967s","0–5.967s"
"uika/idle01","1","PARAM_HAND_L_02_001","已声明","1","0","0","0","0","",""
"uika/idle01","1","PARAM_HAND_L_03_001","已声明","1","0","0","0","0","",""
"uika/idle01","1","PARAM_HAND_L_04_001","已声明","1","0","0","0","0","",""
"uika/idle01","1","PARAM_HAND_L_05_001","已声明","1","0","0","0","0","",""
"uika/idle01","1","PARAM_HAND_L_06_001","已声明","1","0","0","0","0","",""
"uika/idle01","1","PARAM_HAND_L_07_001","已声明","1","0","0","0","0","",""
"uika/idle01","1","PARAM_HAND_R_01_001","已声明","1","1","1","1","1","0–5.967s","0–5.967s"
"uika/idle01","1","PARAM_HAND_R_02_001","已声明","1","0","0","0","0","",""
"uika/idle01","1","PARAM_HAND_R_03_001","已声明","1","0","0","0","0","",""
"uika/idle01","1","PARAM_HAND_R_04_001","已声明","1","0","0","0","0","",""
"uika/idle01","1","PARAM_HAND_R_05_001","已声明","1","0","0","0","0","",""
"uika/idle01","1","PARAM_HAND_R_06_001","已声明","1","0","0","0","0","",""
"uika/idle01","1","PARAM_HAND_R_09_001","已声明","1","0","0","0","0","",""
"uika/kime01","1","PARAM_HAND_L_01_001","已声明","1","1","1","1","1","0–3.7s","0–3.7s"
"uika/kime01","1","PARAM_HAND_L_02_001","已声明","1","0","0","0","0","",""
"uika/kime01","1","PARAM_HAND_L_03_001","已声明","1","0","0","0","0","",""
"uika/kime01","1","PARAM_HAND_L_04_001","已声明","1","0","0","0","0","",""
"uika/kime01","1","PARAM_HAND_L_05_001","已声明","1","0","0","0","0","",""
"uika/kime01","1","PARAM_HAND_L_06_001","已声明","1","0","0","0","0","",""
"uika/kime01","1","PARAM_HAND_L_07_001","已声明","1","0","0","0","0","",""
"uika/kime01","1","PARAM_HAND_R_01_001","已声明","1","0","0","0","0","",""
"uika/kime01","1","PARAM_HAND_R_02_001","已声明","1","1","1","1","1","0–3.7s","0–3.7s"
"uika/kime01","1","PARAM_HAND_R_03_001","已声明","1","0","0","0","0","",""
"uika/kime01","1","PARAM_HAND_R_04_001","已声明","1","0","0","0","0","",""
"uika/kime01","1","PARAM_HAND_R_05_001","已声明","1","0","0","0","0","",""
"uika/kime01","1","PARAM_HAND_R_06_001","已声明","1","0","0","0","0","",""
"uika/kime01","1","PARAM_HAND_R_09_001","已声明","1","0","0","0","0","",""
"uika/maskoff","1","PARAM_HAND_L_01_001","已声明","1","0","0","0","0","",""
"uika/maskoff","1","PARAM_HAND_L_02_001","已声明","1","0","0","0","0","",""
"uika/maskoff","1","PARAM_HAND_L_03_001","已声明","1","0","0","0","0","",""
"uika/maskoff","1","PARAM_HAND_L_04_001","已声明","1","0","0","0","0","",""
"uika/maskoff","1","PARAM_HAND_L_05_001","已声明","1","0","0","0","0","",""
"uika/maskoff","1","PARAM_HAND_L_06_001","已声明","1","0","0","0","0","",""
"uika/maskoff","1","PARAM_HAND_L_07_001","已声明","1","1","1","1","1","0–4.733s","0–4.733s"
"uika/maskoff","1","PARAM_HAND_R_01_001","已声明","1","1","1","1","1","0–4.733s","0–4.733s"
"uika/maskoff","1","PARAM_HAND_R_02_001","已声明","1","0","0","0","0","",""
"uika/maskoff","1","PARAM_HAND_R_03_001","已声明","1","0","0","0","0","",""
"uika/maskoff","1","PARAM_HAND_R_04_001","已声明","1","0","0","0","0","",""
"uika/maskoff","1","PARAM_HAND_R_05_001","已声明","1","0","0","0","0","",""
"uika/maskoff","1","PARAM_HAND_R_06_001","已声明","1","0","0","0","0","",""
"uika/maskoff","1","PARAM_HAND_R_09_001","已声明","1","0","0","0","0","",""
"uika/maskon/angry01","1","PARAM_HAND_L_01_001","已声明","1","0","0","0","0","",""
"uika/maskon/angry01","1","PARAM_HAND_L_02_001","已声明","1","0","0","0","0","",""
"uika/maskon/angry01","1","PARAM_HAND_L_03_001","已声明","1","0","0","0","0","",""
"uika/maskon/angry01","1","PARAM_HAND_L_04_001","已声明","1","0","0","0","0","",""
"uika/maskon/angry01","1","PARAM_HAND_L_05_001","已声明","1","0","0","0","0","",""
"uika/maskon/angry01","1","PARAM_HAND_L_06_001","已声明","1","0","0","0","0","",""
"uika/maskon/angry01","1","PARAM_HAND_L_07_001","已声明","1","1","1","1","1","0–4.733s","0–4.733s"
"uika/maskon/angry01","1","PARAM_HAND_R_01_001","已声明","1","0","0","0","0","",""
"uika/maskon/angry01","1","PARAM_HAND_R_02_001","已声明","1","0","0","0","0","",""
"uika/maskon/angry01","1","PARAM_HAND_R_03_001","已声明","1","0","0","0","0","",""
"uika/maskon/angry01","1","PARAM_HAND_R_04_001","已声明","1","0","0","0","0","",""
"uika/maskon/angry01","1","PARAM_HAND_R_05_001","已声明","1","0","0","0","0","",""
"uika/maskon/angry01","1","PARAM_HAND_R_06_001","已声明","1","0","0","0","0","",""
"uika/maskon/angry01","1","PARAM_HAND_R_09_001","已声明","1","1","1","1","1","0–4.733s","0–4.733s"
"uika/maskon/bow","1","PARAM_HAND_L_01_001","已声明","1","0","0","0","0","",""
"uika/maskon/bow","1","PARAM_HAND_L_02_001","已声明","1","0","0","0","0","",""
"uika/maskon/bow","1","PARAM_HAND_L_03_001","已声明","1","1","1","1","1","0–3.967s","0–3.967s"
"uika/maskon/bow","1","PARAM_HAND_L_04_001","已声明","1","0","0","0","0","",""
"uika/maskon/bow","1","PARAM_HAND_L_05_001","已声明","1","0","0","0","0","",""
"uika/maskon/bow","1","PARAM_HAND_L_06_001","已声明","1","0","0","0","0","",""
"uika/maskon/bow","1","PARAM_HAND_L_07_001","已声明","1","0","0","0","0","",""
"uika/maskon/bow","1","PARAM_HAND_R_01_001","已声明","1","1","1","1","1","0–3.967s","0–3.967s"
"uika/maskon/bow","1","PARAM_HAND_R_02_001","已声明","1","0","0","0","0","",""
"uika/maskon/bow","1","PARAM_HAND_R_03_001","已声明","1","0","0","0","0","",""
"uika/maskon/bow","1","PARAM_HAND_R_04_001","已声明","1","0","0","0","0","",""
"uika/maskon/bow","1","PARAM_HAND_R_05_001","已声明","1","0","0","0","0","",""
"uika/maskon/bow","1","PARAM_HAND_R_06_001","已声明","1","0","0","0","0","",""
"uika/maskon/bow","1","PARAM_HAND_R_09_001","已声明","1","0","0","0","0","",""
"uika/maskon/cry01","1","PARAM_HAND_L_01_001","已声明","1","0","0","0","0","",""
"uika/maskon/cry01","1","PARAM_HAND_L_02_001","已声明","1","0","0","0","0","",""
"uika/maskon/cry01","1","PARAM_HAND_L_03_001","已声明","1","0","0","0","0","",""
"uika/maskon/cry01","1","PARAM_HAND_L_04_001","已声明","1","0","0","0","0","",""
"uika/maskon/cry01","1","PARAM_HAND_L_05_001","已声明","1","0","0","0","0","",""
"uika/maskon/cry01","1","PARAM_HAND_L_06_001","已声明","1","0","0","0","0","",""
"uika/maskon/cry01","1","PARAM_HAND_L_07_001","已声明","1","1","1","1","1","0–4.1s","0–4.1s"
"uika/maskon/cry01","1","PARAM_HAND_R_01_001","已声明","1","1","1","1","1","0–4.1s","0–4.1s"
"uika/maskon/cry01","1","PARAM_HAND_R_02_001","已声明","1","0","0","0","0","",""
"uika/maskon/cry01","1","PARAM_HAND_R_03_001","已声明","1","0","0","0","0","",""
"uika/maskon/cry01","1","PARAM_HAND_R_04_001","已声明","1","0","0","0","0","",""
"uika/maskon/cry01","1","PARAM_HAND_R_05_001","已声明","1","0","0","0","0","",""
"uika/maskon/cry01","1","PARAM_HAND_R_06_001","已声明","1","0","0","0","0","",""
"uika/maskon/cry01","1","PARAM_HAND_R_09_001","已声明","1","0","0","0","0","",""
"uika/maskon/idle01","1","PARAM_HAND_L_01_001","已声明","1","1","1","1","1","0–5.967s","0–5.967s"
"uika/maskon/idle01","1","PARAM_HAND_L_02_001","已声明","1","0","0","0","0","",""
"uika/maskon/idle01","1","PARAM_HAND_L_03_001","已声明","1","0","0","0","0","",""
"uika/maskon/idle01","1","PARAM_HAND_L_04_001","已声明","1","0","0","0","0","",""
"uika/maskon/idle01","1","PARAM_HAND_L_05_001","已声明","1","0","0","0","0","",""
"uika/maskon/idle01","1","PARAM_HAND_L_06_001","已声明","1","0","0","0","0","",""
"uika/maskon/idle01","1","PARAM_HAND_L_07_001","已声明","1","0","0","0","0","",""
"uika/maskon/idle01","1","PARAM_HAND_R_01_001","已声明","1","1","1","1","1","0–5.967s","0–5.967s"
"uika/maskon/idle01","1","PARAM_HAND_R_02_001","已声明","1","0","0","0","0","",""
"uika/maskon/idle01","1","PARAM_HAND_R_03_001","已声明","1","0","0","0","0","",""
"uika/maskon/idle01","1","PARAM_HAND_R_04_001","已声明","1","0","0","0","0","",""
"uika/maskon/idle01","1","PARAM_HAND_R_05_001","已声明","1","0","0","0","0","",""
"uika/maskon/idle01","1","PARAM_HAND_R_06_001","已声明","1","0","0","0","0","",""
"uika/maskon/idle01","1","PARAM_HAND_R_09_001","已声明","1","0","0","0","0","",""
"uika/maskon/kime01","1","PARAM_HAND_L_01_001","已声明","1","1","1","1","1","0–3.7s","0–3.7s"
"uika/maskon/kime01","1","PARAM_HAND_L_02_001","已声明","1","0","0","0","0","",""
"uika/maskon/kime01","1","PARAM_HAND_L_03_001","已声明","1","0","0","0","0","",""
"uika/maskon/kime01","1","PARAM_HAND_L_04_001","已声明","1","0","0","0","0","",""
"uika/maskon/kime01","1","PARAM_HAND_L_05_001","已声明","1","0","0","0","0","",""
"uika/maskon/kime01","1","PARAM_HAND_L_06_001","已声明","1","0","0","0","0","",""
"uika/maskon/kime01","1","PARAM_HAND_L_07_001","已声明","1","0","0","0","0","",""
"uika/maskon/kime01","1","PARAM_HAND_R_01_001","已声明","1","0","0","0","0","",""
"uika/maskon/kime01","1","PARAM_HAND_R_02_001","已声明","1","1","1","1","1","0–3.7s","0–3.7s"
"uika/maskon/kime01","1","PARAM_HAND_R_03_001","已声明","1","0","0","0","0","",""
"uika/maskon/kime01","1","PARAM_HAND_R_04_001","已声明","1","0","0","0","0","",""
"uika/maskon/kime01","1","PARAM_HAND_R_05_001","已声明","1","0","0","0","0","",""
"uika/maskon/kime01","1","PARAM_HAND_R_06_001","已声明","1","0","0","0","0","",""
"uika/maskon/kime01","1","PARAM_HAND_R_09_001","已声明","1","0","0","0","0","",""
"uika/maskon/mitore01","1","PARAM_HAND_L_01_001","已声明","1","0","0","0","0","",""
"uika/maskon/mitore01","1","PARAM_HAND_L_02_001","已声明","1","0","0","0","0","",""
"uika/maskon/mitore01","1","PARAM_HAND_L_03_001","已声明","1","0","0","0","0","",""
"uika/maskon/mitore01","1","PARAM_HAND_L_04_001","已声明","1","0","0","0","0","",""
"uika/maskon/mitore01","1","PARAM_HAND_L_05_001","已声明","1","0","0","0","0","",""
"uika/maskon/mitore01","1","PARAM_HAND_L_06_001","已声明","1","0","0","0","0","",""
"uika/maskon/mitore01","1","PARAM_HAND_L_07_001","已声明","1","1","1","1","1","0–3.833s","0–3.833s"
"uika/maskon/mitore01","1","PARAM_HAND_R_01_001","已声明","1","0","0","0","0","",""
"uika/maskon/mitore01","1","PARAM_HAND_R_02_001","已声明","1","0","0","0","0","",""
"uika/maskon/mitore01","1","PARAM_HAND_R_03_001","已声明","1","0","0","0","0","",""
"uika/maskon/mitore01","1","PARAM_HAND_R_04_001","已声明","1","0","0","0","0","",""
"uika/maskon/mitore01","1","PARAM_HAND_R_05_001","已声明","1","0","0","0","0","",""
"uika/maskon/mitore01","1","PARAM_HAND_R_06_001","已声明","1","0","0","0","0","",""
"uika/maskon/mitore01","1","PARAM_HAND_R_09_001","已声明","1","1","1","1","1","0–3.833s","0–3.833s"
"uika/maskon/nf_left01","1","PARAM_HAND_L_01_001","已声明","1","1","1","1","1","0–4.467s","0–4.467s"
"uika/maskon/nf_left01","1","PARAM_HAND_L_02_001","已声明","1","0","0","0","0","",""
"uika/maskon/nf_left01","1","PARAM_HAND_L_03_001","已声明","1","0","0","0","0","",""
"uika/maskon/nf_left01","1","PARAM_HAND_L_04_001","已声明","1","0","0","0","0","",""
"uika/maskon/nf_left01","1","PARAM_HAND_L_05_001","已声明","1","0","0","0","0","",""
"uika/maskon/nf_left01","1","PARAM_HAND_L_06_001","已声明","1","0","0","0","0","",""
"uika/maskon/nf_left01","1","PARAM_HAND_L_07_001","已声明","1","0","0","0","0","",""
"uika/maskon/nf_left01","1","PARAM_HAND_R_01_001","已声明","1","1","1","1","1","0–4.467s","0–4.467s"
"uika/maskon/nf_left01","1","PARAM_HAND_R_02_001","已声明","1","0","0","0","0","",""
"uika/maskon/nf_left01","1","PARAM_HAND_R_03_001","已声明","1","0","0","0","0","",""
"uika/maskon/nf_left01","1","PARAM_HAND_R_04_001","已声明","1","0","0","0","0","",""
"uika/maskon/nf_left01","1","PARAM_HAND_R_05_001","已声明","1","0","0","0","0","",""
"uika/maskon/nf_left01","1","PARAM_HAND_R_06_001","已声明","1","0","0","0","0","",""
"uika/maskon/nf_left01","1","PARAM_HAND_R_09_001","已声明","1","0","0","0","0","",""
"uika/maskon/nf_right01","1","PARAM_HAND_L_01_001","已声明","1","1","1","1","1","0–3.933s","0–3.933s"
"uika/maskon/nf_right01","1","PARAM_HAND_L_02_001","已声明","1","0","0","0","0","",""
"uika/maskon/nf_right01","1","PARAM_HAND_L_03_001","已声明","1","0","0","0","0","",""
"uika/maskon/nf_right01","1","PARAM_HAND_L_04_001","已声明","1","0","0","0","0","",""
"uika/maskon/nf_right01","1","PARAM_HAND_L_05_001","已声明","1","0","0","0","0","",""
"uika/maskon/nf_right01","1","PARAM_HAND_L_06_001","已声明","1","0","0","0","0","",""
"uika/maskon/nf_right01","1","PARAM_HAND_L_07_001","已声明","1","0","0","0","0","",""
"uika/maskon/nf_right01","1","PARAM_HAND_R_01_001","已声明","1","0","0","0","0","",""
"uika/maskon/nf_right01","1","PARAM_HAND_R_02_001","已声明","1","1","1","1","1","0–3.933s","0–3.933s"
"uika/maskon/nf_right01","1","PARAM_HAND_R_03_001","已声明","1","0","0","0","0","",""
"uika/maskon/nf_right01","1","PARAM_HAND_R_04_001","已声明","1","0","0","0","0","",""
"uika/maskon/nf_right01","1","PARAM_HAND_R_05_001","已声明","1","0","0","0","0","",""
"uika/maskon/nf_right01","1","PARAM_HAND_R_06_001","已声明","1","0","0","0","0","",""
"uika/maskon/nf_right01","1","PARAM_HAND_R_09_001","已声明","1","0","0","0","0","",""
"uika/maskon/nf01","1","PARAM_HAND_L_01_001","已声明","1","1","1","1","1","0–4.833s","0–4.833s"
"uika/maskon/nf01","1","PARAM_HAND_L_02_001","已声明","1","0","0","0","0","",""
"uika/maskon/nf01","1","PARAM_HAND_L_03_001","已声明","1","0","0","0","0","",""
"uika/maskon/nf01","1","PARAM_HAND_L_04_001","已声明","1","0","0","0","0","",""
"uika/maskon/nf01","1","PARAM_HAND_L_05_001","已声明","1","0","0","0","0","",""
"uika/maskon/nf01","1","PARAM_HAND_L_06_001","已声明","1","0","0","0","0","",""
"uika/maskon/nf01","1","PARAM_HAND_L_07_001","已声明","1","0","0","0","0","",""
"uika/maskon/nf01","1","PARAM_HAND_R_01_001","已声明","1","1","1","1","1","0–4.833s","0–4.833s"
"uika/maskon/nf01","1","PARAM_HAND_R_02_001","已声明","1","0","0","0","0","",""
"uika/maskon/nf01","1","PARAM_HAND_R_03_001","已声明","1","0","0","0","0","",""
"uika/maskon/nf01","1","PARAM_HAND_R_04_001","已声明","1","0","0","0","0","",""
"uika/maskon/nf01","1","PARAM_HAND_R_05_001","已声明","1","0","0","0","0","",""
"uika/maskon/nf01","1","PARAM_HAND_R_06_001","已声明","1","0","0","0","0","",""
"uika/maskon/nf01","1","PARAM_HAND_R_09_001","已声明","1","0","0","0","0","",""
"uika/maskon/nf02","1","PARAM_HAND_L_01_001","已声明","1","1","1","1","1","0–3.3s","0–3.3s"
"uika/maskon/nf02","1","PARAM_HAND_L_02_001","已声明","1","0","0","0","0","",""
"uika/maskon/nf02","1","PARAM_HAND_L_03_001","已声明","1","0","0","0","0","",""
"uika/maskon/nf02","1","PARAM_HAND_L_04_001","已声明","1","0","0","0","0","",""
"uika/maskon/nf02","1","PARAM_HAND_L_05_001","已声明","1","0","0","0","0","",""
"uika/maskon/nf02","1","PARAM_HAND_L_06_001","已声明","1","0","0","0","0","",""
"uika/maskon/nf02","1","PARAM_HAND_L_07_001","已声明","1","0","0","0","0","",""
"uika/maskon/nf02","1","PARAM_HAND_R_01_001","已声明","1","1","1","1","1","0–3.3s","0–3.3s"
"uika/maskon/nf02","1","PARAM_HAND_R_02_001","已声明","1","0","0","0","0","",""
"uika/maskon/nf02","1","PARAM_HAND_R_03_001","已声明","1","0","0","0","0","",""
"uika/maskon/nf02","1","PARAM_HAND_R_04_001","已声明","1","0","0","0","0","",""
"uika/maskon/nf02","1","PARAM_HAND_R_05_001","已声明","1","0","0","0","0","",""
"uika/maskon/nf02","1","PARAM_HAND_R_06_001","已声明","1","0","0","0","0","",""
"uika/maskon/nf02","1","PARAM_HAND_R_09_001","已声明","1","0","0","0","0","",""
"uika/maskon/nf03","1","PARAM_HAND_L_01_001","已声明","1","1","1","1","1","0–3.967s","0–3.967s"
"uika/maskon/nf03","1","PARAM_HAND_L_02_001","已声明","1","0","0","0","0","",""
"uika/maskon/nf03","1","PARAM_HAND_L_03_001","已声明","1","0","0","0","0","",""
"uika/maskon/nf03","1","PARAM_HAND_L_04_001","已声明","1","0","0","0","0","",""
"uika/maskon/nf03","1","PARAM_HAND_L_05_001","已声明","1","0","0","0","0","",""
"uika/maskon/nf03","1","PARAM_HAND_L_06_001","已声明","1","0","0","0","0","",""
"uika/maskon/nf03","1","PARAM_HAND_L_07_001","已声明","1","0","0","0","0","",""
"uika/maskon/nf03","1","PARAM_HAND_R_01_001","已声明","1","0","0","0","0","",""
"uika/maskon/nf03","1","PARAM_HAND_R_02_001","已声明","1","1","1","1","1","0–3.967s","0–3.967s"
"uika/maskon/nf03","1","PARAM_HAND_R_03_001","已声明","1","0","0","0","0","",""
"uika/maskon/nf03","1","PARAM_HAND_R_04_001","已声明","1","0","0","0","0","",""
"uika/maskon/nf03","1","PARAM_HAND_R_05_001","已声明","1","0","0","0","0","",""
"uika/maskon/nf03","1","PARAM_HAND_R_06_001","已声明","1","0","0","0","0","",""
"uika/maskon/nf03","1","PARAM_HAND_R_09_001","已声明","1","0","0","0","0","",""
"uika/maskon/nf04","1","PARAM_HAND_L_01_001","已声明","1","1","1","1","1","0–3.933s","0–3.933s"
"uika/maskon/nf04","1","PARAM_HAND_L_02_001","已声明","1","0","0","0","0","",""
"uika/maskon/nf04","1","PARAM_HAND_L_03_001","已声明","1","0","0","0","0","",""
"uika/maskon/nf04","1","PARAM_HAND_L_04_001","已声明","1","0","0","0","0","",""
"uika/maskon/nf04","1","PARAM_HAND_L_05_001","已声明","1","0","0","0","0","",""
"uika/maskon/nf04","1","PARAM_HAND_L_06_001","已声明","1","0","0","0","0","",""
"uika/maskon/nf04","1","PARAM_HAND_L_07_001","已声明","1","0","0","0","0","",""
"uika/maskon/nf04","1","PARAM_HAND_R_01_001","已声明","1","0","0","0","0","",""
"uika/maskon/nf04","1","PARAM_HAND_R_02_001","已声明","1","1","1","1","1","0–3.933s","0–3.933s"
"uika/maskon/nf04","1","PARAM_HAND_R_03_001","已声明","1","0","0","0","0","",""
"uika/maskon/nf04","1","PARAM_HAND_R_04_001","已声明","1","0","0","0","0","",""
"uika/maskon/nf04","1","PARAM_HAND_R_05_001","已声明","1","0","0","0","0","",""
"uika/maskon/nf04","1","PARAM_HAND_R_06_001","已声明","1","0","0","0","0","",""
"uika/maskon/nf04","1","PARAM_HAND_R_09_001","已声明","1","0","0","0","0","",""
"uika/maskon/nf05","1","PARAM_HAND_L_01_001","已声明","1","0","0","0","0","",""
"uika/maskon/nf05","1","PARAM_HAND_L_02_001","已声明","1","0","0","0","0","",""
"uika/maskon/nf05","1","PARAM_HAND_L_03_001","已声明","1","0","0","0","0","",""
"uika/maskon/nf05","1","PARAM_HAND_L_04_001","已声明","1","0","0","0","0","",""
"uika/maskon/nf05","1","PARAM_HAND_L_05_001","已声明","1","0","0","0","0","",""
"uika/maskon/nf05","1","PARAM_HAND_L_06_001","已声明","1","0","0","0","0","",""
"uika/maskon/nf05","1","PARAM_HAND_L_07_001","已声明","1","1","1","1","1","0–3.633s","0–3.633s"
"uika/maskon/nf05","1","PARAM_HAND_R_01_001","已声明","1","0","0","0","0","",""
"uika/maskon/nf05","1","PARAM_HAND_R_02_001","已声明","1","0","0","0","0","",""
"uika/maskon/nf05","1","PARAM_HAND_R_03_001","已声明","1","0","0","0","0","",""
"uika/maskon/nf05","1","PARAM_HAND_R_04_001","已声明","1","0","0","0","0","",""
"uika/maskon/nf05","1","PARAM_HAND_R_05_001","已声明","1","0","0","0","0","",""
"uika/maskon/nf05","1","PARAM_HAND_R_06_001","已声明","1","0","0","0","0","",""
"uika/maskon/nf05","1","PARAM_HAND_R_09_001","已声明","1","1","1","1","1","0–3.633s","0–3.633s"
"uika/maskon/nnf_left01","1","PARAM_HAND_L_01_001","已声明","1","1","1","1","1","0–4.467s","0–4.467s"
"uika/maskon/nnf_left01","1","PARAM_HAND_L_02_001","已声明","1","0","0","0","0","",""
"uika/maskon/nnf_left01","1","PARAM_HAND_L_03_001","已声明","1","0","0","0","0","",""
"uika/maskon/nnf_left01","1","PARAM_HAND_L_04_001","已声明","1","0","0","0","0","",""
"uika/maskon/nnf_left01","1","PARAM_HAND_L_05_001","已声明","1","0","0","0","0","",""
"uika/maskon/nnf_left01","1","PARAM_HAND_L_06_001","已声明","1","0","0","0","0","",""
"uika/maskon/nnf_left01","1","PARAM_HAND_L_07_001","已声明","1","0","0","0","0","",""
"uika/maskon/nnf_left01","1","PARAM_HAND_R_01_001","已声明","1","1","1","1","1","0–4.467s","0–4.467s"
"uika/maskon/nnf_left01","1","PARAM_HAND_R_02_001","已声明","1","0","0","0","0","",""
"uika/maskon/nnf_left01","1","PARAM_HAND_R_03_001","已声明","1","0","0","0","0","",""
"uika/maskon/nnf_left01","1","PARAM_HAND_R_04_001","已声明","1","0","0","0","0","",""
"uika/maskon/nnf_left01","1","PARAM_HAND_R_05_001","已声明","1","0","0","0","0","",""
"uika/maskon/nnf_left01","1","PARAM_HAND_R_06_001","已声明","1","0","0","0","0","",""
"uika/maskon/nnf_left01","1","PARAM_HAND_R_09_001","已声明","1","0","0","0","0","",""
"uika/maskon/nnf_right01","1","PARAM_HAND_L_01_001","已声明","1","1","1","1","1","0–3.933s","0–3.933s"
"uika/maskon/nnf_right01","1","PARAM_HAND_L_02_001","已声明","1","0","0","0","0","",""
"uika/maskon/nnf_right01","1","PARAM_HAND_L_03_001","已声明","1","0","0","0","0","",""
"uika/maskon/nnf_right01","1","PARAM_HAND_L_04_001","已声明","1","0","0","0","0","",""
"uika/maskon/nnf_right01","1","PARAM_HAND_L_05_001","已声明","1","0","0","0","0","",""
"uika/maskon/nnf_right01","1","PARAM_HAND_L_06_001","已声明","1","0","0","0","0","",""
"uika/maskon/nnf_right01","1","PARAM_HAND_L_07_001","已声明","1","0","0","0","0","",""
"uika/maskon/nnf_right01","1","PARAM_HAND_R_01_001","已声明","1","0","0","0","0","",""
"uika/maskon/nnf_right01","1","PARAM_HAND_R_02_001","已声明","1","1","1","1","1","0–3.933s","0–3.933s"
"uika/maskon/nnf_right01","1","PARAM_HAND_R_03_001","已声明","1","0","0","0","0","",""
"uika/maskon/nnf_right01","1","PARAM_HAND_R_04_001","已声明","1","0","0","0","0","",""
"uika/maskon/nnf_right01","1","PARAM_HAND_R_05_001","已声明","1","0","0","0","0","",""
"uika/maskon/nnf_right01","1","PARAM_HAND_R_06_001","已声明","1","0","0","0","0","",""
"uika/maskon/nnf_right01","1","PARAM_HAND_R_09_001","已声明","1","0","0","0","0","",""
"uika/maskon/nnf01","1","PARAM_HAND_L_01_001","已声明","1","1","1","1","1","0–4.833s","0–4.833s"
"uika/maskon/nnf01","1","PARAM_HAND_L_02_001","已声明","1","0","0","0","0","",""
"uika/maskon/nnf01","1","PARAM_HAND_L_03_001","已声明","1","0","0","0","0","",""
"uika/maskon/nnf01","1","PARAM_HAND_L_04_001","已声明","1","0","0","0","0","",""
"uika/maskon/nnf01","1","PARAM_HAND_L_05_001","已声明","1","0","0","0","0","",""
"uika/maskon/nnf01","1","PARAM_HAND_L_06_001","已声明","1","0","0","0","0","",""
"uika/maskon/nnf01","1","PARAM_HAND_L_07_001","已声明","1","0","0","0","0","",""
"uika/maskon/nnf01","1","PARAM_HAND_R_01_001","已声明","1","1","1","1","1","0–4.833s","0–4.833s"
"uika/maskon/nnf01","1","PARAM_HAND_R_02_001","已声明","1","0","0","0","0","",""
"uika/maskon/nnf01","1","PARAM_HAND_R_03_001","已声明","1","0","0","0","0","",""
"uika/maskon/nnf01","1","PARAM_HAND_R_04_001","已声明","1","0","0","0","0","",""
"uika/maskon/nnf01","1","PARAM_HAND_R_05_001","已声明","1","0","0","0","0","",""
"uika/maskon/nnf01","1","PARAM_HAND_R_06_001","已声明","1","0","0","0","0","",""
"uika/maskon/nnf01","1","PARAM_HAND_R_09_001","已声明","1","0","0","0","0","",""
"uika/maskon/nnf02","1","PARAM_HAND_L_01_001","已声明","1","1","1","1","1","0–3.3s","0–3.3s"
"uika/maskon/nnf02","1","PARAM_HAND_L_02_001","已声明","1","0","0","0","0","",""
"uika/maskon/nnf02","1","PARAM_HAND_L_03_001","已声明","1","0","0","0","0","",""
"uika/maskon/nnf02","1","PARAM_HAND_L_04_001","已声明","1","0","0","0","0","",""
"uika/maskon/nnf02","1","PARAM_HAND_L_05_001","已声明","1","0","0","0","0","",""
"uika/maskon/nnf02","1","PARAM_HAND_L_06_001","已声明","1","0","0","0","0","",""
"uika/maskon/nnf02","1","PARAM_HAND_L_07_001","已声明","1","0","0","0","0","",""
"uika/maskon/nnf02","1","PARAM_HAND_R_01_001","已声明","1","1","1","1","1","0–3.3s","0–3.3s"
"uika/maskon/nnf02","1","PARAM_HAND_R_02_001","已声明","1","0","0","0","0","",""
"uika/maskon/nnf02","1","PARAM_HAND_R_03_001","已声明","1","0","0","0","0","",""
"uika/maskon/nnf02","1","PARAM_HAND_R_04_001","已声明","1","0","0","0","0","",""
"uika/maskon/nnf02","1","PARAM_HAND_R_05_001","已声明","1","0","0","0","0","",""
"uika/maskon/nnf02","1","PARAM_HAND_R_06_001","已声明","1","0","0","0","0","",""
"uika/maskon/nnf02","1","PARAM_HAND_R_09_001","已声明","1","0","0","0","0","",""
"uika/maskon/nnf03","1","PARAM_HAND_L_01_001","已声明","1","1","1","1","1","0–3.967s","0–3.967s"
"uika/maskon/nnf03","1","PARAM_HAND_L_02_001","已声明","1","0","0","0","0","",""
"uika/maskon/nnf03","1","PARAM_HAND_L_03_001","已声明","1","0","0","0","0","",""
"uika/maskon/nnf03","1","PARAM_HAND_L_04_001","已声明","1","0","0","0","0","",""
"uika/maskon/nnf03","1","PARAM_HAND_L_05_001","已声明","1","0","0","0","0","",""
"uika/maskon/nnf03","1","PARAM_HAND_L_06_001","已声明","1","0","0","0","0","",""
"uika/maskon/nnf03","1","PARAM_HAND_L_07_001","已声明","1","0","0","0","0","",""
"uika/maskon/nnf03","1","PARAM_HAND_R_01_001","已声明","1","0","0","0","0","",""
"uika/maskon/nnf03","1","PARAM_HAND_R_02_001","已声明","1","1","1","1","1","0–3.967s","0–3.967s"
"uika/maskon/nnf03","1","PARAM_HAND_R_03_001","已声明","1","0","0","0","0","",""
"uika/maskon/nnf03","1","PARAM_HAND_R_04_001","已声明","1","0","0","0","0","",""
"uika/maskon/nnf03","1","PARAM_HAND_R_05_001","已声明","1","0","0","0","0","",""
"uika/maskon/nnf03","1","PARAM_HAND_R_06_001","已声明","1","0","0","0","0","",""
"uika/maskon/nnf03","1","PARAM_HAND_R_09_001","已声明","1","0","0","0","0","",""
"uika/maskon/nnf04","1","PARAM_HAND_L_01_001","已声明","1","1","1","1","1","0–3.933s","0–3.933s"
"uika/maskon/nnf04","1","PARAM_HAND_L_02_001","已声明","1","0","0","0","0","",""
"uika/maskon/nnf04","1","PARAM_HAND_L_03_001","已声明","1","0","0","0","0","",""
"uika/maskon/nnf04","1","PARAM_HAND_L_04_001","已声明","1","0","0","0","0","",""
"uika/maskon/nnf04","1","PARAM_HAND_L_05_001","已声明","1","0","0","0","0","",""
"uika/maskon/nnf04","1","PARAM_HAND_L_06_001","已声明","1","0","0","0","0","",""
"uika/maskon/nnf04","1","PARAM_HAND_L_07_001","已声明","1","0","0","0","0","",""
"uika/maskon/nnf04","1","PARAM_HAND_R_01_001","已声明","1","0","0","0","0","",""
"uika/maskon/nnf04","1","PARAM_HAND_R_02_001","已声明","1","1","1","1","1","0–3.933s","0–3.933s"
"uika/maskon/nnf04","1","PARAM_HAND_R_03_001","已声明","1","0","0","0","0","",""
"uika/maskon/nnf04","1","PARAM_HAND_R_04_001","已声明","1","0","0","0","0","",""
"uika/maskon/nnf04","1","PARAM_HAND_R_05_001","已声明","1","0","0","0","0","",""
"uika/maskon/nnf04","1","PARAM_HAND_R_06_001","已声明","1","0","0","0","0","",""
"uika/maskon/nnf04","1","PARAM_HAND_R_09_001","已声明","1","0","0","0","0","",""
"uika/maskon/nnf05","1","PARAM_HAND_L_01_001","已声明","1","0","0","0","0","",""
"uika/maskon/nnf05","1","PARAM_HAND_L_02_001","已声明","1","0","0","0","0","",""
"uika/maskon/nnf05","1","PARAM_HAND_L_03_001","已声明","1","0","0","0","0","",""
"uika/maskon/nnf05","1","PARAM_HAND_L_04_001","已声明","1","0","0","0","0","",""
"uika/maskon/nnf05","1","PARAM_HAND_L_05_001","已声明","1","0","0","0","0","",""
"uika/maskon/nnf05","1","PARAM_HAND_L_06_001","已声明","1","0","0","0","0","",""
"uika/maskon/nnf05","1","PARAM_HAND_L_07_001","已声明","1","1","1","1","1","0–3.633s","0–3.633s"
"uika/maskon/nnf05","1","PARAM_HAND_R_01_001","已声明","1","0","0","0","0","",""
"uika/maskon/nnf05","1","PARAM_HAND_R_02_001","已声明","1","0","0","0","0","",""
"uika/maskon/nnf05","1","PARAM_HAND_R_03_001","已声明","1","0","0","0","0","",""
"uika/maskon/nnf05","1","PARAM_HAND_R_04_001","已声明","1","0","0","0","0","",""
"uika/maskon/nnf05","1","PARAM_HAND_R_05_001","已声明","1","0","0","0","0","",""
"uika/maskon/nnf05","1","PARAM_HAND_R_06_001","已声明","1","0","0","0","0","",""
"uika/maskon/nnf05","1","PARAM_HAND_R_09_001","已声明","1","1","1","1","1","0–3.633s","0–3.633s"
"uika/maskon/sad01","1","PARAM_HAND_L_01_001","已声明","1","1","1","1","1","0–3.733s","0–3.733s"
"uika/maskon/sad01","1","PARAM_HAND_L_02_001","已声明","1","0","0","0","0","",""
"uika/maskon/sad01","1","PARAM_HAND_L_03_001","已声明","1","0","0","0","0","",""
"uika/maskon/sad01","1","PARAM_HAND_L_04_001","已声明","1","0","0","0","0","",""
"uika/maskon/sad01","1","PARAM_HAND_L_05_001","已声明","1","0","0","0","0","",""
"uika/maskon/sad01","1","PARAM_HAND_L_06_001","已声明","1","0","0","0","0","",""
"uika/maskon/sad01","1","PARAM_HAND_L_07_001","已声明","1","0","0","0","0","",""
"uika/maskon/sad01","1","PARAM_HAND_R_01_001","已声明","1","1","1","1","1","0–3.733s","0–3.733s"
"uika/maskon/sad01","1","PARAM_HAND_R_02_001","已声明","1","0","0","0","0","",""
"uika/maskon/sad01","1","PARAM_HAND_R_03_001","已声明","1","0","0","0","0","",""
"uika/maskon/sad01","1","PARAM_HAND_R_04_001","已声明","1","0","0","0","0","",""
"uika/maskon/sad01","1","PARAM_HAND_R_05_001","已声明","1","0","0","0","0","",""
"uika/maskon/sad01","1","PARAM_HAND_R_06_001","已声明","1","0","0","0","0","",""
"uika/maskon/sad01","1","PARAM_HAND_R_09_001","已声明","1","0","0","0","0","",""
"uika/maskon/serious01","1","PARAM_HAND_L_01_001","已声明","1","0","0","0","0","",""
"uika/maskon/serious01","1","PARAM_HAND_L_02_001","已声明","1","0","0","0","0","",""
"uika/maskon/serious01","1","PARAM_HAND_L_03_001","已声明","1","0","0","0","0","",""
"uika/maskon/serious01","1","PARAM_HAND_L_04_001","已声明","1","0","0","0","0","",""
"uika/maskon/serious01","1","PARAM_HAND_L_05_001","已声明","1","0","0","0","0","",""
"uika/maskon/serious01","1","PARAM_HAND_L_06_001","已声明","1","0","0","0","0","",""
"uika/maskon/serious01","1","PARAM_HAND_L_07_001","已声明","1","1","1","1","1","0–3.5s","0–3.5s"
"uika/maskon/serious01","1","PARAM_HAND_R_01_001","已声明","1","0","0","0","0","",""
"uika/maskon/serious01","1","PARAM_HAND_R_02_001","已声明","1","0","0","0","0","",""
"uika/maskon/serious01","1","PARAM_HAND_R_03_001","已声明","1","0","0","0","0","",""
"uika/maskon/serious01","1","PARAM_HAND_R_04_001","已声明","1","0","0","0","0","",""
"uika/maskon/serious01","1","PARAM_HAND_R_05_001","已声明","1","0","0","0","0","",""
"uika/maskon/serious01","1","PARAM_HAND_R_06_001","已声明","1","0","0","0","0","",""
"uika/maskon/serious01","1","PARAM_HAND_R_09_001","已声明","1","1","1","1","1","0–3.5s","0–3.5s"
"uika/maskon/shame01","1","PARAM_HAND_L_01_001","已声明","1","1","1","1","1","0–3.933s","0–3.933s"
"uika/maskon/shame01","1","PARAM_HAND_L_02_001","已声明","1","0","0","0","0","",""
"uika/maskon/shame01","1","PARAM_HAND_L_03_001","已声明","1","0","0","0","0","",""
"uika/maskon/shame01","1","PARAM_HAND_L_04_001","已声明","1","0","0","0","0","",""
"uika/maskon/shame01","1","PARAM_HAND_L_05_001","已声明","1","0","0","0","0","",""
"uika/maskon/shame01","1","PARAM_HAND_L_06_001","已声明","1","0","0","0","0","",""
"uika/maskon/shame01","1","PARAM_HAND_L_07_001","已声明","1","0","0","0","0","",""
"uika/maskon/shame01","1","PARAM_HAND_R_01_001","已声明","1","1","1","1","1","0–3.933s","0–3.933s"
"uika/maskon/shame01","1","PARAM_HAND_R_02_001","已声明","1","0","0","0","0","",""
"uika/maskon/shame01","1","PARAM_HAND_R_03_001","已声明","1","0","0","0","0","",""
"uika/maskon/shame01","1","PARAM_HAND_R_04_001","已声明","1","0","0","0","0","",""
"uika/maskon/shame01","1","PARAM_HAND_R_05_001","已声明","1","0","0","0","0","",""
"uika/maskon/shame01","1","PARAM_HAND_R_06_001","已声明","1","0","0","0","0","",""
"uika/maskon/shame01","1","PARAM_HAND_R_09_001","已声明","1","0","0","0","0","",""
"uika/maskon/smile01","1","PARAM_HAND_L_01_001","已声明","1","0","0","0","0","",""
"uika/maskon/smile01","1","PARAM_HAND_L_02_001","已声明","1","0","0","0","0","",""
"uika/maskon/smile01","1","PARAM_HAND_L_03_001","已声明","1","0","0","0","0","",""
"uika/maskon/smile01","1","PARAM_HAND_L_04_001","已声明","1","0","0","0","0","",""
"uika/maskon/smile01","1","PARAM_HAND_L_05_001","已声明","1","0","0","0","0","",""
"uika/maskon/smile01","1","PARAM_HAND_L_06_001","已声明","1","0","0","0","0","",""
"uika/maskon/smile01","1","PARAM_HAND_L_07_001","已声明","1","1","1","1","1","0–3.8s","0–3.8s"
"uika/maskon/smile01","1","PARAM_HAND_R_01_001","已声明","1","0","0","0","0","",""
"uika/maskon/smile01","1","PARAM_HAND_R_02_001","已声明","1","0","0","0","0","",""
"uika/maskon/smile01","1","PARAM_HAND_R_03_001","已声明","1","0","0","0","0","",""
"uika/maskon/smile01","1","PARAM_HAND_R_04_001","已声明","1","0","0","0","0","",""
"uika/maskon/smile01","1","PARAM_HAND_R_05_001","已声明","1","0","0","0","0","",""
"uika/maskon/smile01","1","PARAM_HAND_R_06_001","已声明","1","0","0","0","0","",""
"uika/maskon/smile01","1","PARAM_HAND_R_09_001","已声明","1","1","1","1","1","0–3.8s","0–3.8s"
"uika/maskon/smile02","1","PARAM_HAND_L_01_001","已声明","1","0","0","0","0","",""
"uika/maskon/smile02","1","PARAM_HAND_L_02_001","已声明","1","0","0","0","0","",""
"uika/maskon/smile02","1","PARAM_HAND_L_03_001","已声明","1","0","0","0","0","",""
"uika/maskon/smile02","1","PARAM_HAND_L_04_001","已声明","1","0","0","0","0","",""
"uika/maskon/smile02","1","PARAM_HAND_L_05_001","已声明","1","0","0","0","0","",""
"uika/maskon/smile02","1","PARAM_HAND_L_06_001","已声明","1","0","0","0","0","",""
"uika/maskon/smile02","1","PARAM_HAND_L_07_001","已声明","1","1","1","1","1","0–3.633s","0–3.633s"
"uika/maskon/smile02","1","PARAM_HAND_R_01_001","已声明","1","0","0","0","0","",""
"uika/maskon/smile02","1","PARAM_HAND_R_02_001","已声明","1","0","0","0","0","",""
"uika/maskon/smile02","1","PARAM_HAND_R_03_001","已声明","1","0","0","0","0","",""
"uika/maskon/smile02","1","PARAM_HAND_R_04_001","已声明","1","0","0","0","0","",""
"uika/maskon/smile02","1","PARAM_HAND_R_05_001","已声明","1","0","0","0","0","",""
"uika/maskon/smile02","1","PARAM_HAND_R_06_001","已声明","1","0","0","0","0","",""
"uika/maskon/smile02","1","PARAM_HAND_R_09_001","已声明","1","1","1","1","1","0–3.633s","0–3.633s"
"uika/maskon/smile03","1","PARAM_HAND_L_01_001","已声明","1","1","1","1","1","0–3.8s","0–3.8s"
"uika/maskon/smile03","1","PARAM_HAND_L_02_001","已声明","1","0","0","0","0","",""
"uika/maskon/smile03","1","PARAM_HAND_L_03_001","已声明","1","0","0","0","0","",""
"uika/maskon/smile03","1","PARAM_HAND_L_04_001","已声明","1","0","0","0","0","",""
"uika/maskon/smile03","1","PARAM_HAND_L_05_001","已声明","1","0","0","0","0","",""
"uika/maskon/smile03","1","PARAM_HAND_L_06_001","已声明","1","0","0","0","0","",""
"uika/maskon/smile03","1","PARAM_HAND_L_07_001","已声明","1","0","0","0","0","",""
"uika/maskon/smile03","1","PARAM_HAND_R_01_001","已声明","1","0","0","0","0","",""
"uika/maskon/smile03","1","PARAM_HAND_R_02_001","已声明","1","1","1","1","1","0–3.8s","0–3.8s"
"uika/maskon/smile03","1","PARAM_HAND_R_03_001","已声明","1","0","0","0","0","",""
"uika/maskon/smile03","1","PARAM_HAND_R_04_001","已声明","1","0","0","0","0","",""
"uika/maskon/smile03","1","PARAM_HAND_R_05_001","已声明","1","0","0","0","0","",""
"uika/maskon/smile03","1","PARAM_HAND_R_06_001","已声明","1","0","0","0","0","",""
"uika/maskon/smile03","1","PARAM_HAND_R_09_001","已声明","1","0","0","0","0","",""
"uika/maskon/surprised01","1","PARAM_HAND_L_01_001","已声明","1","1","1","1","1","0–3.9s","0–3.9s"
"uika/maskon/surprised01","1","PARAM_HAND_L_02_001","已声明","1","0","0","0","0","",""
"uika/maskon/surprised01","1","PARAM_HAND_L_03_001","已声明","1","0","0","0","0","",""
"uika/maskon/surprised01","1","PARAM_HAND_L_04_001","已声明","1","0","0","0","0","",""
"uika/maskon/surprised01","1","PARAM_HAND_L_05_001","已声明","1","0","0","0","0","",""
"uika/maskon/surprised01","1","PARAM_HAND_L_06_001","已声明","1","0","0","0","0","",""
"uika/maskon/surprised01","1","PARAM_HAND_L_07_001","已声明","1","0","0","0","0","",""
"uika/maskon/surprised01","1","PARAM_HAND_R_01_001","已声明","1","1","1","1","1","0–3.9s","0–3.9s"
"uika/maskon/surprised01","1","PARAM_HAND_R_02_001","已声明","1","0","0","0","0","",""
"uika/maskon/surprised01","1","PARAM_HAND_R_03_001","已声明","1","0","0","0","0","",""
"uika/maskon/surprised01","1","PARAM_HAND_R_04_001","已声明","1","0","0","0","0","",""
"uika/maskon/surprised01","1","PARAM_HAND_R_05_001","已声明","1","0","0","0","0","",""
"uika/maskon/surprised01","1","PARAM_HAND_R_06_001","已声明","1","0","0","0","0","",""
"uika/maskon/surprised01","1","PARAM_HAND_R_09_001","已声明","1","0","0","0","0","",""
"uika/mitore01","1","PARAM_HAND_L_01_001","已声明","1","0","0","0","0","",""
"uika/mitore01","1","PARAM_HAND_L_02_001","已声明","1","0","0","0","0","",""
"uika/mitore01","1","PARAM_HAND_L_03_001","已声明","1","0","0","0","0","",""
"uika/mitore01","1","PARAM_HAND_L_04_001","已声明","1","0","0","0","0","",""
"uika/mitore01","1","PARAM_HAND_L_05_001","已声明","1","0","0","0","0","",""
"uika/mitore01","1","PARAM_HAND_L_06_001","已声明","1","0","0","0","0","",""
"uika/mitore01","1","PARAM_HAND_L_07_001","已声明","1","1","1","1","1","0–3.833s","0–3.833s"
"uika/mitore01","1","PARAM_HAND_R_01_001","已声明","1","0","0","0","0","",""
"uika/mitore01","1","PARAM_HAND_R_02_001","已声明","1","0","0","0","0","",""
"uika/mitore01","1","PARAM_HAND_R_03_001","已声明","1","0","0","0","0","",""
"uika/mitore01","1","PARAM_HAND_R_04_001","已声明","1","0","0","0","0","",""
"uika/mitore01","1","PARAM_HAND_R_05_001","已声明","1","0","0","0","0","",""
"uika/mitore01","1","PARAM_HAND_R_06_001","已声明","1","0","0","0","0","",""
"uika/mitore01","1","PARAM_HAND_R_09_001","已声明","1","1","1","1","1","0–3.833s","0–3.833s"
"uika/nf_left01","1","PARAM_HAND_L_01_001","已声明","1","1","1","1","1","0–4.467s","0–4.467s"
"uika/nf_left01","1","PARAM_HAND_L_02_001","已声明","1","0","0","0","0","",""
"uika/nf_left01","1","PARAM_HAND_L_03_001","已声明","1","0","0","0","0","",""
"uika/nf_left01","1","PARAM_HAND_L_04_001","已声明","1","0","0","0","0","",""
"uika/nf_left01","1","PARAM_HAND_L_05_001","已声明","1","0","0","0","0","",""
"uika/nf_left01","1","PARAM_HAND_L_06_001","已声明","1","0","0","0","0","",""
"uika/nf_left01","1","PARAM_HAND_L_07_001","已声明","1","0","0","0","0","",""
"uika/nf_left01","1","PARAM_HAND_R_01_001","已声明","1","1","1","1","1","0–4.467s","0–4.467s"
"uika/nf_left01","1","PARAM_HAND_R_02_001","已声明","1","0","0","0","0","",""
"uika/nf_left01","1","PARAM_HAND_R_03_001","已声明","1","0","0","0","0","",""
"uika/nf_left01","1","PARAM_HAND_R_04_001","已声明","1","0","0","0","0","",""
"uika/nf_left01","1","PARAM_HAND_R_05_001","已声明","1","0","0","0","0","",""
"uika/nf_left01","1","PARAM_HAND_R_06_001","已声明","1","0","0","0","0","",""
"uika/nf_left01","1","PARAM_HAND_R_09_001","已声明","1","0","0","0","0","",""
"uika/nf_right01","1","PARAM_HAND_L_01_001","已声明","1","1","1","1","1","0–3.933s","0–3.933s"
"uika/nf_right01","1","PARAM_HAND_L_02_001","已声明","1","0","0","0","0","",""
"uika/nf_right01","1","PARAM_HAND_L_03_001","已声明","1","0","0","0","0","",""
"uika/nf_right01","1","PARAM_HAND_L_04_001","已声明","1","0","0","0","0","",""
"uika/nf_right01","1","PARAM_HAND_L_05_001","已声明","1","0","0","0","0","",""
"uika/nf_right01","1","PARAM_HAND_L_06_001","已声明","1","0","0","0","0","",""
"uika/nf_right01","1","PARAM_HAND_L_07_001","已声明","1","0","0","0","0","",""
"uika/nf_right01","1","PARAM_HAND_R_01_001","已声明","1","0","0","0","0","",""
"uika/nf_right01","1","PARAM_HAND_R_02_001","已声明","1","1","1","1","1","0–3.933s","0–3.933s"
"uika/nf_right01","1","PARAM_HAND_R_03_001","已声明","1","0","0","0","0","",""
"uika/nf_right01","1","PARAM_HAND_R_04_001","已声明","1","0","0","0","0","",""
"uika/nf_right01","1","PARAM_HAND_R_05_001","已声明","1","0","0","0","0","",""
"uika/nf_right01","1","PARAM_HAND_R_06_001","已声明","1","0","0","0","0","",""
"uika/nf_right01","1","PARAM_HAND_R_09_001","已声明","1","0","0","0","0","",""
"uika/nf01","1","PARAM_HAND_L_01_001","已声明","1","1","1","1","1","0–4.833s","0–4.833s"
"uika/nf01","1","PARAM_HAND_L_02_001","已声明","1","0","0","0","0","",""
"uika/nf01","1","PARAM_HAND_L_03_001","已声明","1","0","0","0","0","",""
"uika/nf01","1","PARAM_HAND_L_04_001","已声明","1","0","0","0","0","",""
"uika/nf01","1","PARAM_HAND_L_05_001","已声明","1","0","0","0","0","",""
"uika/nf01","1","PARAM_HAND_L_06_001","已声明","1","0","0","0","0","",""
"uika/nf01","1","PARAM_HAND_L_07_001","已声明","1","0","0","0","0","",""
"uika/nf01","1","PARAM_HAND_R_01_001","已声明","1","1","1","1","1","0–4.833s","0–4.833s"
"uika/nf01","1","PARAM_HAND_R_02_001","已声明","1","0","0","0","0","",""
"uika/nf01","1","PARAM_HAND_R_03_001","已声明","1","0","0","0","0","",""
"uika/nf01","1","PARAM_HAND_R_04_001","已声明","1","0","0","0","0","",""
"uika/nf01","1","PARAM_HAND_R_05_001","已声明","1","0","0","0","0","",""
"uika/nf01","1","PARAM_HAND_R_06_001","已声明","1","0","0","0","0","",""
"uika/nf01","1","PARAM_HAND_R_09_001","已声明","1","0","0","0","0","",""
"uika/nf02","1","PARAM_HAND_L_01_001","已声明","1","1","1","1","1","0–3.3s","0–3.3s"
"uika/nf02","1","PARAM_HAND_L_02_001","已声明","1","0","0","0","0","",""
"uika/nf02","1","PARAM_HAND_L_03_001","已声明","1","0","0","0","0","",""
"uika/nf02","1","PARAM_HAND_L_04_001","已声明","1","0","0","0","0","",""
"uika/nf02","1","PARAM_HAND_L_05_001","已声明","1","0","0","0","0","",""
"uika/nf02","1","PARAM_HAND_L_06_001","已声明","1","0","0","0","0","",""
"uika/nf02","1","PARAM_HAND_L_07_001","已声明","1","0","0","0","0","",""
"uika/nf02","1","PARAM_HAND_R_01_001","已声明","1","1","1","1","1","0–3.3s","0–3.3s"
"uika/nf02","1","PARAM_HAND_R_02_001","已声明","1","0","0","0","0","",""
"uika/nf02","1","PARAM_HAND_R_03_001","已声明","1","0","0","0","0","",""
"uika/nf02","1","PARAM_HAND_R_04_001","已声明","1","0","0","0","0","",""
"uika/nf02","1","PARAM_HAND_R_05_001","已声明","1","0","0","0","0","",""
"uika/nf02","1","PARAM_HAND_R_06_001","已声明","1","0","0","0","0","",""
"uika/nf02","1","PARAM_HAND_R_09_001","已声明","1","0","0","0","0","",""
"uika/nf03","1","PARAM_HAND_L_01_001","已声明","1","1","1","1","1","0–3.967s","0–3.967s"
"uika/nf03","1","PARAM_HAND_L_02_001","已声明","1","0","0","0","0","",""
"uika/nf03","1","PARAM_HAND_L_03_001","已声明","1","0","0","0","0","",""
"uika/nf03","1","PARAM_HAND_L_04_001","已声明","1","0","0","0","0","",""
"uika/nf03","1","PARAM_HAND_L_05_001","已声明","1","0","0","0","0","",""
"uika/nf03","1","PARAM_HAND_L_06_001","已声明","1","0","0","0","0","",""
"uika/nf03","1","PARAM_HAND_L_07_001","已声明","1","0","0","0","0","",""
"uika/nf03","1","PARAM_HAND_R_01_001","已声明","1","0","0","0","0","",""
"uika/nf03","1","PARAM_HAND_R_02_001","已声明","1","1","1","1","1","0–3.967s","0–3.967s"
"uika/nf03","1","PARAM_HAND_R_03_001","已声明","1","0","0","0","0","",""
"uika/nf03","1","PARAM_HAND_R_04_001","已声明","1","0","0","0","0","",""
"uika/nf03","1","PARAM_HAND_R_05_001","已声明","1","0","0","0","0","",""
"uika/nf03","1","PARAM_HAND_R_06_001","已声明","1","0","0","0","0","",""
"uika/nf03","1","PARAM_HAND_R_09_001","已声明","1","0","0","0","0","",""
"uika/nf04","1","PARAM_HAND_L_01_001","已声明","1","1","1","1","1","0–3.933s","0–3.933s"
"uika/nf04","1","PARAM_HAND_L_02_001","已声明","1","0","0","0","0","",""
"uika/nf04","1","PARAM_HAND_L_03_001","已声明","1","0","0","0","0","",""
"uika/nf04","1","PARAM_HAND_L_04_001","已声明","1","0","0","0","0","",""
"uika/nf04","1","PARAM_HAND_L_05_001","已声明","1","0","0","0","0","",""
"uika/nf04","1","PARAM_HAND_L_06_001","已声明","1","0","0","0","0","",""
"uika/nf04","1","PARAM_HAND_L_07_001","已声明","1","0","0","0","0","",""
"uika/nf04","1","PARAM_HAND_R_01_001","已声明","1","0","0","0","0","",""
"uika/nf04","1","PARAM_HAND_R_02_001","已声明","1","1","1","1","1","0–3.933s","0–3.933s"
"uika/nf04","1","PARAM_HAND_R_03_001","已声明","1","0","0","0","0","",""
"uika/nf04","1","PARAM_HAND_R_04_001","已声明","1","0","0","0","0","",""
"uika/nf04","1","PARAM_HAND_R_05_001","已声明","1","0","0","0","0","",""
"uika/nf04","1","PARAM_HAND_R_06_001","已声明","1","0","0","0","0","",""
"uika/nf04","1","PARAM_HAND_R_09_001","已声明","1","0","0","0","0","",""
"uika/nf05","1","PARAM_HAND_L_01_001","已声明","1","0","0","0","0","",""
"uika/nf05","1","PARAM_HAND_L_02_001","已声明","1","0","0","0","0","",""
"uika/nf05","1","PARAM_HAND_L_03_001","已声明","1","0","0","0","0","",""
"uika/nf05","1","PARAM_HAND_L_04_001","已声明","1","0","0","0","0","",""
"uika/nf05","1","PARAM_HAND_L_05_001","已声明","1","0","0","0","0","",""
"uika/nf05","1","PARAM_HAND_L_06_001","已声明","1","0","0","0","0","",""
"uika/nf05","1","PARAM_HAND_L_07_001","已声明","1","1","1","1","1","0–3.633s","0–3.633s"
"uika/nf05","1","PARAM_HAND_R_01_001","已声明","1","0","0","0","0","",""
"uika/nf05","1","PARAM_HAND_R_02_001","已声明","1","0","0","0","0","",""
"uika/nf05","1","PARAM_HAND_R_03_001","已声明","1","0","0","0","0","",""
"uika/nf05","1","PARAM_HAND_R_04_001","已声明","1","0","0","0","0","",""
"uika/nf05","1","PARAM_HAND_R_05_001","已声明","1","0","0","0","0","",""
"uika/nf05","1","PARAM_HAND_R_06_001","已声明","1","0","0","0","0","",""
"uika/nf05","1","PARAM_HAND_R_09_001","已声明","1","1","1","1","1","0–3.633s","0–3.633s"
"uika/nnf_left01","1","PARAM_HAND_L_01_001","已声明","1","1","1","1","1","0–4.467s","0–4.467s"
"uika/nnf_left01","1","PARAM_HAND_L_02_001","已声明","1","0","0","0","0","",""
"uika/nnf_left01","1","PARAM_HAND_L_03_001","已声明","1","0","0","0","0","",""
"uika/nnf_left01","1","PARAM_HAND_L_04_001","已声明","1","0","0","0","0","",""
"uika/nnf_left01","1","PARAM_HAND_L_05_001","已声明","1","0","0","0","0","",""
"uika/nnf_left01","1","PARAM_HAND_L_06_001","已声明","1","0","0","0","0","",""
"uika/nnf_left01","1","PARAM_HAND_L_07_001","已声明","1","0","0","0","0","",""
"uika/nnf_left01","1","PARAM_HAND_R_01_001","已声明","1","1","1","1","1","0–4.467s","0–4.467s"
"uika/nnf_left01","1","PARAM_HAND_R_02_001","已声明","1","0","0","0","0","",""
"uika/nnf_left01","1","PARAM_HAND_R_03_001","已声明","1","0","0","0","0","",""
"uika/nnf_left01","1","PARAM_HAND_R_04_001","已声明","1","0","0","0","0","",""
"uika/nnf_left01","1","PARAM_HAND_R_05_001","已声明","1","0","0","0","0","",""
"uika/nnf_left01","1","PARAM_HAND_R_06_001","已声明","1","0","0","0","0","",""
"uika/nnf_left01","1","PARAM_HAND_R_09_001","已声明","1","0","0","0","0","",""
"uika/nnf_right01","1","PARAM_HAND_L_01_001","已声明","1","1","1","1","1","0–3.933s","0–3.933s"
"uika/nnf_right01","1","PARAM_HAND_L_02_001","已声明","1","0","0","0","0","",""
"uika/nnf_right01","1","PARAM_HAND_L_03_001","已声明","1","0","0","0","0","",""
"uika/nnf_right01","1","PARAM_HAND_L_04_001","已声明","1","0","0","0","0","",""
"uika/nnf_right01","1","PARAM_HAND_L_05_001","已声明","1","0","0","0","0","",""
"uika/nnf_right01","1","PARAM_HAND_L_06_001","已声明","1","0","0","0","0","",""
"uika/nnf_right01","1","PARAM_HAND_L_07_001","已声明","1","0","0","0","0","",""
"uika/nnf_right01","1","PARAM_HAND_R_01_001","已声明","1","0","0","0","0","",""
"uika/nnf_right01","1","PARAM_HAND_R_02_001","已声明","1","1","1","1","1","0–3.933s","0–3.933s"
"uika/nnf_right01","1","PARAM_HAND_R_03_001","已声明","1","0","0","0","0","",""
"uika/nnf_right01","1","PARAM_HAND_R_04_001","已声明","1","0","0","0","0","",""
"uika/nnf_right01","1","PARAM_HAND_R_05_001","已声明","1","0","0","0","0","",""
"uika/nnf_right01","1","PARAM_HAND_R_06_001","已声明","1","0","0","0","0","",""
"uika/nnf_right01","1","PARAM_HAND_R_09_001","已声明","1","0","0","0","0","",""
"uika/nnf01","1","PARAM_HAND_L_01_001","已声明","1","1","1","1","1","0–4.833s","0–4.833s"
"uika/nnf01","1","PARAM_HAND_L_02_001","已声明","1","0","0","0","0","",""
"uika/nnf01","1","PARAM_HAND_L_03_001","已声明","1","0","0","0","0","",""
"uika/nnf01","1","PARAM_HAND_L_04_001","已声明","1","0","0","0","0","",""
"uika/nnf01","1","PARAM_HAND_L_05_001","已声明","1","0","0","0","0","",""
"uika/nnf01","1","PARAM_HAND_L_06_001","已声明","1","0","0","0","0","",""
"uika/nnf01","1","PARAM_HAND_L_07_001","已声明","1","0","0","0","0","",""
"uika/nnf01","1","PARAM_HAND_R_01_001","已声明","1","1","1","1","1","0–4.833s","0–4.833s"
"uika/nnf01","1","PARAM_HAND_R_02_001","已声明","1","0","0","0","0","",""
"uika/nnf01","1","PARAM_HAND_R_03_001","已声明","1","0","0","0","0","",""
"uika/nnf01","1","PARAM_HAND_R_04_001","已声明","1","0","0","0","0","",""
"uika/nnf01","1","PARAM_HAND_R_05_001","已声明","1","0","0","0","0","",""
"uika/nnf01","1","PARAM_HAND_R_06_001","已声明","1","0","0","0","0","",""
"uika/nnf01","1","PARAM_HAND_R_09_001","已声明","1","0","0","0","0","",""
"uika/nnf02","1","PARAM_HAND_L_01_001","已声明","1","1","1","1","1","0–3.3s","0–3.3s"
"uika/nnf02","1","PARAM_HAND_L_02_001","已声明","1","0","0","0","0","",""
"uika/nnf02","1","PARAM_HAND_L_03_001","已声明","1","0","0","0","0","",""
"uika/nnf02","1","PARAM_HAND_L_04_001","已声明","1","0","0","0","0","",""
"uika/nnf02","1","PARAM_HAND_L_05_001","已声明","1","0","0","0","0","",""
"uika/nnf02","1","PARAM_HAND_L_06_001","已声明","1","0","0","0","0","",""
"uika/nnf02","1","PARAM_HAND_L_07_001","已声明","1","0","0","0","0","",""
"uika/nnf02","1","PARAM_HAND_R_01_001","已声明","1","1","1","1","1","0–3.3s","0–3.3s"
"uika/nnf02","1","PARAM_HAND_R_02_001","已声明","1","0","0","0","0","",""
"uika/nnf02","1","PARAM_HAND_R_03_001","已声明","1","0","0","0","0","",""
"uika/nnf02","1","PARAM_HAND_R_04_001","已声明","1","0","0","0","0","",""
"uika/nnf02","1","PARAM_HAND_R_05_001","已声明","1","0","0","0","0","",""
"uika/nnf02","1","PARAM_HAND_R_06_001","已声明","1","0","0","0","0","",""
"uika/nnf02","1","PARAM_HAND_R_09_001","已声明","1","0","0","0","0","",""
"uika/nnf03","1","PARAM_HAND_L_01_001","已声明","1","1","1","1","1","0–3.967s","0–3.967s"
"uika/nnf03","1","PARAM_HAND_L_02_001","已声明","1","0","0","0","0","",""
"uika/nnf03","1","PARAM_HAND_L_03_001","已声明","1","0","0","0","0","",""
"uika/nnf03","1","PARAM_HAND_L_04_001","已声明","1","0","0","0","0","",""
"uika/nnf03","1","PARAM_HAND_L_05_001","已声明","1","0","0","0","0","",""
"uika/nnf03","1","PARAM_HAND_L_06_001","已声明","1","0","0","0","0","",""
"uika/nnf03","1","PARAM_HAND_L_07_001","已声明","1","0","0","0","0","",""
"uika/nnf03","1","PARAM_HAND_R_01_001","已声明","1","0","0","0","0","",""
"uika/nnf03","1","PARAM_HAND_R_02_001","已声明","1","1","1","1","1","0–3.967s","0–3.967s"
"uika/nnf03","1","PARAM_HAND_R_03_001","已声明","1","0","0","0","0","",""
"uika/nnf03","1","PARAM_HAND_R_04_001","已声明","1","0","0","0","0","",""
"uika/nnf03","1","PARAM_HAND_R_05_001","已声明","1","0","0","0","0","",""
"uika/nnf03","1","PARAM_HAND_R_06_001","已声明","1","0","0","0","0","",""
"uika/nnf03","1","PARAM_HAND_R_09_001","已声明","1","0","0","0","0","",""
"uika/nnf04","1","PARAM_HAND_L_01_001","已声明","1","1","1","1","1","0–3.933s","0–3.933s"
"uika/nnf04","1","PARAM_HAND_L_02_001","已声明","1","0","0","0","0","",""
"uika/nnf04","1","PARAM_HAND_L_03_001","已声明","1","0","0","0","0","",""
"uika/nnf04","1","PARAM_HAND_L_04_001","已声明","1","0","0","0","0","",""
"uika/nnf04","1","PARAM_HAND_L_05_001","已声明","1","0","0","0","0","",""
"uika/nnf04","1","PARAM_HAND_L_06_001","已声明","1","0","0","0","0","",""
"uika/nnf04","1","PARAM_HAND_L_07_001","已声明","1","0","0","0","0","",""
"uika/nnf04","1","PARAM_HAND_R_01_001","已声明","1","0","0","0","0","",""
"uika/nnf04","1","PARAM_HAND_R_02_001","已声明","1","1","1","1","1","0–3.933s","0–3.933s"
"uika/nnf04","1","PARAM_HAND_R_03_001","已声明","1","0","0","0","0","",""
"uika/nnf04","1","PARAM_HAND_R_04_001","已声明","1","0","0","0","0","",""
"uika/nnf04","1","PARAM_HAND_R_05_001","已声明","1","0","0","0","0","",""
"uika/nnf04","1","PARAM_HAND_R_06_001","已声明","1","0","0","0","0","",""
"uika/nnf04","1","PARAM_HAND_R_09_001","已声明","1","0","0","0","0","",""
"uika/nnf05","1","PARAM_HAND_L_01_001","已声明","1","0","0","0","0","",""
"uika/nnf05","1","PARAM_HAND_L_02_001","已声明","1","0","0","0","0","",""
"uika/nnf05","1","PARAM_HAND_L_03_001","已声明","1","0","0","0","0","",""
"uika/nnf05","1","PARAM_HAND_L_04_001","已声明","1","0","0","0","0","",""
"uika/nnf05","1","PARAM_HAND_L_05_001","已声明","1","0","0","0","0","",""
"uika/nnf05","1","PARAM_HAND_L_06_001","已声明","1","0","0","0","0","",""
"uika/nnf05","1","PARAM_HAND_L_07_001","已声明","1","1","1","1","1","0–3.633s","0–3.633s"
"uika/nnf05","1","PARAM_HAND_R_01_001","已声明","1","0","0","0","0","",""
"uika/nnf05","1","PARAM_HAND_R_02_001","已声明","1","0","0","0","0","",""
"uika/nnf05","1","PARAM_HAND_R_03_001","已声明","1","0","0","0","0","",""
"uika/nnf05","1","PARAM_HAND_R_04_001","已声明","1","0","0","0","0","",""
"uika/nnf05","1","PARAM_HAND_R_05_001","已声明","1","0","0","0","0","",""
"uika/nnf05","1","PARAM_HAND_R_06_001","已声明","1","0","0","0","0","",""
"uika/nnf05","1","PARAM_HAND_R_09_001","已声明","1","1","1","1","1","0–3.633s","0–3.633s"
"uika/sad01","1","PARAM_HAND_L_01_001","已声明","1","1","1","1","1","0–3.733s","0–3.733s"
"uika/sad01","1","PARAM_HAND_L_02_001","已声明","1","0","0","0","0","",""
"uika/sad01","1","PARAM_HAND_L_03_001","已声明","1","0","0","0","0","",""
"uika/sad01","1","PARAM_HAND_L_04_001","已声明","1","0","0","0","0","",""
"uika/sad01","1","PARAM_HAND_L_05_001","已声明","1","0","0","0","0","",""
"uika/sad01","1","PARAM_HAND_L_06_001","已声明","1","0","0","0","0","",""
"uika/sad01","1","PARAM_HAND_L_07_001","已声明","1","0","0","0","0","",""
"uika/sad01","1","PARAM_HAND_R_01_001","已声明","1","1","1","1","1","0–3.733s","0–3.733s"
"uika/sad01","1","PARAM_HAND_R_02_001","已声明","1","0","0","0","0","",""
"uika/sad01","1","PARAM_HAND_R_03_001","已声明","1","0","0","0","0","",""
"uika/sad01","1","PARAM_HAND_R_04_001","已声明","1","0","0","0","0","",""
"uika/sad01","1","PARAM_HAND_R_05_001","已声明","1","0","0","0","0","",""
"uika/sad01","1","PARAM_HAND_R_06_001","已声明","1","0","0","0","0","",""
"uika/sad01","1","PARAM_HAND_R_09_001","已声明","1","0","0","0","0","",""
"uika/serious01","1","PARAM_HAND_L_01_001","已声明","1","0","0","0","0","",""
"uika/serious01","1","PARAM_HAND_L_02_001","已声明","1","0","0","0","0","",""
"uika/serious01","1","PARAM_HAND_L_03_001","已声明","1","0","0","0","0","",""
"uika/serious01","1","PARAM_HAND_L_04_001","已声明","1","0","0","0","0","",""
"uika/serious01","1","PARAM_HAND_L_05_001","已声明","1","0","0","0","0","",""
"uika/serious01","1","PARAM_HAND_L_06_001","已声明","1","0","0","0","0","",""
"uika/serious01","1","PARAM_HAND_L_07_001","已声明","1","1","1","1","1","0–3.5s","0–3.5s"
"uika/serious01","1","PARAM_HAND_R_01_001","已声明","1","0","0","0","0","",""
"uika/serious01","1","PARAM_HAND_R_02_001","已声明","1","0","0","0","0","",""
"uika/serious01","1","PARAM_HAND_R_03_001","已声明","1","0","0","0","0","",""
"uika/serious01","1","PARAM_HAND_R_04_001","已声明","1","0","0","0","0","",""
"uika/serious01","1","PARAM_HAND_R_05_001","已声明","1","0","0","0","0","",""
"uika/serious01","1","PARAM_HAND_R_06_001","已声明","1","0","0","0","0","",""
"uika/serious01","1","PARAM_HAND_R_09_001","已声明","1","1","1","1","1","0–3.5s","0–3.5s"
"uika/shame01","1","PARAM_HAND_L_01_001","已声明","1","1","1","1","1","0–3.933s","0–3.933s"
"uika/shame01","1","PARAM_HAND_L_02_001","已声明","1","0","0","0","0","",""
"uika/shame01","1","PARAM_HAND_L_03_001","已声明","1","0","0","0","0","",""
"uika/shame01","1","PARAM_HAND_L_04_001","已声明","1","0","0","0","0","",""
"uika/shame01","1","PARAM_HAND_L_05_001","已声明","1","0","0","0","0","",""
"uika/shame01","1","PARAM_HAND_L_06_001","已声明","1","0","0","0","0","",""
"uika/shame01","1","PARAM_HAND_L_07_001","已声明","1","0","0","0","0","",""
"uika/shame01","1","PARAM_HAND_R_01_001","已声明","1","1","1","1","1","0–3.933s","0–3.933s"
"uika/shame01","1","PARAM_HAND_R_02_001","已声明","1","0","0","0","0","",""
"uika/shame01","1","PARAM_HAND_R_03_001","已声明","1","0","0","0","0","",""
"uika/shame01","1","PARAM_HAND_R_04_001","已声明","1","0","0","0","0","",""
"uika/shame01","1","PARAM_HAND_R_05_001","已声明","1","0","0","0","0","",""
"uika/shame01","1","PARAM_HAND_R_06_001","已声明","1","0","0","0","0","",""
"uika/shame01","1","PARAM_HAND_R_09_001","已声明","1","0","0","0","0","",""
"uika/smile01","1","PARAM_HAND_L_01_001","已声明","1","0","0","0","0","",""
"uika/smile01","1","PARAM_HAND_L_02_001","已声明","1","0","0","0","0","",""
"uika/smile01","1","PARAM_HAND_L_03_001","已声明","1","0","0","0","0","",""
"uika/smile01","1","PARAM_HAND_L_04_001","已声明","1","0","0","0","0","",""
"uika/smile01","1","PARAM_HAND_L_05_001","已声明","1","0","0","0","0","",""
"uika/smile01","1","PARAM_HAND_L_06_001","已声明","1","0","0","0","0","",""
"uika/smile01","1","PARAM_HAND_L_07_001","已声明","1","1","1","1","1","0–3.8s","0–3.8s"
"uika/smile01","1","PARAM_HAND_R_01_001","已声明","1","0","0","0","0","",""
"uika/smile01","1","PARAM_HAND_R_02_001","已声明","1","0","0","0","0","",""
"uika/smile01","1","PARAM_HAND_R_03_001","已声明","1","0","0","0","0","",""
"uika/smile01","1","PARAM_HAND_R_04_001","已声明","1","0","0","0","0","",""
"uika/smile01","1","PARAM_HAND_R_05_001","已声明","1","0","0","0","0","",""
"uika/smile01","1","PARAM_HAND_R_06_001","已声明","1","0","0","0","0","",""
"uika/smile01","1","PARAM_HAND_R_09_001","已声明","1","1","1","1","1","0–3.8s","0–3.8s"
"uika/smile02","1","PARAM_HAND_L_01_001","已声明","1","0","0","0","0","",""
"uika/smile02","1","PARAM_HAND_L_02_001","已声明","1","0","0","0","0","",""
"uika/smile02","1","PARAM_HAND_L_03_001","已声明","1","0","0","0","0","",""
"uika/smile02","1","PARAM_HAND_L_04_001","已声明","1","0","0","0","0","",""
"uika/smile02","1","PARAM_HAND_L_05_001","已声明","1","0","0","0","0","",""
"uika/smile02","1","PARAM_HAND_L_06_001","已声明","1","0","0","0","0","",""
"uika/smile02","1","PARAM_HAND_L_07_001","已声明","1","1","1","1","1","0–3.633s","0–3.633s"
"uika/smile02","1","PARAM_HAND_R_01_001","已声明","1","0","0","0","0","",""
"uika/smile02","1","PARAM_HAND_R_02_001","已声明","1","0","0","0","0","",""
"uika/smile02","1","PARAM_HAND_R_03_001","已声明","1","0","0","0","0","",""
"uika/smile02","1","PARAM_HAND_R_04_001","已声明","1","0","0","0","0","",""
"uika/smile02","1","PARAM_HAND_R_05_001","已声明","1","0","0","0","0","",""
"uika/smile02","1","PARAM_HAND_R_06_001","已声明","1","0","0","0","0","",""
"uika/smile02","1","PARAM_HAND_R_09_001","已声明","1","1","1","1","1","0–3.633s","0–3.633s"
"uika/smile03","1","PARAM_HAND_L_01_001","已声明","1","1","1","1","1","0–3.8s","0–3.8s"
"uika/smile03","1","PARAM_HAND_L_02_001","已声明","1","0","0","0","0","",""
"uika/smile03","1","PARAM_HAND_L_03_001","已声明","1","0","0","0","0","",""
"uika/smile03","1","PARAM_HAND_L_04_001","已声明","1","0","0","0","0","",""
"uika/smile03","1","PARAM_HAND_L_05_001","已声明","1","0","0","0","0","",""
"uika/smile03","1","PARAM_HAND_L_06_001","已声明","1","0","0","0","0","",""
"uika/smile03","1","PARAM_HAND_L_07_001","已声明","1","0","0","0","0","",""
"uika/smile03","1","PARAM_HAND_R_01_001","已声明","1","0","0","0","0","",""
"uika/smile03","1","PARAM_HAND_R_02_001","已声明","1","1","1","1","1","0–3.8s","0–3.8s"
"uika/smile03","1","PARAM_HAND_R_03_001","已声明","1","0","0","0","0","",""
"uika/smile03","1","PARAM_HAND_R_04_001","已声明","1","0","0","0","0","",""
"uika/smile03","1","PARAM_HAND_R_05_001","已声明","1","0","0","0","0","",""
"uika/smile03","1","PARAM_HAND_R_06_001","已声明","1","0","0","0","0","",""
"uika/smile03","1","PARAM_HAND_R_09_001","已声明","1","0","0","0","0","",""
"uika/surprised01","1","PARAM_HAND_L_01_001","已声明","1","1","1","1","1","0–3.9s","0–3.9s"
"uika/surprised01","1","PARAM_HAND_L_02_001","已声明","1","0","0","0","0","",""
"uika/surprised01","1","PARAM_HAND_L_03_001","已声明","1","0","0","0","0","",""
"uika/surprised01","1","PARAM_HAND_L_04_001","已声明","1","0","0","0","0","",""
"uika/surprised01","1","PARAM_HAND_L_05_001","已声明","1","0","0","0","0","",""
"uika/surprised01","1","PARAM_HAND_L_06_001","已声明","1","0","0","0","0","",""
"uika/surprised01","1","PARAM_HAND_L_07_001","已声明","1","0","0","0","0","",""
"uika/surprised01","1","PARAM_HAND_R_01_001","已声明","1","1","1","1","1","0–3.9s","0–3.9s"
"uika/surprised01","1","PARAM_HAND_R_02_001","已声明","1","0","0","0","0","",""
"uika/surprised01","1","PARAM_HAND_R_03_001","已声明","1","0","0","0","0","",""
"uika/surprised01","1","PARAM_HAND_R_04_001","已声明","1","0","0","0","0","",""
"uika/surprised01","1","PARAM_HAND_R_05_001","已声明","1","0","0","0","0","",""
"uika/surprised01","1","PARAM_HAND_R_06_001","已声明","1","0","0","0","0","",""
"uika/surprised01","1","PARAM_HAND_R_09_001","已声明","1","0","0","0","0","",""
"umiri/angry01","1","PARAM_HAND_L_01_001","已声明","1","0","0","0","0","",""
"umiri/angry01","1","PARAM_HAND_L_02_001","已声明","1","0","0","0","0","",""
"umiri/angry01","1","PARAM_HAND_L_03_001","已声明","1","0","0","0","0","",""
"umiri/angry01","1","PARAM_HAND_L_04_001","已声明","1","0","0","0","0","",""
"umiri/angry01","1","PARAM_HAND_L_05_001","已声明","1","0","0","0","0","",""
"umiri/angry01","1","PARAM_HAND_L_06_001","已声明","1","0","0","0","0","",""
"umiri/angry01","1","PARAM_HAND_L_07_001","已声明","1","1","1","1","1","0–4.067s","0–4.067s"
"umiri/angry01","1","PARAM_HAND_R_01_001","已声明","1","0","0","0","0","",""
"umiri/angry01","1","PARAM_HAND_R_02_001","已声明","1","0","0","0","0","",""
"umiri/angry01","1","PARAM_HAND_R_03_001","已声明","1","0","0","0","0","",""
"umiri/angry01","1","PARAM_HAND_R_04_001","已声明","1","0","0","0","0","",""
"umiri/angry01","1","PARAM_HAND_R_05_001","已声明","1","0","0","0","0","",""
"umiri/angry01","1","PARAM_HAND_R_06_001","已声明","1","0","0","0","0","",""
"umiri/angry01","1","PARAM_HAND_R_09_001","已声明","1","1","1","1","1","0–4.067s","0–4.067s"
"umiri/angry02","1","PARAM_HAND_L_01_001","已声明","1","0","0","0","0","",""
"umiri/angry02","1","PARAM_HAND_L_02_001","已声明","1","0","0","0","0","",""
"umiri/angry02","1","PARAM_HAND_L_03_001","已声明","1","0","0","0","0","",""
"umiri/angry02","1","PARAM_HAND_L_04_001","已声明","1","0","0","0","0","",""
"umiri/angry02","1","PARAM_HAND_L_05_001","已声明","1","0","0","0","0","",""
"umiri/angry02","1","PARAM_HAND_L_06_001","已声明","1","0","0","0","0","",""
"umiri/angry02","1","PARAM_HAND_L_07_001","已声明","1","1","1","1","1","0–4.067s","0–4.067s"
"umiri/angry02","1","PARAM_HAND_R_01_001","已声明","1","0","0","0","0","",""
"umiri/angry02","1","PARAM_HAND_R_02_001","已声明","1","0","0","0","0","",""
"umiri/angry02","1","PARAM_HAND_R_03_001","已声明","1","0","0","0","0","",""
"umiri/angry02","1","PARAM_HAND_R_04_001","已声明","1","0","0","0","0","",""
"umiri/angry02","1","PARAM_HAND_R_05_001","已声明","1","0","0","0","0","",""
"umiri/angry02","1","PARAM_HAND_R_06_001","已声明","1","0","0","0","0","",""
"umiri/angry02","1","PARAM_HAND_R_09_001","已声明","1","1","1","1","1","0–4.067s","0–4.067s"
"umiri/bow","1","PARAM_HAND_L_01_001","已声明","1","1","1","1","1","0–3.467s","0–3.467s"
"umiri/bow","1","PARAM_HAND_L_02_001","已声明","1","0","0","0","0","",""
"umiri/bow","1","PARAM_HAND_L_03_001","已声明","1","0","0","0","0","",""
"umiri/bow","1","PARAM_HAND_L_04_001","已声明","1","0","0","0","0","",""
"umiri/bow","1","PARAM_HAND_L_05_001","已声明","1","0","0","0","0","",""
"umiri/bow","1","PARAM_HAND_L_06_001","已声明","1","0","0","0","0","",""
"umiri/bow","1","PARAM_HAND_L_07_001","已声明","1","0","0","0","0","",""
"umiri/bow","1","PARAM_HAND_R_01_001","已声明","1","1","1","1","1","0–3.467s","0–3.467s"
"umiri/bow","1","PARAM_HAND_R_02_001","已声明","1","0","0","0","0","",""
"umiri/bow","1","PARAM_HAND_R_03_001","已声明","1","0","0","0","0","",""
"umiri/bow","1","PARAM_HAND_R_04_001","已声明","1","0","0","0","0","",""
"umiri/bow","1","PARAM_HAND_R_05_001","已声明","1","0","0","0","0","",""
"umiri/bow","1","PARAM_HAND_R_06_001","已声明","1","0","0","0","0","",""
"umiri/bow","1","PARAM_HAND_R_09_001","已声明","1","0","0","0","0","",""
"umiri/bye01","1","PARAM_HAND_L_01_001","已声明","1","0","0","0","0","",""
"umiri/bye01","1","PARAM_HAND_L_02_001","已声明","1","0","0","0","0","",""
"umiri/bye01","1","PARAM_HAND_L_03_001","已声明","1","0","0","0","0","",""
"umiri/bye01","1","PARAM_HAND_L_04_001","已声明","1","0","0","0","0","",""
"umiri/bye01","1","PARAM_HAND_L_05_001","已声明","1","0","0","0","0","",""
"umiri/bye01","1","PARAM_HAND_L_06_001","已声明","1","0","0","0","0","",""
"umiri/bye01","1","PARAM_HAND_L_07_001","已声明","1","1","1","1","1","0–3.567s","0–3.567s"
"umiri/bye01","1","PARAM_HAND_R_01_001","已声明","1","0","0","0","0","",""
"umiri/bye01","1","PARAM_HAND_R_02_001","已声明","1","0","0","0","0","",""
"umiri/bye01","1","PARAM_HAND_R_03_001","已声明","1","0","0","0","0","",""
"umiri/bye01","1","PARAM_HAND_R_04_001","已声明","1","0","0","0","0","",""
"umiri/bye01","1","PARAM_HAND_R_05_001","已声明","1","0","0","0","0","",""
"umiri/bye01","1","PARAM_HAND_R_06_001","已声明","1","0","0","0","0","",""
"umiri/bye01","1","PARAM_HAND_R_09_001","已声明","1","1","1","1","1","0–3.567s","0–3.567s"
"umiri/idle01","1","PARAM_HAND_L_01_001","已声明","1","0","0","0","0","",""
"umiri/idle01","1","PARAM_HAND_L_02_001","已声明","1","0","0","0","0","",""
"umiri/idle01","1","PARAM_HAND_L_03_001","已声明","1","0","0","0","0","",""
"umiri/idle01","1","PARAM_HAND_L_04_001","已声明","1","0","0","0","0","",""
"umiri/idle01","1","PARAM_HAND_L_05_001","已声明","1","0","0","0","0","",""
"umiri/idle01","1","PARAM_HAND_L_06_001","已声明","1","0","0","0","0","",""
"umiri/idle01","1","PARAM_HAND_L_07_001","已声明","1","1","1","1","1","0–4.967s","0–4.967s"
"umiri/idle01","1","PARAM_HAND_R_01_001","已声明","1","0","0","0","0","",""
"umiri/idle01","1","PARAM_HAND_R_02_001","已声明","1","0","0","0","0","",""
"umiri/idle01","1","PARAM_HAND_R_03_001","已声明","1","0","0","0","0","",""
"umiri/idle01","1","PARAM_HAND_R_04_001","已声明","1","0","0","0","0","",""
"umiri/idle01","1","PARAM_HAND_R_05_001","已声明","1","0","0","0","0","",""
"umiri/idle01","1","PARAM_HAND_R_06_001","已声明","1","0","0","0","0","",""
"umiri/idle01","1","PARAM_HAND_R_09_001","已声明","1","1","1","1","1","0–4.967s","0–4.967s"
"umiri/kime01","1","PARAM_HAND_L_01_001","已声明","1","1","1","1","1","0–3.533s","0–3.533s"
"umiri/kime01","1","PARAM_HAND_L_02_001","已声明","1","0","0","0","0","",""
"umiri/kime01","1","PARAM_HAND_L_03_001","已声明","1","0","0","0","0","",""
"umiri/kime01","1","PARAM_HAND_L_04_001","已声明","1","0","0","0","0","",""
"umiri/kime01","1","PARAM_HAND_L_05_001","已声明","1","0","0","0","0","",""
"umiri/kime01","1","PARAM_HAND_L_06_001","已声明","1","0","0","0","0","",""
"umiri/kime01","1","PARAM_HAND_L_07_001","已声明","1","0","0","0","0","",""
"umiri/kime01","1","PARAM_HAND_R_01_001","已声明","1","0","0","0","0","",""
"umiri/kime01","1","PARAM_HAND_R_02_001","已声明","1","1","1","1","1","0–3.533s","0–3.533s"
"umiri/kime01","1","PARAM_HAND_R_03_001","已声明","1","0","0","0","0","",""
"umiri/kime01","1","PARAM_HAND_R_04_001","已声明","1","0","0","0","0","",""
"umiri/kime01","1","PARAM_HAND_R_05_001","已声明","1","0","0","0","0","",""
"umiri/kime01","1","PARAM_HAND_R_06_001","已声明","1","0","0","0","0","",""
"umiri/kime01","1","PARAM_HAND_R_09_001","已声明","1","0","0","0","0","",""
"umiri/maskon/angry01","1","PARAM_HAND_L_01_001","已声明","1","0","0","0","0","",""
"umiri/maskon/angry01","1","PARAM_HAND_L_02_001","已声明","1","0","0","0","0","",""
"umiri/maskon/angry01","1","PARAM_HAND_L_03_001","已声明","1","0","0","0","0","",""
"umiri/maskon/angry01","1","PARAM_HAND_L_04_001","已声明","1","0","0","0","0","",""
"umiri/maskon/angry01","1","PARAM_HAND_L_05_001","已声明","1","0","0","0","0","",""
"umiri/maskon/angry01","1","PARAM_HAND_L_06_001","已声明","1","0","0","0","0","",""
"umiri/maskon/angry01","1","PARAM_HAND_L_07_001","已声明","1","1","1","1","1","0–4.067s","0–4.067s"
"umiri/maskon/angry01","1","PARAM_HAND_R_01_001","已声明","1","0","0","0","0","",""
"umiri/maskon/angry01","1","PARAM_HAND_R_02_001","已声明","1","0","0","0","0","",""
"umiri/maskon/angry01","1","PARAM_HAND_R_03_001","已声明","1","0","0","0","0","",""
"umiri/maskon/angry01","1","PARAM_HAND_R_04_001","已声明","1","0","0","0","0","",""
"umiri/maskon/angry01","1","PARAM_HAND_R_05_001","已声明","1","0","0","0","0","",""
"umiri/maskon/angry01","1","PARAM_HAND_R_06_001","已声明","1","0","0","0","0","",""
"umiri/maskon/angry01","1","PARAM_HAND_R_09_001","已声明","1","1","1","1","1","0–4.067s","0–4.067s"
"umiri/maskon/angry02","1","PARAM_HAND_L_01_001","已声明","1","0","0","0","0","",""
"umiri/maskon/angry02","1","PARAM_HAND_L_02_001","已声明","1","0","0","0","0","",""
"umiri/maskon/angry02","1","PARAM_HAND_L_03_001","已声明","1","0","0","0","0","",""
"umiri/maskon/angry02","1","PARAM_HAND_L_04_001","已声明","1","0","0","0","0","",""
"umiri/maskon/angry02","1","PARAM_HAND_L_05_001","已声明","1","0","0","0","0","",""
"umiri/maskon/angry02","1","PARAM_HAND_L_06_001","已声明","1","0","0","0","0","",""
"umiri/maskon/angry02","1","PARAM_HAND_L_07_001","已声明","1","1","1","1","1","0–4.067s","0–4.067s"
"umiri/maskon/angry02","1","PARAM_HAND_R_01_001","已声明","1","0","0","0","0","",""
"umiri/maskon/angry02","1","PARAM_HAND_R_02_001","已声明","1","0","0","0","0","",""
"umiri/maskon/angry02","1","PARAM_HAND_R_03_001","已声明","1","0","0","0","0","",""
"umiri/maskon/angry02","1","PARAM_HAND_R_04_001","已声明","1","0","0","0","0","",""
"umiri/maskon/angry02","1","PARAM_HAND_R_05_001","已声明","1","0","0","0","0","",""
"umiri/maskon/angry02","1","PARAM_HAND_R_06_001","已声明","1","0","0","0","0","",""
"umiri/maskon/angry02","1","PARAM_HAND_R_09_001","已声明","1","1","1","1","1","0–4.067s","0–4.067s"
"umiri/maskon/bow","1","PARAM_HAND_L_01_001","已声明","1","1","1","1","1","0–3.467s","0–3.467s"
"umiri/maskon/bow","1","PARAM_HAND_L_02_001","已声明","1","0","0","0","0","",""
"umiri/maskon/bow","1","PARAM_HAND_L_03_001","已声明","1","0","0","0","0","",""
"umiri/maskon/bow","1","PARAM_HAND_L_04_001","已声明","1","0","0","0","0","",""
"umiri/maskon/bow","1","PARAM_HAND_L_05_001","已声明","1","0","0","0","0","",""
"umiri/maskon/bow","1","PARAM_HAND_L_06_001","已声明","1","0","0","0","0","",""
"umiri/maskon/bow","1","PARAM_HAND_L_07_001","已声明","1","0","0","0","0","",""
"umiri/maskon/bow","1","PARAM_HAND_R_01_001","已声明","1","1","1","1","1","0–3.467s","0–3.467s"
"umiri/maskon/bow","1","PARAM_HAND_R_02_001","已声明","1","0","0","0","0","",""
"umiri/maskon/bow","1","PARAM_HAND_R_03_001","已声明","1","0","0","0","0","",""
"umiri/maskon/bow","1","PARAM_HAND_R_04_001","已声明","1","0","0","0","0","",""
"umiri/maskon/bow","1","PARAM_HAND_R_05_001","已声明","1","0","0","0","0","",""
"umiri/maskon/bow","1","PARAM_HAND_R_06_001","已声明","1","0","0","0","0","",""
"umiri/maskon/bow","1","PARAM_HAND_R_09_001","已声明","1","0","0","0","0","",""
"umiri/maskon/bye01","1","PARAM_HAND_L_01_001","已声明","1","0","0","0","0","",""
"umiri/maskon/bye01","1","PARAM_HAND_L_02_001","已声明","1","0","0","0","0","",""
"umiri/maskon/bye01","1","PARAM_HAND_L_03_001","已声明","1","0","0","0","0","",""
"umiri/maskon/bye01","1","PARAM_HAND_L_04_001","已声明","1","0","0","0","0","",""
"umiri/maskon/bye01","1","PARAM_HAND_L_05_001","已声明","1","0","0","0","0","",""
"umiri/maskon/bye01","1","PARAM_HAND_L_06_001","已声明","1","0","0","0","0","",""
"umiri/maskon/bye01","1","PARAM_HAND_L_07_001","已声明","1","1","1","1","1","0–3.567s","0–3.567s"
"umiri/maskon/bye01","1","PARAM_HAND_R_01_001","已声明","1","0","0","0","0","",""
"umiri/maskon/bye01","1","PARAM_HAND_R_02_001","已声明","1","0","0","0","0","",""
"umiri/maskon/bye01","1","PARAM_HAND_R_03_001","已声明","1","0","0","0","0","",""
"umiri/maskon/bye01","1","PARAM_HAND_R_04_001","已声明","1","0","0","0","0","",""
"umiri/maskon/bye01","1","PARAM_HAND_R_05_001","已声明","1","0","0","0","0","",""
"umiri/maskon/bye01","1","PARAM_HAND_R_06_001","已声明","1","0","0","0","0","",""
"umiri/maskon/bye01","1","PARAM_HAND_R_09_001","已声明","1","1","1","1","1","0–3.567s","0–3.567s"
"umiri/maskon/idle01","1","PARAM_HAND_L_01_001","已声明","1","0","0","0","0","",""
"umiri/maskon/idle01","1","PARAM_HAND_L_02_001","已声明","1","0","0","0","0","",""
"umiri/maskon/idle01","1","PARAM_HAND_L_03_001","已声明","1","0","0","0","0","",""
"umiri/maskon/idle01","1","PARAM_HAND_L_04_001","已声明","1","0","0","0","0","",""
"umiri/maskon/idle01","1","PARAM_HAND_L_05_001","已声明","1","0","0","0","0","",""
"umiri/maskon/idle01","1","PARAM_HAND_L_06_001","已声明","1","0","0","0","0","",""
"umiri/maskon/idle01","1","PARAM_HAND_L_07_001","已声明","1","1","1","1","1","0–4.967s","0–4.967s"
"umiri/maskon/idle01","1","PARAM_HAND_R_01_001","已声明","1","0","0","0","0","",""
"umiri/maskon/idle01","1","PARAM_HAND_R_02_001","已声明","1","0","0","0","0","",""
"umiri/maskon/idle01","1","PARAM_HAND_R_03_001","已声明","1","0","0","0","0","",""
"umiri/maskon/idle01","1","PARAM_HAND_R_04_001","已声明","1","0","0","0","0","",""
"umiri/maskon/idle01","1","PARAM_HAND_R_05_001","已声明","1","0","0","0","0","",""
"umiri/maskon/idle01","1","PARAM_HAND_R_06_001","已声明","1","0","0","0","0","",""
"umiri/maskon/idle01","1","PARAM_HAND_R_09_001","已声明","1","1","1","1","1","0–4.967s","0–4.967s"
"umiri/maskon/kime01","1","PARAM_HAND_L_01_001","已声明","1","1","1","1","1","0–3.533s","0–3.533s"
"umiri/maskon/kime01","1","PARAM_HAND_L_02_001","已声明","1","0","0","0","0","",""
"umiri/maskon/kime01","1","PARAM_HAND_L_03_001","已声明","1","0","0","0","0","",""
"umiri/maskon/kime01","1","PARAM_HAND_L_04_001","已声明","1","0","0","0","0","",""
"umiri/maskon/kime01","1","PARAM_HAND_L_05_001","已声明","1","0","0","0","0","",""
"umiri/maskon/kime01","1","PARAM_HAND_L_06_001","已声明","1","0","0","0","0","",""
"umiri/maskon/kime01","1","PARAM_HAND_L_07_001","已声明","1","0","0","0","0","",""
"umiri/maskon/kime01","1","PARAM_HAND_R_01_001","已声明","1","0","0","0","0","",""
"umiri/maskon/kime01","1","PARAM_HAND_R_02_001","已声明","1","1","1","1","1","0–3.533s","0–3.533s"
"umiri/maskon/kime01","1","PARAM_HAND_R_03_001","已声明","1","0","0","0","0","",""
"umiri/maskon/kime01","1","PARAM_HAND_R_04_001","已声明","1","0","0","0","0","",""
"umiri/maskon/kime01","1","PARAM_HAND_R_05_001","已声明","1","0","0","0","0","",""
"umiri/maskon/kime01","1","PARAM_HAND_R_06_001","已声明","1","0","0","0","0","",""
"umiri/maskon/kime01","1","PARAM_HAND_R_09_001","已声明","1","0","0","0","0","",""
"umiri/maskon/nf_left01","1","PARAM_HAND_L_01_001","已声明","1","0","0","0","0","",""
"umiri/maskon/nf_left01","1","PARAM_HAND_L_02_001","已声明","1","0","0","0","0","",""
"umiri/maskon/nf_left01","1","PARAM_HAND_L_03_001","已声明","1","0","0","0","0","",""
"umiri/maskon/nf_left01","1","PARAM_HAND_L_04_001","已声明","1","0","0","0","0","",""
"umiri/maskon/nf_left01","1","PARAM_HAND_L_05_001","已声明","1","0","0","0","0","",""
"umiri/maskon/nf_left01","1","PARAM_HAND_L_06_001","已声明","1","0","0","0","0","",""
"umiri/maskon/nf_left01","1","PARAM_HAND_L_07_001","已声明","1","1","1","1","1","0–4.367s","0–4.367s"
"umiri/maskon/nf_left01","1","PARAM_HAND_R_01_001","已声明","1","0","0","0","0","",""
"umiri/maskon/nf_left01","1","PARAM_HAND_R_02_001","已声明","1","0","0","0","0","",""
"umiri/maskon/nf_left01","1","PARAM_HAND_R_03_001","已声明","1","0","0","0","0","",""
"umiri/maskon/nf_left01","1","PARAM_HAND_R_04_001","已声明","1","0","0","0","0","",""
"umiri/maskon/nf_left01","1","PARAM_HAND_R_05_001","已声明","1","0","0","0","0","",""
"umiri/maskon/nf_left01","1","PARAM_HAND_R_06_001","已声明","1","0","0","0","0","",""
"umiri/maskon/nf_left01","1","PARAM_HAND_R_09_001","已声明","1","1","1","1","1","0–4.367s","0–4.367s"
"umiri/maskon/nf_right01","1","PARAM_HAND_L_01_001","已声明","1","1","1","1","1","0–3.667s","0–3.667s"
"umiri/maskon/nf_right01","1","PARAM_HAND_L_02_001","已声明","1","0","0","0","0","",""
"umiri/maskon/nf_right01","1","PARAM_HAND_L_03_001","已声明","1","0","0","0","0","",""
"umiri/maskon/nf_right01","1","PARAM_HAND_L_04_001","已声明","1","0","0","0","0","",""
"umiri/maskon/nf_right01","1","PARAM_HAND_L_05_001","已声明","1","0","0","0","0","",""
"umiri/maskon/nf_right01","1","PARAM_HAND_L_06_001","已声明","1","0","0","0","0","",""
"umiri/maskon/nf_right01","1","PARAM_HAND_L_07_001","已声明","1","0","0","0","0","",""
"umiri/maskon/nf_right01","1","PARAM_HAND_R_01_001","已声明","1","0","0","0","0","",""
"umiri/maskon/nf_right01","1","PARAM_HAND_R_02_001","已声明","1","1","1","1","1","0–3.667s","0–3.667s"
"umiri/maskon/nf_right01","1","PARAM_HAND_R_03_001","已声明","1","0","0","0","0","",""
"umiri/maskon/nf_right01","1","PARAM_HAND_R_04_001","已声明","1","0","0","0","0","",""
"umiri/maskon/nf_right01","1","PARAM_HAND_R_05_001","已声明","1","0","0","0","0","",""
"umiri/maskon/nf_right01","1","PARAM_HAND_R_06_001","已声明","1","0","0","0","0","",""
"umiri/maskon/nf_right01","1","PARAM_HAND_R_09_001","已声明","1","0","0","0","0","",""
"umiri/maskon/nf01","1","PARAM_HAND_L_01_001","已声明","1","0","0","0","0","",""
"umiri/maskon/nf01","1","PARAM_HAND_L_02_001","已声明","1","0","0","0","0","",""
"umiri/maskon/nf01","1","PARAM_HAND_L_03_001","已声明","1","0","0","0","0","",""
"umiri/maskon/nf01","1","PARAM_HAND_L_04_001","已声明","1","0","0","0","0","",""
"umiri/maskon/nf01","1","PARAM_HAND_L_05_001","已声明","1","0","0","0","0","",""
"umiri/maskon/nf01","1","PARAM_HAND_L_06_001","已声明","1","0","0","0","0","",""
"umiri/maskon/nf01","1","PARAM_HAND_L_07_001","已声明","1","1","1","1","1","0–4.633s","0–4.633s"
"umiri/maskon/nf01","1","PARAM_HAND_R_01_001","已声明","1","0","0","0","0","",""
"umiri/maskon/nf01","1","PARAM_HAND_R_02_001","已声明","1","0","0","0","0","",""
"umiri/maskon/nf01","1","PARAM_HAND_R_03_001","已声明","1","0","0","0","0","",""
"umiri/maskon/nf01","1","PARAM_HAND_R_04_001","已声明","1","0","0","0","0","",""
"umiri/maskon/nf01","1","PARAM_HAND_R_05_001","已声明","1","0","0","0","0","",""
"umiri/maskon/nf01","1","PARAM_HAND_R_06_001","已声明","1","0","0","0","0","",""
"umiri/maskon/nf01","1","PARAM_HAND_R_09_001","已声明","1","1","1","1","1","0–4.633s","0–4.633s"
"umiri/maskon/nf02","1","PARAM_HAND_L_01_001","已声明","1","0","0","0","0","",""
"umiri/maskon/nf02","1","PARAM_HAND_L_02_001","已声明","1","0","0","0","0","",""
"umiri/maskon/nf02","1","PARAM_HAND_L_03_001","已声明","1","0","0","0","0","",""
"umiri/maskon/nf02","1","PARAM_HAND_L_04_001","已声明","1","0","0","0","0","",""
"umiri/maskon/nf02","1","PARAM_HAND_L_05_001","已声明","1","0","0","0","0","",""
"umiri/maskon/nf02","1","PARAM_HAND_L_06_001","已声明","1","0","0","0","0","",""
"umiri/maskon/nf02","1","PARAM_HAND_L_07_001","已声明","1","1","1","1","1","0–3.867s","0–3.867s"
"umiri/maskon/nf02","1","PARAM_HAND_R_01_001","已声明","1","0","0","0","0","",""
"umiri/maskon/nf02","1","PARAM_HAND_R_02_001","已声明","1","0","0","0","0","",""
"umiri/maskon/nf02","1","PARAM_HAND_R_03_001","已声明","1","0","0","0","0","",""
"umiri/maskon/nf02","1","PARAM_HAND_R_04_001","已声明","1","0","0","0","0","",""
"umiri/maskon/nf02","1","PARAM_HAND_R_05_001","已声明","1","0","0","0","0","",""
"umiri/maskon/nf02","1","PARAM_HAND_R_06_001","已声明","1","0","0","0","0","",""
"umiri/maskon/nf02","1","PARAM_HAND_R_09_001","已声明","1","1","1","1","1","0–3.867s","0–3.867s"
"umiri/maskon/nf03","1","PARAM_HAND_L_01_001","已声明","1","1","1","1","1","0–4.3s","0–4.3s"
"umiri/maskon/nf03","1","PARAM_HAND_L_02_001","已声明","1","0","0","0","0","",""
"umiri/maskon/nf03","1","PARAM_HAND_L_03_001","已声明","1","0","0","0","0","",""
"umiri/maskon/nf03","1","PARAM_HAND_L_04_001","已声明","1","0","0","0","0","",""
"umiri/maskon/nf03","1","PARAM_HAND_L_05_001","已声明","1","0","0","0","0","",""
"umiri/maskon/nf03","1","PARAM_HAND_L_06_001","已声明","1","0","0","0","0","",""
"umiri/maskon/nf03","1","PARAM_HAND_L_07_001","已声明","1","0","0","0","0","",""
"umiri/maskon/nf03","1","PARAM_HAND_R_01_001","已声明","1","0","0","0","0","",""
"umiri/maskon/nf03","1","PARAM_HAND_R_02_001","已声明","1","1","1","1","1","0–4.3s","0–4.3s"
"umiri/maskon/nf03","1","PARAM_HAND_R_03_001","已声明","1","0","0","0","0","",""
"umiri/maskon/nf03","1","PARAM_HAND_R_04_001","已声明","1","0","0","0","0","",""
"umiri/maskon/nf03","1","PARAM_HAND_R_05_001","已声明","1","0","0","0","0","",""
"umiri/maskon/nf03","1","PARAM_HAND_R_06_001","已声明","1","0","0","0","0","",""
"umiri/maskon/nf03","1","PARAM_HAND_R_09_001","已声明","1","0","0","0","0","",""
"umiri/maskon/nf04","1","PARAM_HAND_L_01_001","已声明","1","0","0","0","0","",""
"umiri/maskon/nf04","1","PARAM_HAND_L_02_001","已声明","1","0","0","0","0","",""
"umiri/maskon/nf04","1","PARAM_HAND_L_03_001","已声明","1","0","0","0","0","",""
"umiri/maskon/nf04","1","PARAM_HAND_L_04_001","已声明","1","0","0","0","0","",""
"umiri/maskon/nf04","1","PARAM_HAND_L_05_001","已声明","1","0","0","0","0","",""
"umiri/maskon/nf04","1","PARAM_HAND_L_06_001","已声明","1","0","0","0","0","",""
"umiri/maskon/nf04","1","PARAM_HAND_L_07_001","已声明","1","1","1","1","1","0–4.033s","0–4.033s"
"umiri/maskon/nf04","1","PARAM_HAND_R_01_001","已声明","1","0","0","0","0","",""
"umiri/maskon/nf04","1","PARAM_HAND_R_02_001","已声明","1","0","0","0","0","",""
"umiri/maskon/nf04","1","PARAM_HAND_R_03_001","已声明","1","0","0","0","0","",""
"umiri/maskon/nf04","1","PARAM_HAND_R_04_001","已声明","1","0","0","0","0","",""
"umiri/maskon/nf04","1","PARAM_HAND_R_05_001","已声明","1","0","0","0","0","",""
"umiri/maskon/nf04","1","PARAM_HAND_R_06_001","已声明","1","0","0","0","0","",""
"umiri/maskon/nf04","1","PARAM_HAND_R_09_001","已声明","1","1","1","1","1","0–4.033s","0–4.033s"
"umiri/maskon/nf05","1","PARAM_HAND_L_01_001","已声明","1","1","1","1","1","0–3.667s","0–3.667s"
"umiri/maskon/nf05","1","PARAM_HAND_L_02_001","已声明","1","0","0","0","0","",""
"umiri/maskon/nf05","1","PARAM_HAND_L_03_001","已声明","1","0","0","0","0","",""
"umiri/maskon/nf05","1","PARAM_HAND_L_04_001","已声明","1","0","0","0","0","",""
"umiri/maskon/nf05","1","PARAM_HAND_L_05_001","已声明","1","0","0","0","0","",""
"umiri/maskon/nf05","1","PARAM_HAND_L_06_001","已声明","1","0","0","0","0","",""
"umiri/maskon/nf05","1","PARAM_HAND_L_07_001","已声明","1","0","0","0","0","",""
"umiri/maskon/nf05","1","PARAM_HAND_R_01_001","已声明","1","0","0","0","0","",""
"umiri/maskon/nf05","1","PARAM_HAND_R_02_001","已声明","1","1","1","1","1","0–3.667s","0–3.667s"
"umiri/maskon/nf05","1","PARAM_HAND_R_03_001","已声明","1","0","0","0","0","",""
"umiri/maskon/nf05","1","PARAM_HAND_R_04_001","已声明","1","0","0","0","0","",""
"umiri/maskon/nf05","1","PARAM_HAND_R_05_001","已声明","1","0","0","0","0","",""
"umiri/maskon/nf05","1","PARAM_HAND_R_06_001","已声明","1","0","0","0","0","",""
"umiri/maskon/nf05","1","PARAM_HAND_R_09_001","已声明","1","0","0","0","0","",""
"umiri/maskon/sad01","1","PARAM_HAND_L_01_001","已声明","1","0","0","0","0","",""
"umiri/maskon/sad01","1","PARAM_HAND_L_02_001","已声明","1","0","0","0","0","",""
"umiri/maskon/sad01","1","PARAM_HAND_L_03_001","已声明","1","0","0","0","0","",""
"umiri/maskon/sad01","1","PARAM_HAND_L_04_001","已声明","1","0","0","0","0","",""
"umiri/maskon/sad01","1","PARAM_HAND_L_05_001","已声明","1","0","0","0","0","",""
"umiri/maskon/sad01","1","PARAM_HAND_L_06_001","已声明","1","0","0","0","0","",""
"umiri/maskon/sad01","1","PARAM_HAND_L_07_001","已声明","1","1","1","1","1","0–5.8s","0–5.8s"
"umiri/maskon/sad01","1","PARAM_HAND_R_01_001","已声明","1","0","0","0","0","",""
"umiri/maskon/sad01","1","PARAM_HAND_R_02_001","已声明","1","0","0","0","0","",""
"umiri/maskon/sad01","1","PARAM_HAND_R_03_001","已声明","1","0","0","0","0","",""
"umiri/maskon/sad01","1","PARAM_HAND_R_04_001","已声明","1","0","0","0","0","",""
"umiri/maskon/sad01","1","PARAM_HAND_R_05_001","已声明","1","0","0","0","0","",""
"umiri/maskon/sad01","1","PARAM_HAND_R_06_001","已声明","1","0","0","0","0","",""
"umiri/maskon/sad01","1","PARAM_HAND_R_09_001","已声明","1","1","1","1","1","0–5.8s","0–5.8s"
"umiri/maskon/serious01","1","PARAM_HAND_L_01_001","已声明","1","0","0","0","0","",""
"umiri/maskon/serious01","1","PARAM_HAND_L_02_001","已声明","1","0","0","0","0","",""
"umiri/maskon/serious01","1","PARAM_HAND_L_03_001","已声明","1","0","0","0","0","",""
"umiri/maskon/serious01","1","PARAM_HAND_L_04_001","已声明","1","0","0","0","0","",""
"umiri/maskon/serious01","1","PARAM_HAND_L_05_001","已声明","1","0","0","0","0","",""
"umiri/maskon/serious01","1","PARAM_HAND_L_06_001","已声明","1","0","0","0","0","",""
"umiri/maskon/serious01","1","PARAM_HAND_L_07_001","已声明","1","1","1","1","1","0–3.433s","0–3.433s"
"umiri/maskon/serious01","1","PARAM_HAND_R_01_001","已声明","1","0","0","0","0","",""
"umiri/maskon/serious01","1","PARAM_HAND_R_02_001","已声明","1","0","0","0","0","",""
"umiri/maskon/serious01","1","PARAM_HAND_R_03_001","已声明","1","0","0","0","0","",""
"umiri/maskon/serious01","1","PARAM_HAND_R_04_001","已声明","1","0","0","0","0","",""
"umiri/maskon/serious01","1","PARAM_HAND_R_05_001","已声明","1","0","0","0","0","",""
"umiri/maskon/serious01","1","PARAM_HAND_R_06_001","已声明","1","0","0","0","0","",""
"umiri/maskon/serious01","1","PARAM_HAND_R_09_001","已声明","1","1","1","1","1","0–3.433s","0–3.433s"
"umiri/maskon/sigh01","1","PARAM_HAND_L_01_001","已声明","1","0","0","0","0","",""
"umiri/maskon/sigh01","1","PARAM_HAND_L_02_001","已声明","1","0","0","0","0","",""
"umiri/maskon/sigh01","1","PARAM_HAND_L_03_001","已声明","1","0","0","0","0","",""
"umiri/maskon/sigh01","1","PARAM_HAND_L_04_001","已声明","1","0","0","0","0","",""
"umiri/maskon/sigh01","1","PARAM_HAND_L_05_001","已声明","1","0","0","0","0","",""
"umiri/maskon/sigh01","1","PARAM_HAND_L_06_001","已声明","1","0","0","0","0","",""
"umiri/maskon/sigh01","1","PARAM_HAND_L_07_001","已声明","1","1","1","1","1","0–4.167s","0–4.167s"
"umiri/maskon/sigh01","1","PARAM_HAND_R_01_001","已声明","1","0","0","0","0","",""
"umiri/maskon/sigh01","1","PARAM_HAND_R_02_001","已声明","1","0","0","0","0","",""
"umiri/maskon/sigh01","1","PARAM_HAND_R_03_001","已声明","1","0","0","0","0","",""
"umiri/maskon/sigh01","1","PARAM_HAND_R_04_001","已声明","1","0","0","0","0","",""
"umiri/maskon/sigh01","1","PARAM_HAND_R_05_001","已声明","1","0","0","0","0","",""
"umiri/maskon/sigh01","1","PARAM_HAND_R_06_001","已声明","1","0","0","0","0","",""
"umiri/maskon/sigh01","1","PARAM_HAND_R_09_001","已声明","1","1","1","1","1","0–4.167s","0–4.167s"
"umiri/maskon/smile01","1","PARAM_HAND_L_01_001","已声明","1","1","1","1","1","0–3.7s","0–3.7s"
"umiri/maskon/smile01","1","PARAM_HAND_L_02_001","已声明","1","0","0","0","0","",""
"umiri/maskon/smile01","1","PARAM_HAND_L_03_001","已声明","1","0","0","0","0","",""
"umiri/maskon/smile01","1","PARAM_HAND_L_04_001","已声明","1","0","0","0","0","",""
"umiri/maskon/smile01","1","PARAM_HAND_L_05_001","已声明","1","0","0","0","0","",""
"umiri/maskon/smile01","1","PARAM_HAND_L_06_001","已声明","1","0","0","0","0","",""
"umiri/maskon/smile01","1","PARAM_HAND_L_07_001","已声明","1","0","0","0","0","",""
"umiri/maskon/smile01","1","PARAM_HAND_R_01_001","已声明","1","0","0","0","0","",""
"umiri/maskon/smile01","1","PARAM_HAND_R_02_001","已声明","1","1","1","1","1","0–3.7s","0–3.7s"
"umiri/maskon/smile01","1","PARAM_HAND_R_03_001","已声明","1","0","0","0","0","",""
"umiri/maskon/smile01","1","PARAM_HAND_R_04_001","已声明","1","0","0","0","0","",""
"umiri/maskon/smile01","1","PARAM_HAND_R_05_001","已声明","1","0","0","0","0","",""
"umiri/maskon/smile01","1","PARAM_HAND_R_06_001","已声明","1","0","0","0","0","",""
"umiri/maskon/smile01","1","PARAM_HAND_R_09_001","已声明","1","0","0","0","0","",""
"umiri/maskon/smile02","1","PARAM_HAND_L_01_001","已声明","1","0","0","0","0","",""
"umiri/maskon/smile02","1","PARAM_HAND_L_02_001","已声明","1","0","0","0","0","",""
"umiri/maskon/smile02","1","PARAM_HAND_L_03_001","已声明","1","0","0","0","0","",""
"umiri/maskon/smile02","1","PARAM_HAND_L_04_001","已声明","1","0","0","0","0","",""
"umiri/maskon/smile02","1","PARAM_HAND_L_05_001","已声明","1","0","0","0","0","",""
"umiri/maskon/smile02","1","PARAM_HAND_L_06_001","已声明","1","0","0","0","0","",""
"umiri/maskon/smile02","1","PARAM_HAND_L_07_001","已声明","1","1","1","1","1","0–3.9s","0–3.9s"
"umiri/maskon/smile02","1","PARAM_HAND_R_01_001","已声明","1","0","0","0","0","",""
"umiri/maskon/smile02","1","PARAM_HAND_R_02_001","已声明","1","0","0","0","0","",""
"umiri/maskon/smile02","1","PARAM_HAND_R_03_001","已声明","1","0","0","0","0","",""
"umiri/maskon/smile02","1","PARAM_HAND_R_04_001","已声明","1","0","0","0","0","",""
"umiri/maskon/smile02","1","PARAM_HAND_R_05_001","已声明","1","0","0","0","0","",""
"umiri/maskon/smile02","1","PARAM_HAND_R_06_001","已声明","1","0","0","0","0","",""
"umiri/maskon/smile02","1","PARAM_HAND_R_09_001","已声明","1","1","1","1","1","0–3.9s","0–3.9s"
"umiri/maskon/smile03","1","PARAM_HAND_L_01_001","已声明","1","0","0","0","0","",""
"umiri/maskon/smile03","1","PARAM_HAND_L_02_001","已声明","1","0","0","0","0","",""
"umiri/maskon/smile03","1","PARAM_HAND_L_03_001","已声明","1","0","0","0","0","",""
"umiri/maskon/smile03","1","PARAM_HAND_L_04_001","已声明","1","0","0","0","0","",""
"umiri/maskon/smile03","1","PARAM_HAND_L_05_001","已声明","1","0","0","0","0","",""
"umiri/maskon/smile03","1","PARAM_HAND_L_06_001","已声明","1","0","0","0","0","",""
"umiri/maskon/smile03","1","PARAM_HAND_L_07_001","已声明","1","1","1","1","1","0–3.7s","0–3.7s"
"umiri/maskon/smile03","1","PARAM_HAND_R_01_001","已声明","1","0","0","0","0","",""
"umiri/maskon/smile03","1","PARAM_HAND_R_02_001","已声明","1","0","0","0","0","",""
"umiri/maskon/smile03","1","PARAM_HAND_R_03_001","已声明","1","0","0","0","0","",""
"umiri/maskon/smile03","1","PARAM_HAND_R_04_001","已声明","1","0","0","0","0","",""
"umiri/maskon/smile03","1","PARAM_HAND_R_05_001","已声明","1","0","0","0","0","",""
"umiri/maskon/smile03","1","PARAM_HAND_R_06_001","已声明","1","0","0","0","0","",""
"umiri/maskon/smile03","1","PARAM_HAND_R_09_001","已声明","1","1","1","1","1","0–3.7s","0–3.7s"
"umiri/maskon/smile04","1","PARAM_HAND_L_01_001","已声明","1","0","0","0","0","",""
"umiri/maskon/smile04","1","PARAM_HAND_L_02_001","已声明","1","0","0","0","0","",""
"umiri/maskon/smile04","1","PARAM_HAND_L_03_001","已声明","1","0","0","0","0","",""
"umiri/maskon/smile04","1","PARAM_HAND_L_04_001","已声明","1","0","0","0","0","",""
"umiri/maskon/smile04","1","PARAM_HAND_L_05_001","已声明","1","0","0","0","0","",""
"umiri/maskon/smile04","1","PARAM_HAND_L_06_001","已声明","1","0","0","0","0","",""
"umiri/maskon/smile04","1","PARAM_HAND_L_07_001","已声明","1","1","1","1","1","0–3.9s","0–3.9s"
"umiri/maskon/smile04","1","PARAM_HAND_R_01_001","已声明","1","0","0","0","0","",""
"umiri/maskon/smile04","1","PARAM_HAND_R_02_001","已声明","1","0","0","0","0","",""
"umiri/maskon/smile04","1","PARAM_HAND_R_03_001","已声明","1","0","0","0","0","",""
"umiri/maskon/smile04","1","PARAM_HAND_R_04_001","已声明","1","0","0","0","0","",""
"umiri/maskon/smile04","1","PARAM_HAND_R_05_001","已声明","1","0","0","0","0","",""
"umiri/maskon/smile04","1","PARAM_HAND_R_06_001","已声明","1","0","0","0","0","",""
"umiri/maskon/smile04","1","PARAM_HAND_R_09_001","已声明","1","1","1","1","1","0–3.9s","0–3.9s"
"umiri/maskon/smile05","1","PARAM_HAND_L_01_001","已声明","1","0","0","0","0","",""
"umiri/maskon/smile05","1","PARAM_HAND_L_02_001","已声明","1","0","0","0","0","",""
"umiri/maskon/smile05","1","PARAM_HAND_L_03_001","已声明","1","0","0","0","0","",""
"umiri/maskon/smile05","1","PARAM_HAND_L_04_001","已声明","1","0","0","0","0","",""
"umiri/maskon/smile05","1","PARAM_HAND_L_05_001","已声明","1","0","0","0","0","",""
"umiri/maskon/smile05","1","PARAM_HAND_L_06_001","已声明","1","0","0","0","0","",""
"umiri/maskon/smile05","1","PARAM_HAND_L_07_001","已声明","1","1","1","1","1","0–3.7s","0–3.7s"
"umiri/maskon/smile05","1","PARAM_HAND_R_01_001","已声明","1","0","0","0","0","",""
"umiri/maskon/smile05","1","PARAM_HAND_R_02_001","已声明","1","0","0","0","0","",""
"umiri/maskon/smile05","1","PARAM_HAND_R_03_001","已声明","1","0","0","0","0","",""
"umiri/maskon/smile05","1","PARAM_HAND_R_04_001","已声明","1","0","0","0","0","",""
"umiri/maskon/smile05","1","PARAM_HAND_R_05_001","已声明","1","1","1","1","1","0–3.7s","0–3.7s"
"umiri/maskon/smile05","1","PARAM_HAND_R_06_001","已声明","1","0","0","0","0","",""
"umiri/maskon/smile05","1","PARAM_HAND_R_09_001","已声明","1","0","0","0","0","",""
"umiri/maskon/surprised01","1","PARAM_HAND_L_01_001","已声明","1","1","1","1","1","0–3.2s","0–3.2s"
"umiri/maskon/surprised01","1","PARAM_HAND_L_02_001","已声明","1","0","0","0","0","",""
"umiri/maskon/surprised01","1","PARAM_HAND_L_03_001","已声明","1","0","0","0","0","",""
"umiri/maskon/surprised01","1","PARAM_HAND_L_04_001","已声明","1","0","0","0","0","",""
"umiri/maskon/surprised01","1","PARAM_HAND_L_05_001","已声明","1","0","0","0","0","",""
"umiri/maskon/surprised01","1","PARAM_HAND_L_06_001","已声明","1","0","0","0","0","",""
"umiri/maskon/surprised01","1","PARAM_HAND_L_07_001","已声明","1","0","0","0","0","",""
"umiri/maskon/surprised01","1","PARAM_HAND_R_01_001","已声明","1","1","1","1","1","0–3.2s","0–3.2s"
"umiri/maskon/surprised01","1","PARAM_HAND_R_02_001","已声明","1","0","0","0","0","",""
"umiri/maskon/surprised01","1","PARAM_HAND_R_03_001","已声明","1","0","0","0","0","",""
"umiri/maskon/surprised01","1","PARAM_HAND_R_04_001","已声明","1","0","0","0","0","",""
"umiri/maskon/surprised01","1","PARAM_HAND_R_05_001","已声明","1","0","0","0","0","",""
"umiri/maskon/surprised01","1","PARAM_HAND_R_06_001","已声明","1","0","0","0","0","",""
"umiri/maskon/surprised01","1","PARAM_HAND_R_09_001","已声明","1","0","0","0","0","",""
"umiri/maskon/thinking01","1","PARAM_HAND_L_01_001","已声明","1","0","0","0","0","",""
"umiri/maskon/thinking01","1","PARAM_HAND_L_02_001","已声明","1","0","0","0","0","",""
"umiri/maskon/thinking01","1","PARAM_HAND_L_03_001","已声明","1","0","0","0","0","",""
"umiri/maskon/thinking01","1","PARAM_HAND_L_04_001","已声明","1","0","0","0","0","",""
"umiri/maskon/thinking01","1","PARAM_HAND_L_05_001","已声明","1","0","0","0","0","",""
"umiri/maskon/thinking01","1","PARAM_HAND_L_06_001","已声明","1","0","0","0","0","",""
"umiri/maskon/thinking01","1","PARAM_HAND_L_07_001","已声明","1","1","1","1","1","0–4.133s","0–4.133s"
"umiri/maskon/thinking01","1","PARAM_HAND_R_01_001","已声明","1","1","1","1","1","0–4.133s","0–4.133s"
"umiri/maskon/thinking01","1","PARAM_HAND_R_02_001","已声明","1","0","0","0","0","",""
"umiri/maskon/thinking01","1","PARAM_HAND_R_03_001","已声明","1","0","0","0","0","",""
"umiri/maskon/thinking01","1","PARAM_HAND_R_04_001","已声明","1","0","0","0","0","",""
"umiri/maskon/thinking01","1","PARAM_HAND_R_05_001","已声明","1","0","0","0","0","",""
"umiri/maskon/thinking01","1","PARAM_HAND_R_06_001","已声明","1","0","0","0","0","",""
"umiri/maskon/thinking01","1","PARAM_HAND_R_09_001","已声明","1","0","0","0","0","",""
"umiri/nf_left01","1","PARAM_HAND_L_01_001","已声明","1","0","0","0","0","",""
"umiri/nf_left01","1","PARAM_HAND_L_02_001","已声明","1","0","0","0","0","",""
"umiri/nf_left01","1","PARAM_HAND_L_03_001","已声明","1","0","0","0","0","",""
"umiri/nf_left01","1","PARAM_HAND_L_04_001","已声明","1","0","0","0","0","",""
"umiri/nf_left01","1","PARAM_HAND_L_05_001","已声明","1","0","0","0","0","",""
"umiri/nf_left01","1","PARAM_HAND_L_06_001","已声明","1","0","0","0","0","",""
"umiri/nf_left01","1","PARAM_HAND_L_07_001","已声明","1","1","1","1","1","0–4.367s","0–4.367s"
"umiri/nf_left01","1","PARAM_HAND_R_01_001","已声明","1","0","0","0","0","",""
"umiri/nf_left01","1","PARAM_HAND_R_02_001","已声明","1","0","0","0","0","",""
"umiri/nf_left01","1","PARAM_HAND_R_03_001","已声明","1","0","0","0","0","",""
"umiri/nf_left01","1","PARAM_HAND_R_04_001","已声明","1","0","0","0","0","",""
"umiri/nf_left01","1","PARAM_HAND_R_05_001","已声明","1","0","0","0","0","",""
"umiri/nf_left01","1","PARAM_HAND_R_06_001","已声明","1","0","0","0","0","",""
"umiri/nf_left01","1","PARAM_HAND_R_09_001","已声明","1","1","1","1","1","0–4.367s","0–4.367s"
"umiri/nf_right01","1","PARAM_HAND_L_01_001","已声明","1","1","1","1","1","0–3.667s","0–3.667s"
"umiri/nf_right01","1","PARAM_HAND_L_02_001","已声明","1","0","0","0","0","",""
"umiri/nf_right01","1","PARAM_HAND_L_03_001","已声明","1","0","0","0","0","",""
"umiri/nf_right01","1","PARAM_HAND_L_04_001","已声明","1","0","0","0","0","",""
"umiri/nf_right01","1","PARAM_HAND_L_05_001","已声明","1","0","0","0","0","",""
"umiri/nf_right01","1","PARAM_HAND_L_06_001","已声明","1","0","0","0","0","",""
"umiri/nf_right01","1","PARAM_HAND_L_07_001","已声明","1","0","0","0","0","",""
"umiri/nf_right01","1","PARAM_HAND_R_01_001","已声明","1","0","0","0","0","",""
"umiri/nf_right01","1","PARAM_HAND_R_02_001","已声明","1","1","1","1","1","0–3.667s","0–3.667s"
"umiri/nf_right01","1","PARAM_HAND_R_03_001","已声明","1","0","0","0","0","",""
"umiri/nf_right01","1","PARAM_HAND_R_04_001","已声明","1","0","0","0","0","",""
"umiri/nf_right01","1","PARAM_HAND_R_05_001","已声明","1","0","0","0","0","",""
"umiri/nf_right01","1","PARAM_HAND_R_06_001","已声明","1","0","0","0","0","",""
"umiri/nf_right01","1","PARAM_HAND_R_09_001","已声明","1","0","0","0","0","",""
"umiri/nf01","1","PARAM_HAND_L_01_001","已声明","1","0","0","0","0","",""
"umiri/nf01","1","PARAM_HAND_L_02_001","已声明","1","0","0","0","0","",""
"umiri/nf01","1","PARAM_HAND_L_03_001","已声明","1","0","0","0","0","",""
"umiri/nf01","1","PARAM_HAND_L_04_001","已声明","1","0","0","0","0","",""
"umiri/nf01","1","PARAM_HAND_L_05_001","已声明","1","0","0","0","0","",""
"umiri/nf01","1","PARAM_HAND_L_06_001","已声明","1","0","0","0","0","",""
"umiri/nf01","1","PARAM_HAND_L_07_001","已声明","1","1","1","1","1","0–4.633s","0–4.633s"
"umiri/nf01","1","PARAM_HAND_R_01_001","已声明","1","0","0","0","0","",""
"umiri/nf01","1","PARAM_HAND_R_02_001","已声明","1","0","0","0","0","",""
"umiri/nf01","1","PARAM_HAND_R_03_001","已声明","1","0","0","0","0","",""
"umiri/nf01","1","PARAM_HAND_R_04_001","已声明","1","0","0","0","0","",""
"umiri/nf01","1","PARAM_HAND_R_05_001","已声明","1","0","0","0","0","",""
"umiri/nf01","1","PARAM_HAND_R_06_001","已声明","1","0","0","0","0","",""
"umiri/nf01","1","PARAM_HAND_R_09_001","已声明","1","1","1","1","1","0–4.633s","0–4.633s"
"umiri/nf02","1","PARAM_HAND_L_01_001","已声明","1","0","0","0","0","",""
"umiri/nf02","1","PARAM_HAND_L_02_001","已声明","1","0","0","0","0","",""
"umiri/nf02","1","PARAM_HAND_L_03_001","已声明","1","0","0","0","0","",""
"umiri/nf02","1","PARAM_HAND_L_04_001","已声明","1","0","0","0","0","",""
"umiri/nf02","1","PARAM_HAND_L_05_001","已声明","1","0","0","0","0","",""
"umiri/nf02","1","PARAM_HAND_L_06_001","已声明","1","0","0","0","0","",""
"umiri/nf02","1","PARAM_HAND_L_07_001","已声明","1","1","1","1","1","0–3.867s","0–3.867s"
"umiri/nf02","1","PARAM_HAND_R_01_001","已声明","1","0","0","0","0","",""
"umiri/nf02","1","PARAM_HAND_R_02_001","已声明","1","0","0","0","0","",""
"umiri/nf02","1","PARAM_HAND_R_03_001","已声明","1","0","0","0","0","",""
"umiri/nf02","1","PARAM_HAND_R_04_001","已声明","1","0","0","0","0","",""
"umiri/nf02","1","PARAM_HAND_R_05_001","已声明","1","0","0","0","0","",""
"umiri/nf02","1","PARAM_HAND_R_06_001","已声明","1","0","0","0","0","",""
"umiri/nf02","1","PARAM_HAND_R_09_001","已声明","1","1","1","1","1","0–3.867s","0–3.867s"
"umiri/nf03","1","PARAM_HAND_L_01_001","已声明","1","1","1","1","1","0–4.3s","0–4.3s"
"umiri/nf03","1","PARAM_HAND_L_02_001","已声明","1","0","0","0","0","",""
"umiri/nf03","1","PARAM_HAND_L_03_001","已声明","1","0","0","0","0","",""
"umiri/nf03","1","PARAM_HAND_L_04_001","已声明","1","0","0","0","0","",""
"umiri/nf03","1","PARAM_HAND_L_05_001","已声明","1","0","0","0","0","",""
"umiri/nf03","1","PARAM_HAND_L_06_001","已声明","1","0","0","0","0","",""
"umiri/nf03","1","PARAM_HAND_L_07_001","已声明","1","0","0","0","0","",""
"umiri/nf03","1","PARAM_HAND_R_01_001","已声明","1","0","0","0","0","",""
"umiri/nf03","1","PARAM_HAND_R_02_001","已声明","1","1","1","1","1","0–4.3s","0–4.3s"
"umiri/nf03","1","PARAM_HAND_R_03_001","已声明","1","0","0","0","0","",""
"umiri/nf03","1","PARAM_HAND_R_04_001","已声明","1","0","0","0","0","",""
"umiri/nf03","1","PARAM_HAND_R_05_001","已声明","1","0","0","0","0","",""
"umiri/nf03","1","PARAM_HAND_R_06_001","已声明","1","0","0","0","0","",""
"umiri/nf03","1","PARAM_HAND_R_09_001","已声明","1","0","0","0","0","",""
"umiri/nf04","1","PARAM_HAND_L_01_001","已声明","1","0","0","0","0","",""
"umiri/nf04","1","PARAM_HAND_L_02_001","已声明","1","0","0","0","0","",""
"umiri/nf04","1","PARAM_HAND_L_03_001","已声明","1","0","0","0","0","",""
"umiri/nf04","1","PARAM_HAND_L_04_001","已声明","1","0","0","0","0","",""
"umiri/nf04","1","PARAM_HAND_L_05_001","已声明","1","0","0","0","0","",""
"umiri/nf04","1","PARAM_HAND_L_06_001","已声明","1","0","0","0","0","",""
"umiri/nf04","1","PARAM_HAND_L_07_001","已声明","1","1","1","1","1","0–4.033s","0–4.033s"
"umiri/nf04","1","PARAM_HAND_R_01_001","已声明","1","0","0","0","0","",""
"umiri/nf04","1","PARAM_HAND_R_02_001","已声明","1","0","0","0","0","",""
"umiri/nf04","1","PARAM_HAND_R_03_001","已声明","1","0","0","0","0","",""
"umiri/nf04","1","PARAM_HAND_R_04_001","已声明","1","0","0","0","0","",""
"umiri/nf04","1","PARAM_HAND_R_05_001","已声明","1","0","0","0","0","",""
"umiri/nf04","1","PARAM_HAND_R_06_001","已声明","1","0","0","0","0","",""
"umiri/nf04","1","PARAM_HAND_R_09_001","已声明","1","1","1","1","1","0–4.033s","0–4.033s"
"umiri/nf05","1","PARAM_HAND_L_01_001","已声明","1","1","1","1","1","0–3.667s","0–3.667s"
"umiri/nf05","1","PARAM_HAND_L_02_001","已声明","1","0","0","0","0","",""
"umiri/nf05","1","PARAM_HAND_L_03_001","已声明","1","0","0","0","0","",""
"umiri/nf05","1","PARAM_HAND_L_04_001","已声明","1","0","0","0","0","",""
"umiri/nf05","1","PARAM_HAND_L_05_001","已声明","1","0","0","0","0","",""
"umiri/nf05","1","PARAM_HAND_L_06_001","已声明","1","0","0","0","0","",""
"umiri/nf05","1","PARAM_HAND_L_07_001","已声明","1","0","0","0","0","",""
"umiri/nf05","1","PARAM_HAND_R_01_001","已声明","1","0","0","0","0","",""
"umiri/nf05","1","PARAM_HAND_R_02_001","已声明","1","1","1","1","1","0–3.667s","0–3.667s"
"umiri/nf05","1","PARAM_HAND_R_03_001","已声明","1","0","0","0","0","",""
"umiri/nf05","1","PARAM_HAND_R_04_001","已声明","1","0","0","0","0","",""
"umiri/nf05","1","PARAM_HAND_R_05_001","已声明","1","0","0","0","0","",""
"umiri/nf05","1","PARAM_HAND_R_06_001","已声明","1","0","0","0","0","",""
"umiri/nf05","1","PARAM_HAND_R_09_001","已声明","1","0","0","0","0","",""
"umiri/sad01","1","PARAM_HAND_L_01_001","已声明","1","0","0","0","0","",""
"umiri/sad01","1","PARAM_HAND_L_02_001","已声明","1","0","0","0","0","",""
"umiri/sad01","1","PARAM_HAND_L_03_001","已声明","1","0","0","0","0","",""
"umiri/sad01","1","PARAM_HAND_L_04_001","已声明","1","0","0","0","0","",""
"umiri/sad01","1","PARAM_HAND_L_05_001","已声明","1","0","0","0","0","",""
"umiri/sad01","1","PARAM_HAND_L_06_001","已声明","1","0","0","0","0","",""
"umiri/sad01","1","PARAM_HAND_L_07_001","已声明","1","1","1","1","1","0–5.8s","0–5.8s"
"umiri/sad01","1","PARAM_HAND_R_01_001","已声明","1","0","0","0","0","",""
"umiri/sad01","1","PARAM_HAND_R_02_001","已声明","1","0","0","0","0","",""
"umiri/sad01","1","PARAM_HAND_R_03_001","已声明","1","0","0","0","0","",""
"umiri/sad01","1","PARAM_HAND_R_04_001","已声明","1","0","0","0","0","",""
"umiri/sad01","1","PARAM_HAND_R_05_001","已声明","1","0","0","0","0","",""
"umiri/sad01","1","PARAM_HAND_R_06_001","已声明","1","0","0","0","0","",""
"umiri/sad01","1","PARAM_HAND_R_09_001","已声明","1","1","1","1","1","0–5.8s","0–5.8s"
"umiri/serious01","1","PARAM_HAND_L_01_001","已声明","1","0","0","0","0","",""
"umiri/serious01","1","PARAM_HAND_L_02_001","已声明","1","0","0","0","0","",""
"umiri/serious01","1","PARAM_HAND_L_03_001","已声明","1","0","0","0","0","",""
"umiri/serious01","1","PARAM_HAND_L_04_001","已声明","1","0","0","0","0","",""
"umiri/serious01","1","PARAM_HAND_L_05_001","已声明","1","0","0","0","0","",""
"umiri/serious01","1","PARAM_HAND_L_06_001","已声明","1","0","0","0","0","",""
"umiri/serious01","1","PARAM_HAND_L_07_001","已声明","1","1","1","1","1","0–3.433s","0–3.433s"
"umiri/serious01","1","PARAM_HAND_R_01_001","已声明","1","0","0","0","0","",""
"umiri/serious01","1","PARAM_HAND_R_02_001","已声明","1","0","0","0","0","",""
"umiri/serious01","1","PARAM_HAND_R_03_001","已声明","1","0","0","0","0","",""
"umiri/serious01","1","PARAM_HAND_R_04_001","已声明","1","0","0","0","0","",""
"umiri/serious01","1","PARAM_HAND_R_05_001","已声明","1","0","0","0","0","",""
"umiri/serious01","1","PARAM_HAND_R_06_001","已声明","1","0","0","0","0","",""
"umiri/serious01","1","PARAM_HAND_R_09_001","已声明","1","1","1","1","1","0–3.433s","0–3.433s"
"umiri/sigh01","1","PARAM_HAND_L_01_001","已声明","1","0","0","0","0","",""
"umiri/sigh01","1","PARAM_HAND_L_02_001","已声明","1","0","0","0","0","",""
"umiri/sigh01","1","PARAM_HAND_L_03_001","已声明","1","0","0","0","0","",""
"umiri/sigh01","1","PARAM_HAND_L_04_001","已声明","1","0","0","0","0","",""
"umiri/sigh01","1","PARAM_HAND_L_05_001","已声明","1","0","0","0","0","",""
"umiri/sigh01","1","PARAM_HAND_L_06_001","已声明","1","0","0","0","0","",""
"umiri/sigh01","1","PARAM_HAND_L_07_001","已声明","1","1","1","1","1","0–4.167s","0–4.167s"
"umiri/sigh01","1","PARAM_HAND_R_01_001","已声明","1","0","0","0","0","",""
"umiri/sigh01","1","PARAM_HAND_R_02_001","已声明","1","0","0","0","0","",""
"umiri/sigh01","1","PARAM_HAND_R_03_001","已声明","1","0","0","0","0","",""
"umiri/sigh01","1","PARAM_HAND_R_04_001","已声明","1","0","0","0","0","",""
"umiri/sigh01","1","PARAM_HAND_R_05_001","已声明","1","0","0","0","0","",""
"umiri/sigh01","1","PARAM_HAND_R_06_001","已声明","1","0","0","0","0","",""
"umiri/sigh01","1","PARAM_HAND_R_09_001","已声明","1","1","1","1","1","0–4.167s","0–4.167s"
"umiri/smile01","1","PARAM_HAND_L_01_001","已声明","1","1","1","1","1","0–3.7s","0–3.7s"
"umiri/smile01","1","PARAM_HAND_L_02_001","已声明","1","0","0","0","0","",""
"umiri/smile01","1","PARAM_HAND_L_03_001","已声明","1","0","0","0","0","",""
"umiri/smile01","1","PARAM_HAND_L_04_001","已声明","1","0","0","0","0","",""
"umiri/smile01","1","PARAM_HAND_L_05_001","已声明","1","0","0","0","0","",""
"umiri/smile01","1","PARAM_HAND_L_06_001","已声明","1","0","0","0","0","",""
"umiri/smile01","1","PARAM_HAND_L_07_001","已声明","1","0","0","0","0","",""
"umiri/smile01","1","PARAM_HAND_R_01_001","已声明","1","0","0","0","0","",""
"umiri/smile01","1","PARAM_HAND_R_02_001","已声明","1","1","1","1","1","0–3.7s","0–3.7s"
"umiri/smile01","1","PARAM_HAND_R_03_001","已声明","1","0","0","0","0","",""
"umiri/smile01","1","PARAM_HAND_R_04_001","已声明","1","0","0","0","0","",""
"umiri/smile01","1","PARAM_HAND_R_05_001","已声明","1","0","0","0","0","",""
"umiri/smile01","1","PARAM_HAND_R_06_001","已声明","1","0","0","0","0","",""
"umiri/smile01","1","PARAM_HAND_R_09_001","已声明","1","0","0","0","0","",""
"umiri/smile02","1","PARAM_HAND_L_01_001","已声明","1","0","0","0","0","",""
"umiri/smile02","1","PARAM_HAND_L_02_001","已声明","1","0","0","0","0","",""
"umiri/smile02","1","PARAM_HAND_L_03_001","已声明","1","0","0","0","0","",""
"umiri/smile02","1","PARAM_HAND_L_04_001","已声明","1","0","0","0","0","",""
"umiri/smile02","1","PARAM_HAND_L_05_001","已声明","1","0","0","0","0","",""
"umiri/smile02","1","PARAM_HAND_L_06_001","已声明","1","0","0","0","0","",""
"umiri/smile02","1","PARAM_HAND_L_07_001","已声明","1","1","1","1","1","0–3.9s","0–3.9s"
"umiri/smile02","1","PARAM_HAND_R_01_001","已声明","1","0","0","0","0","",""
"umiri/smile02","1","PARAM_HAND_R_02_001","已声明","1","0","0","0","0","",""
"umiri/smile02","1","PARAM_HAND_R_03_001","已声明","1","0","0","0","0","",""
"umiri/smile02","1","PARAM_HAND_R_04_001","已声明","1","0","0","0","0","",""
"umiri/smile02","1","PARAM_HAND_R_05_001","已声明","1","0","0","0","0","",""
"umiri/smile02","1","PARAM_HAND_R_06_001","已声明","1","0","0","0","0","",""
"umiri/smile02","1","PARAM_HAND_R_09_001","已声明","1","1","1","1","1","0–3.9s","0–3.9s"
"umiri/smile03","1","PARAM_HAND_L_01_001","已声明","1","0","0","0","0","",""
"umiri/smile03","1","PARAM_HAND_L_02_001","已声明","1","0","0","0","0","",""
"umiri/smile03","1","PARAM_HAND_L_03_001","已声明","1","0","0","0","0","",""
"umiri/smile03","1","PARAM_HAND_L_04_001","已声明","1","0","0","0","0","",""
"umiri/smile03","1","PARAM_HAND_L_05_001","已声明","1","0","0","0","0","",""
"umiri/smile03","1","PARAM_HAND_L_06_001","已声明","1","0","0","0","0","",""
"umiri/smile03","1","PARAM_HAND_L_07_001","已声明","1","1","1","1","1","0–3.7s","0–3.7s"
"umiri/smile03","1","PARAM_HAND_R_01_001","已声明","1","0","0","0","0","",""
"umiri/smile03","1","PARAM_HAND_R_02_001","已声明","1","0","0","0","0","",""
"umiri/smile03","1","PARAM_HAND_R_03_001","已声明","1","0","0","0","0","",""
"umiri/smile03","1","PARAM_HAND_R_04_001","已声明","1","0","0","0","0","",""
"umiri/smile03","1","PARAM_HAND_R_05_001","已声明","1","0","0","0","0","",""
"umiri/smile03","1","PARAM_HAND_R_06_001","已声明","1","0","0","0","0","",""
"umiri/smile03","1","PARAM_HAND_R_09_001","已声明","1","1","1","1","1","0–3.7s","0–3.7s"
"umiri/smile04","1","PARAM_HAND_L_01_001","已声明","1","0","0","0","0","",""
"umiri/smile04","1","PARAM_HAND_L_02_001","已声明","1","0","0","0","0","",""
"umiri/smile04","1","PARAM_HAND_L_03_001","已声明","1","0","0","0","0","",""
"umiri/smile04","1","PARAM_HAND_L_04_001","已声明","1","0","0","0","0","",""
"umiri/smile04","1","PARAM_HAND_L_05_001","已声明","1","0","0","0","0","",""
"umiri/smile04","1","PARAM_HAND_L_06_001","已声明","1","0","0","0","0","",""
"umiri/smile04","1","PARAM_HAND_L_07_001","已声明","1","1","1","1","1","0–3.9s","0–3.9s"
"umiri/smile04","1","PARAM_HAND_R_01_001","已声明","1","0","0","0","0","",""
"umiri/smile04","1","PARAM_HAND_R_02_001","已声明","1","0","0","0","0","",""
"umiri/smile04","1","PARAM_HAND_R_03_001","已声明","1","0","0","0","0","",""
"umiri/smile04","1","PARAM_HAND_R_04_001","已声明","1","0","0","0","0","",""
"umiri/smile04","1","PARAM_HAND_R_05_001","已声明","1","0","0","0","0","",""
"umiri/smile04","1","PARAM_HAND_R_06_001","已声明","1","0","0","0","0","",""
"umiri/smile04","1","PARAM_HAND_R_09_001","已声明","1","1","1","1","1","0–3.9s","0–3.9s"
"umiri/smile05","1","PARAM_HAND_L_01_001","已声明","1","0","0","0","0","",""
"umiri/smile05","1","PARAM_HAND_L_02_001","已声明","1","0","0","0","0","",""
"umiri/smile05","1","PARAM_HAND_L_03_001","已声明","1","0","0","0","0","",""
"umiri/smile05","1","PARAM_HAND_L_04_001","已声明","1","0","0","0","0","",""
"umiri/smile05","1","PARAM_HAND_L_05_001","已声明","1","0","0","0","0","",""
"umiri/smile05","1","PARAM_HAND_L_06_001","已声明","1","0","0","0","0","",""
"umiri/smile05","1","PARAM_HAND_L_07_001","已声明","1","1","1","1","1","0–3.7s","0–3.7s"
"umiri/smile05","1","PARAM_HAND_R_01_001","已声明","1","0","0","0","0","",""
"umiri/smile05","1","PARAM_HAND_R_02_001","已声明","1","0","0","0","0","",""
"umiri/smile05","1","PARAM_HAND_R_03_001","已声明","1","0","0","0","0","",""
"umiri/smile05","1","PARAM_HAND_R_04_001","已声明","1","0","0","0","0","",""
"umiri/smile05","1","PARAM_HAND_R_05_001","已声明","1","1","1","1","1","0–3.7s","0–3.7s"
"umiri/smile05","1","PARAM_HAND_R_06_001","已声明","1","0","0","0","0","",""
"umiri/smile05","1","PARAM_HAND_R_09_001","已声明","1","0","0","0","0","",""
"umiri/surprised01","1","PARAM_HAND_L_01_001","已声明","1","1","1","1","1","0–3.2s","0–3.2s"
"umiri/surprised01","1","PARAM_HAND_L_02_001","已声明","1","0","0","0","0","",""
"umiri/surprised01","1","PARAM_HAND_L_03_001","已声明","1","0","0","0","0","",""
"umiri/surprised01","1","PARAM_HAND_L_04_001","已声明","1","0","0","0","0","",""
"umiri/surprised01","1","PARAM_HAND_L_05_001","已声明","1","0","0","0","0","",""
"umiri/surprised01","1","PARAM_HAND_L_06_001","已声明","1","0","0","0","0","",""
"umiri/surprised01","1","PARAM_HAND_L_07_001","已声明","1","0","0","0","0","",""
"umiri/surprised01","1","PARAM_HAND_R_01_001","已声明","1","1","1","1","1","0–3.2s","0–3.2s"
"umiri/surprised01","1","PARAM_HAND_R_02_001","已声明","1","0","0","0","0","",""
"umiri/surprised01","1","PARAM_HAND_R_03_001","已声明","1","0","0","0","0","",""
"umiri/surprised01","1","PARAM_HAND_R_04_001","已声明","1","0","0","0","0","",""
"umiri/surprised01","1","PARAM_HAND_R_05_001","已声明","1","0","0","0","0","",""
"umiri/surprised01","1","PARAM_HAND_R_06_001","已声明","1","0","0","0","0","",""
"umiri/surprised01","1","PARAM_HAND_R_09_001","已声明","1","0","0","0","0","",""
"umiri/thinking01","1","PARAM_HAND_L_01_001","已声明","1","0","0","0","0","",""
"umiri/thinking01","1","PARAM_HAND_L_02_001","已声明","1","0","0","0","0","",""
"umiri/thinking01","1","PARAM_HAND_L_03_001","已声明","1","0","0","0","0","",""
"umiri/thinking01","1","PARAM_HAND_L_04_001","已声明","1","0","0","0","0","",""
"umiri/thinking01","1","PARAM_HAND_L_05_001","已声明","1","0","0","0","0","",""
"umiri/thinking01","1","PARAM_HAND_L_06_001","已声明","1","0","0","0","0","",""
"umiri/thinking01","1","PARAM_HAND_L_07_001","已声明","1","1","1","1","1","0–4.133s","0–4.133s"
"umiri/thinking01","1","PARAM_HAND_R_01_001","已声明","1","1","1","1","1","0–4.133s","0–4.133s"
"umiri/thinking01","1","PARAM_HAND_R_02_001","已声明","1","0","0","0","0","",""
"umiri/thinking01","1","PARAM_HAND_R_03_001","已声明","1","0","0","0","0","",""
"umiri/thinking01","1","PARAM_HAND_R_04_001","已声明","1","0","0","0","0","",""
"umiri/thinking01","1","PARAM_HAND_R_05_001","已声明","1","0","0","0","0","",""
"umiri/thinking01","1","PARAM_HAND_R_06_001","已声明","1","0","0","0","0","",""
"umiri/thinking01","1","PARAM_HAND_R_09_001","已声明","1","0","0","0","0","",""