"动作入口","入口序号","前缀","帧率","帧数","末采样秒","参数L侧正值调用","参数R侧正值调用","L侧>0.5序列","R侧>0.5序列","动作文件相对路径","SHA256"
"anon/angry01","1","anon","30","150","4.967","L01, L05","R01, R05","0s:05 → 0.833s:01","0s:05 → 0.833s:01","../.mtn_exp/motions/PARAM_IMPORT__37/anon/angry01.mtn","c202a38ef4d8fb7323e90b4355ef77bbd9c1814aaf9a6cee1e3250c06a6ab11e"
"anon/angry02","1","anon","30","195","6.467","L07","R09","0s:07","0s:09","../.mtn_exp/motions/PARAM_IMPORT__37/anon/angry02.mtn","f7506e725d82bb4ca3e636321c95891ab8adbf60b6eb5dff8166e797304af054"
"anon/angry03","1","anon","30","195","6.467","L01, L05","R01, R05","0s:05 → 0.7s:01","0s:05 → 0.7s:01","../.mtn_exp/motions/PARAM_IMPORT__37/anon/angry03.mtn","0e5eb4c9f3f1fe00bb60e98e96cf003d8564b3833a8687436ebce93f6b26d268"
"anon/angry04","1","anon","30","240","7.967","L01","R01","0s:01","0s:01","../.mtn_exp/motions/PARAM_IMPORT__37/anon/angry04.mtn","f30e0efa75e2c956bfdbf6d7d176aaeb0499c9d5b8aadf157ba2653d60734309"
"anon/bye01","1","anon","30","195","6.467","L01","R04","0s:01","0s:04","../.mtn_exp/motions/PARAM_IMPORT__37/anon/bye01.mtn","de26c97ed174582f990bac275d6043544d0affef05a0a66bfc6a400411d08532"
"anon/cry01","1","anon","30","195","6.467","L05","R05","0s:05","0s:05","../.mtn_exp/motions/PARAM_IMPORT__37/anon/cry01.mtn","69a178a55e9cd2003fc67593b16fce92de824b6986fce50cde7460685f43b05b"
"anon/cry02","1","anon","30","150","4.967","L06","R06","0s:06","0s:06","../.mtn_exp/motions/PARAM_IMPORT__37/anon/cry02.mtn","94666febfda7019ca3f9b3c71ee2d6c580dd02ead439d0926352e40d0d1cbe82"
"anon/gacha_b2024_01","1","anon","30","195","6.467","L05","R01","0s:05","0s:01","../.mtn_exp/motions/PARAM_IMPORT__37/anon/gacha_b2024_01.mtn","f9abcdc90e07adfbac19095afe4a597c327ae88cffe68f39e16eb92a246f83e1"
"anon/gacha_c_a_01","1","anon","30","180","5.967","L01, L02","R02, R05","0s:01 → 2.267s:— → 2.3s:02","0s:05 → 2.267s:— → 2.3s:02","../.mtn_exp/motions/PARAM_IMPORT__37/anon/gacha_c_a_01.mtn","15bfb5c3f822f469fe48841df4bad9e16904142bef1d3af4a4fa12abc1443cb0"
"anon/gacha_df3_01","1","anon","30","195","6.467","L05","R01","0s:05","0s:01","../.mtn_exp/motions/PARAM_IMPORT__37/anon/gacha_df3_01.mtn","802360c38aaa3f1edc0634a74d5f18e816a2d62779c58af1eefe4a430ee0135b"
"anon/gacha_e235_01","1","anon","30","240","7.967","L01","R05","0s:01","0s:05","../.mtn_exp/motions/PARAM_IMPORT__37/anon/gacha_e235_01.mtn","81441238d4f3f2c44f9ed6f4f6b091e093317bad35c528e0760e9e38c1c5f3e8"
"anon/gacha_e253_01","1","anon","30","312","10.367","L01, L02, L05, L07","R01, R02, R05, R09","0s:02 → 3.367s:— → 3.4s:07 → 4.167s:05 → 7.033s:01","0s:02 → 3.367s:— → 3.4s:09 → 4.167s:05 → 7.033s:01","../.mtn_exp/motions/PARAM_IMPORT__37/anon/gacha_e253_01.mtn","a7706d1bb1ea4ecac14faa421a8c48de13aad555a5ca725b49f3f3cc46f49c9b"
"anon/idle01","1","anon","30","180","5.967","L01","R01","0s:01","0s:01","../.mtn_exp/motions/PARAM_IMPORT__37/anon/idle01.mtn","893a25731cb009ffa284e7ee1390baed9600045abc6a662c34f523b1d644c013"
"anon/kandou01","1","anon","30","270","8.967","L06","R06","0s:06","0s:06","../.mtn_exp/motions/PARAM_IMPORT__37/anon/kandou01.mtn","48ce80722448966f2b265bfb97e753e0e806442037ca837fed495acdf6ade081"
"anon/kandou02","1","anon","30","270","8.967","L07","R05","0s:07","0s:05","../.mtn_exp/motions/PARAM_IMPORT__37/anon/kandou02.mtn","e9644efb5571bbca9a024705445cdd1dd0726573b4f58d06c9a95990c3736be2"
"anon/kime01","1","anon","30","180","5.967","L02","R02","0s:02","0s:02","../.mtn_exp/motions/PARAM_IMPORT__37/anon/kime01.mtn","dbdee88ab8428db084ce0da5af9efbc3ec33ed9cf53b66774cd7f142dae90482"
"anon/kime02","1","anon","30","210","6.967","L01","R05, R09","0s:01","0s:09 → 1.433s:05","../.mtn_exp/motions/PARAM_IMPORT__37/anon/kime02.mtn","54c0dc3f2650e628155d8f5d6dc987bb71aa0cbd96e9faafde6b99e9a43e1166"
"anon/nf_left01","1","anon","30","195","6.467","L07","R01","0s:07","0s:01","../.mtn_exp/motions/PARAM_IMPORT__37/anon/nf_left01.mtn","eb382421c169b8ad65e59477aef276125e40115f87c0b69d2e34193f18e2e84e"
"anon/nf_right01","1","anon","30","210","6.967","L07","R02","0s:07","0s:02","../.mtn_exp/motions/PARAM_IMPORT__37/anon/nf_right01.mtn","57ca2ebacee6d24e819fc3d31b40603018346ba7c23f518c5b9e6db16ef9b8e1"
"anon/nf01","1","anon","30","210","6.967","L01","R05","0s:01","0s:05","../.mtn_exp/motions/PARAM_IMPORT__37/anon/nf01.mtn","521e13396d8ad12e690a7c9f1cde91adff9d8396a0ec7f9e6c86f860f8fefbe8"
"anon/nf02","1","anon","30","165","5.467","L01","R02","0s:01","0s:02","../.mtn_exp/motions/PARAM_IMPORT__37/anon/nf02.mtn","9ad8d105cb278e707671a4b1813ae1e8bf4c637fafb016c33f1d2365aafe29f3"
"anon/nf03","1","anon","30","210","6.967","L07","R01","0s:07","0s:01","../.mtn_exp/motions/PARAM_IMPORT__37/anon/nf03.mtn","2d9c5f64ff0d2771985a670c9e4d1cc7257fc304b6e51e0f5bca94d4e45608c2"
"anon/nf04","1","anon","30","225","7.467","L01","R01","0s:01","0s:01","../.mtn_exp/motions/PARAM_IMPORT__37/anon/nf04.mtn","dae18fea2b0b1de0ddef49c2231f882dbbe20e5be8399cad4925296825d2acb4"
"anon/nf05","1","anon","30","210","6.967","L02","R05","0s:02","0s:05","../.mtn_exp/motions/PARAM_IMPORT__37/anon/nf05.mtn","41596fbff6aa3cff955f7202d3d0da1fa8b8023accb0ece17ca4c17ec053bd35"
"anon/nnf03","1","anon","30","209","6.933","L07","R01","0s:07","0s:01","../.mtn_exp/motions/PARAM_IMPORT__37/anon/nnf03.mtn","7a73e6badb2c74a0f8713c97101fd9530c239e4a2889983a7252c705072ea250"
"anon/nnf04","1","anon","30","225","7.467","L01","R01","0s:01","0s:01","../.mtn_exp/motions/PARAM_IMPORT__37/anon/nnf04.mtn","138a152ca1bfd8a9e02b31c4cca304ed2d66fbd15758267f1f17b18ac04032cb"
"anon/nnf05","1","anon","30","210","6.967","L02","R05","0s:02","0s:05","../.mtn_exp/motions/PARAM_IMPORT__37/anon/nnf05.mtn","24644dfeba62cb33073d7ff7e3c1732514f6fc4228ad4df0965bb3ad079392a5"
"anon/sad01","1","anon","30","180","5.967","L01","R01","0s:01","0s:01","../.mtn_exp/motions/PARAM_IMPORT__37/anon/sad01.mtn","e8990e043ded92abb7dfb852bd302d1e5631c9859461a51fea6d59655aa230df"
"anon/sad02","1","anon","30","255","8.467","L01","R05, R09","0s:01","0s:09 → 1.9s:05","../.mtn_exp/motions/PARAM_IMPORT__37/anon/sad02.mtn","0264924f8f528552da646f8727662a217316c90ede691b4c987edc91a1f8311a"
"anon/serious01","1","anon","30","240","7.967","L01","R05","0s:01","0s:05","../.mtn_exp/motions/PARAM_IMPORT__37/anon/serious01.mtn","875eef73caaaa4f42da3fd2178f06a103b3192a7e81f79133f2e22ca6a395a33"
"anon/serious02","1","anon","30","270","8.967","L07","R05","0s:07","0s:05","../.mtn_exp/motions/PARAM_IMPORT__37/anon/serious02.mtn","f0c156d7122f2afeed082b59dfd25e7675a26adc88bad363c18fca04d25dbe92"
"anon/shame01","1","anon","30","240","7.967","L01","R01","0s:01","0s:01","../.mtn_exp/motions/PARAM_IMPORT__37/anon/shame01.mtn","f52316e6918495f28d9a3ee93fdd285e2449d18a31e892de5fddb452a9cba7c6"
"anon/shame02","1","anon","30","240","7.967","L01","R02","0s:01","0s:02","../.mtn_exp/motions/PARAM_IMPORT__37/anon/shame02.mtn","3d32b9352d4d4002b0cede915486911051ac9f7d15ef32fb35686c3c529010c1"
"anon/smile01","1","anon","30","180","5.967","L01, L02","R02, R05","0s:01 → 2.267s:— → 2.3s:02","0s:05 → 2.267s:— → 2.3s:02","../.mtn_exp/motions/PARAM_IMPORT__37/anon/smile01.mtn","6d325dbe2d7812290391f5054d5f4ac5350602793cfa9e4c4376e81a974735c7"
"anon/smile01_ingameV2_01","1","anon","30","312","10.367","L01, L02, L05, L07","R01, R02, R05, R09","0s:02 → 3.367s:— → 3.4s:07 → 4.167s:05 → 7.033s:01","0s:02 → 3.367s:— → 3.4s:09 → 4.167s:05 → 7.033s:01","../.mtn_exp/motions/PARAM_IMPORT__37/anon/smile01_ingameV2_01.mtn","119969efd9f75b8b14ad774cb4b6b2dbae44b44a29e0da6479a7e2e71f3e00de"
"anon/smile01_ingameV2_02","1","anon","30","240","7.967","L01","R05","0s:01","0s:05","../.mtn_exp/motions/PARAM_IMPORT__37/anon/smile01_ingameV2_02.mtn","02baac49ccc5bdcc637f8605ef1f0878ce92b10cffabde11f95ff60d1ca28fe6"
"anon/smile02","1","anon","30","195","6.467","L05","R01","0s:05","0s:01","../.mtn_exp/motions/PARAM_IMPORT__37/anon/smile02.mtn","343994c840e45fd6db6e7b0757a35d426251a1e1d6985c153f4ae1dd3fbe0eee"
"anon/smile03","1","anon","30","210","6.967","L01","R01","0s:01","0s:01","../.mtn_exp/motions/PARAM_IMPORT__37/anon/smile03.mtn","3edf67d9acd4709effee0e3cf90269620767b12ee8b782b0a151b36d7eada9b8"
"anon/smile04","1","anon","30","270","8.967","L01","R01","0s:01","0s:01","../.mtn_exp/motions/PARAM_IMPORT__37/anon/smile04.mtn","9dcdbce978df00b8556306f511136bcf0df7e2477e5b0df327be16abe6f5e554"
"anon/surprised01","1","anon","30","225","7.467","L01","R01","0s:01","0s:01","../.mtn_exp/motions/PARAM_IMPORT__37/anon/surprised01.mtn","f3617c8d1e5c8bdaeeface73974bcc0c6e4537413b6be8d16d016113da814dc0"
"anon/thinking01","1","anon","30","300","9.967","L07","R09","0s:07","0s:09","../.mtn_exp/motions/PARAM_IMPORT__37/anon/thinking01.mtn","c4b3f791305fbcb36da7b7c48693e8eac1ab891fe76fa603290ec3de83856df4"
"anon/thinking02","1","anon","30","300","9.967","L07","R09","0s:07","0s:09","../.mtn_exp/motions/PARAM_IMPORT__37/anon/thinking02.mtn","e19521d5efb902a0aa39b28b78cd0ba8108987d3d72f7634f45d05ff058b8923"
"anon/thinking03","1","anon","30","270","8.967","L07","R09","0s:07","0s:09","../.mtn_exp/motions/PARAM_IMPORT__37/anon/thinking03.mtn","a2b1eec98354d86e9f6d06aa2e3c5067aa3328889cce0a921170bec0a149330b"
"anon/wink01","1","anon","30","225","7.467","L01","R05, R09","0s:01","0s:09 → 1.333s:05","../.mtn_exp/motions/PARAM_IMPORT__37/anon/wink01.mtn","49aeaf36ec90e5e8f45964211cdc91e0516f04599df9b208dfe3694142c2d377"
"mana/angry01","1","mana","30","115","3.8","L01","R01","0s:01","0s:01","../.mtn_exp/motions/PARAM_IMPORT__37/mana/angry01.mtn","7789e75a177e99cbcf2d7bca20a7fd839cd4a6a33d9d9a3866e534881d284a32"
"mana/bye01","1","mana","30","109","3.6","L04","R04","0s:04","0s:04","../.mtn_exp/motions/PARAM_IMPORT__37/mana/bye01.mtn","ce242d5cd8ef9dec32d2e4a6d706cfa70c76156d88878c3293ec86fb3319cb68"
"mana/cry01","1","mana","30","117","3.867","L05, L07","R05, R09","0s:07 → 1s:05+07 → 1.033s:05","0s:09 → 0.9s:05+09 → 0.933s:05","../.mtn_exp/motions/PARAM_IMPORT__37/mana/cry01.mtn","115fb736f3f3524f6b7eb3bae6b4afd3b0d3ed62444129fd55a9134b0ad3d2a0"
"mana/eeto01","1","mana","30","132","4.367","L07","R09","0s:07","0s:09","../.mtn_exp/motions/PARAM_IMPORT__37/mana/eeto01.mtn","11cd8c682d17e5b607ff69ab4d6872de353713d4410192e6b7c4dd335a629ab8"
"mana/gattsu01","1","mana","30","111","3.667","L05","R05","0s:05","0s:05","../.mtn_exp/motions/PARAM_IMPORT__37/mana/gattsu01.mtn","ed57139f811f76224b976b4d430a483f8b77cf0d374c8b942492103810f5ff3c"
"mana/idle01","1","mana","30","180","5.967","L01","R01","0s:01","0s:01","../.mtn_exp/motions/PARAM_IMPORT__37/mana/idle01.mtn","03ef1ac3062afd2aca70589bef1b28d94567cc232bea39362fc2e04668e92ce1"
"mana/jaan01","1","mana","30","119","3.933","L04, L05","R04, R05","0s:05 → 0.833s:04","0s:05 → 0.833s:04","../.mtn_exp/motions/PARAM_IMPORT__37/mana/jaan01.mtn","4cd01ee82fff58764211490b5f0a1ee0da735a665e177d35b74ba98c3ce56eb7"
"mana/nf_left01","1","mana","30","110","3.633","L01","R05","0s:01","0s:05","../.mtn_exp/motions/PARAM_IMPORT__37/mana/nf_left01.mtn","9cb310b56e040033366f7e9c6f71b44e2f1d64e7a6dd85224f292ab06fec6a10"
"mana/nf_right01","1","mana","30","109","3.6","L01","R01","0s:01","0s:01","../.mtn_exp/motions/PARAM_IMPORT__37/mana/nf_right01.mtn","929087d598e3fe20ddcacbb72ba359f5831d6f13054ba2f87f54bd77188cebf2"
"mana/nf01","1","mana","30","129","4.267","L01","R01","0s:01","0s:01","../.mtn_exp/motions/PARAM_IMPORT__37/mana/nf01.mtn","11a996fb75214acbaada3717d0793b3b378516db38becc2235725391bccb0bdb"
"mana/nf02","1","mana","30","110","3.633","L05","R01","0s:05","0s:01","../.mtn_exp/motions/PARAM_IMPORT__37/mana/nf02.mtn","dcaa06a6817103aea441c2c2ee314b5453bee97b6299de0d964aafc1c0aa0ac7"
"mana/nf03","1","mana","30","129","4.267","L07","R01","0s:07","0s:01","../.mtn_exp/motions/PARAM_IMPORT__37/mana/nf03.mtn","e123b12af6600d82d4a5ddbf5f410c1c2e872d88b20e97207e608e5eb49a4935"
"mana/nf04","1","mana","30","109","3.6","L01","R01","0s:01","0s:01","../.mtn_exp/motions/PARAM_IMPORT__37/mana/nf04.mtn","ea21adaeeeb48e078869f0133bde8f679ab5f8cac7c0768cb5bea14f43fe44a5"
"mana/nf05","1","mana","30","135","4.467","L05","R05","0s:05","0s:05","../.mtn_exp/motions/PARAM_IMPORT__37/mana/nf05.mtn","5f38b1e981c5de2eb015cd0bd0a8dfa1b6c14147364158b09421cbdfd24e0d28"
"mana/nnf_left01","1","mana","30","110","3.633","L01","R05","0s:01","0s:05","../.mtn_exp/motions/PARAM_IMPORT__37/mana/nnf_left01.mtn","746d21c5dc5551869dbabf8fb8a66e5d61ca0dada835fbe9f43186e06ad47f93"
"mana/nnf_right01","1","mana","30","109","3.6","L01","R01","0s:01","0s:01","../.mtn_exp/motions/PARAM_IMPORT__37/mana/nnf_right01.mtn","a4bce86e1bc32f0ff7e64f034d2b4d966651dfde27f48325d32c407d4362788b"
"mana/nnf01","1","mana","30","129","4.267","L01","R01","0s:01","0s:01","../.mtn_exp/motions/PARAM_IMPORT__37/mana/nnf01.mtn","0bd5c0463921e7f9611a873ec01d9f28365b80fecda5497614b2dd44671505a4"
"mana/nnf02","1","mana","30","110","3.633","L05","R01","0s:05","0s:01","../.mtn_exp/motions/PARAM_IMPORT__37/mana/nnf02.mtn","548de744bad3bc04e62c370a79a1957139f6f70ac73fc9be2444970aa559c8b4"
"mana/nnf03","1","mana","30","129","4.267","L07","R01","0s:07","0s:01","../.mtn_exp/motions/PARAM_IMPORT__37/mana/nnf03.mtn","f898f1f7c503a34fd4ee89d7bc331371c18a9e619d25a27a0507d7437b3f7149"
"mana/nnf04","1","mana","30","109","3.6","L01","R01","0s:01","0s:01","../.mtn_exp/motions/PARAM_IMPORT__37/mana/nnf04.mtn","eed60bc26e0392824f3b7982e3de437c2412d664ad1a71a3f4b3de77bfcb2ea6"
"mana/nnf05","1","mana","30","135","4.467","L05","R05","0s:05","0s:05","../.mtn_exp/motions/PARAM_IMPORT__37/mana/nnf05.mtn","c967b26cbaa0d89aa2e22dbdb8e61548f9eacd0643b3b21d848e448092c2652a"
"mana/sad01","1","mana","30","100","3.3","L01","R01","0s:01","0s:01","../.mtn_exp/motions/PARAM_IMPORT__37/mana/sad01.mtn","63be9e966fc73538aa5088d3cce243030fc3589ea2b2f2785bf19ceec248f878"
"mana/shame01","1","mana","30","139","4.6","L01","R09","0s:01","0s:09","../.mtn_exp/motions/PARAM_IMPORT__37/mana/shame01.mtn","1142b8a2b3450dbaa67a511dbe50986958b40e94426e91a2d73a777d1cc48875"
"mana/smile01","1","mana","30","118","3.9","L01","R01","0s:01","0s:01","../.mtn_exp/motions/PARAM_IMPORT__37/mana/smile01.mtn","284f07312f73e20d05434c1dd9f6e21d79db66500d7add64835d26c078c74284"
"mana/smile02","1","mana","30","115","3.8","L05","R01","0s:05","0s:01","../.mtn_exp/motions/PARAM_IMPORT__37/mana/smile02.mtn","2381816f1be5d12c06024a7d4722671da08244d9ce7c317f376ade932924c3e2"
"mana/smile03","1","mana","30","115","3.8","L01","R01","0s:01","0s:01","../.mtn_exp/motions/PARAM_IMPORT__37/mana/smile03.mtn","7b14fa3d993e8665a37212df6dc55dfd868fd3bc0f3dcea1cf6faf914354eaaf"
"mana/surprised01","1","mana","30","127","4.2","L01","R01","0s:01","0s:01","../.mtn_exp/motions/PARAM_IMPORT__37/mana/surprised01.mtn","bacd4ca1fdb7eabcc7943fb96b9daf606cb6e43f03fe2d5b7b90ffa2547ffd42"
"mutsumi/angry01","1","mutsumi","30","121","4","L01","R01","0s:01","0s:01","../.mtn_exp/motions/PARAM_IMPORT__37/mutsumi/angry01.mtn","5a3cfa093219a1bd7e000a1f13d6aa0f4ae96cde42d073f17d45a4dd8ee19e81"
"mutsumi/bow","1","mutsumi","30","167","5.533","L07","R05","0s:07","0s:05","../.mtn_exp/motions/PARAM_IMPORT__37/mutsumi/bow.mtn","dd1cd22cba52734ab0a6adfdd47f22d719d26e37660d76f0064067d01f4d8b1c"
"mutsumi/bye01","1","mutsumi","30","167","5.533","L01","R01","0s:01","0s:01","../.mtn_exp/motions/PARAM_IMPORT__37/mutsumi/bye01.mtn","fed070d4014f2a363ec1c3f385e8f454be8237100f8aa3c64af0605f4c307628"
"mutsumi/idle01","1","mutsumi","30","181","6","L01","R01","0s:01","0s:01","../.mtn_exp/motions/PARAM_IMPORT__37/mutsumi/idle01.mtn","09ad0dfc4543aad0f4cb356f5700936d64bd458f88b3b3b158cda10693d6535f"
"mutsumi/kime01","1","mutsumi","30","132","4.367","L05","R01","0s:05","0s:01","../.mtn_exp/motions/PARAM_IMPORT__37/mutsumi/kime01.mtn","e427911885e1c7dca7c464cab3c251c773f621a0b3ae51fce6ba1b53eda604cf"
"mutsumi/maskon/angry01","1","mutsumi","30","121","4","L01","R01","0s:01","0s:01","../.mtn_exp/motions/PARAM_IMPORT__37/mutsumi/maskon_angry01.mtn","814d0fa556f4f3ef87b7361159fc8f1b22a126827791af01c0f0971e5378f1ed"
"mutsumi/maskon/bow","1","mutsumi","30","167","5.533","L07","R05","0s:07","0s:05","../.mtn_exp/motions/PARAM_IMPORT__37/mutsumi/maskon_bow.mtn","cb570a70beffe548bdd04b2e452e29edb7ab96a394c2194cfb7e9b652d418d16"
"mutsumi/maskon/bye01","1","mutsumi","30","167","5.533","L01","R01","0s:01","0s:01","../.mtn_exp/motions/PARAM_IMPORT__37/mutsumi/maskon_bye01.mtn","0a1bcdd2e83dafad2d5abfcdb5d4cf1ac92eb369f1bd75411ec0b6f38f2f6da7"
"mutsumi/maskon/idle01","1","mutsumi","30","181","6","L01","R01","0s:01","0s:01","../.mtn_exp/motions/PARAM_IMPORT__37/mutsumi/maskon_idle01.mtn","d59c1e67abafad8df57ee98814ee027505d617e6b8f33f475b65856d9c09f1f1"
"mutsumi/maskon/kime01","1","mutsumi","30","132","4.367","L05","R01","0s:05","0s:01","../.mtn_exp/motions/PARAM_IMPORT__37/mutsumi/maskon_kime01.mtn","8c57112e83043e88a2c744b7b143a668742ce79c99a555f1501eb266aa947890"
"mutsumi/maskon/nf_left01","1","mutsumi","30","121","4","L01","R01","0s:01","0s:01","../.mtn_exp/motions/PARAM_IMPORT__37/mutsumi/maskon_nf_left01.mtn","25da56c2bb671418c47891b636e6095355ba16679d254317f7090d65b39c95aa"
"mutsumi/maskon/nf_right01","1","mutsumi","30","121","4","L07","R05","0s:07","0s:05","../.mtn_exp/motions/PARAM_IMPORT__37/mutsumi/maskon_nf_right01.mtn","8827af32b2eb50adb39475e53cc3d6ef1b2e87f35bae99e09acdd9633be5ece0"
"mutsumi/maskon/nf01","1","mutsumi","30","124","4.1","L01","R01","0s:01","0s:01","../.mtn_exp/motions/PARAM_IMPORT__37/mutsumi/maskon_nf01.mtn","228200c62b2816714857aa0fc2b21ec8df7ceb8037911e899126d4ac08ba6176"
"mutsumi/maskon/nf02","1","mutsumi","30","107","3.533","L01","R01","0s:01","0s:01","../.mtn_exp/motions/PARAM_IMPORT__37/mutsumi/maskon_nf02.mtn","69910727457b94f8ab08082a2a5c4843b3fd137497b092073d90e4be7ccf3380"
"mutsumi/maskon/nf03","1","mutsumi","30","138","4.567","L07","R01","0s:07","0s:01","../.mtn_exp/motions/PARAM_IMPORT__37/mutsumi/maskon_nf03.mtn","881e599de39d5dd3faa89472810e6660c3e9fb35687680bf5806a738d0d55cef"
"mutsumi/maskon/nf04","1","mutsumi","30","126","4.167","L01","R01","0s:01","0s:01","../.mtn_exp/motions/PARAM_IMPORT__37/mutsumi/maskon_nf04.mtn","747dab790cf45055d856d1cd32a48ff27481d5f8ef091e7cb0fac9ec649e716a"
"mutsumi/maskon/nf05","1","mutsumi","30","119","3.933","L05","R01","0s:05","0s:01","../.mtn_exp/motions/PARAM_IMPORT__37/mutsumi/maskon_nf05.mtn","413b039d68eb31b788b7facd9d8c6075788eddc8ccf378bb8c263287a07661ce"
"mutsumi/maskon/nnf_left01","1","mutsumi","30","121","4","L01","R01","0s:01","0s:01","../.mtn_exp/motions/PARAM_IMPORT__37/mutsumi/maskon_nnf_left01.mtn","8417296424d7c4e195cee14f86b41eddf7f7cb7005ed9cf5a13b8f0ab226181e"
"mutsumi/maskon/nnf_right01","1","mutsumi","30","124","4.1","L07","R05","0s:07","0s:05","../.mtn_exp/motions/PARAM_IMPORT__37/mutsumi/maskon_nnf_right01.mtn","7452ff453b45d68ae8c504ef52422809fa223b2f28722ed9a83fc92f5d957747"
"mutsumi/maskon/nnf01","1","mutsumi","30","124","4.1","L01","R01","0s:01","0s:01","../.mtn_exp/motions/PARAM_IMPORT__37/mutsumi/maskon_nnf01.mtn","267100cf0e9c116b3d92ff6f26b5450a08aa626e4f8ebb31f06a6fcad712d099"
"mutsumi/maskon/nnf02","1","mutsumi","30","107","3.533","L01","R01","0s:01","0s:01","../.mtn_exp/motions/PARAM_IMPORT__37/mutsumi/maskon_nnf02.mtn","6d3cadbc622690e1ad1c64eecdef3e49434dd65556894b619994b4e684e3137c"
"mutsumi/maskon/nnf03","1","mutsumi","30","138","4.567","L07","R01","0s:07","0s:01","../.mtn_exp/motions/PARAM_IMPORT__37/mutsumi/maskon_nnf03.mtn","35231977333138d5438f8edcbcf8d87dd595af6ddbff8f89be674a5cca23d073"
"mutsumi/maskon/nnf04","1","mutsumi","30","126","4.167","L01","R01","0s:01","0s:01","../.mtn_exp/motions/PARAM_IMPORT__37/mutsumi/maskon_nnf04.mtn","d119657e2e1154eeab593016633bbd874311385df43ae57783e4d830f1299f45"
"mutsumi/maskon/nnf05","1","mutsumi","30","119","3.933","L05","R01","0s:05","0s:01","../.mtn_exp/motions/PARAM_IMPORT__37/mutsumi/maskon_nnf05.mtn","c3961e29b6bdbef6322d1ca886037c6373a2e9f39d729e29adb69bc60166207f"
"mutsumi/maskon/odoodo01","1","mutsumi","30","119","3.933","L07","R05","0s:07","0s:05","../.mtn_exp/motions/PARAM_IMPORT__37/mutsumi/maskon_odoodo01.mtn","67f3fbf6f773b10d4e7effb212657bf12eece3c2d0223599308d21bf353f1484"
"mutsumi/maskon/sad01","1","mutsumi","30","131","4.333","L01","R01","0s:01","0s:01","../.mtn_exp/motions/PARAM_IMPORT__37/mutsumi/maskon_sad01.mtn","dc1ad47318365fdecc86af953f5a229046a2ab93abe35566db4fb5343273848c"
"mutsumi/maskon/sad02","1","mutsumi","30","131","4.333","L01","R01","0s:01","0s:01","../.mtn_exp/motions/PARAM_IMPORT__37/mutsumi/maskon_sad02.mtn","51d6ee46b1cc4c15567ef35485e4330f7011ef857f685a8c0eed59e9a4a77b61"
"mutsumi/maskon/sad03","1","mutsumi","30","124","4.1","L05","R05","0s:05","0s:05","../.mtn_exp/motions/PARAM_IMPORT__37/mutsumi/maskon_sad03.mtn","b71e221dff46ed99abd3db3e9a5776c6b5a604d2799f46e3f5b60436aec97aff"
"mutsumi/maskon/sad04","1","mutsumi","30","131","4.333","L05","R05","0s:05","0s:05","../.mtn_exp/motions/PARAM_IMPORT__37/mutsumi/maskon_sad04.mtn","fde425f173ae3fc1b2b7a133e2fe0608633ac966ee9931ea3a91c3623892330c"
"mutsumi/maskon/smile01","1","mutsumi","30","136","4.5","L01","R01","0s:01","0s:01","../.mtn_exp/motions/PARAM_IMPORT__37/mutsumi/maskon_smile01.mtn","bf8a04dc4c258d31a87384c355fb858f038d64481ca7544bb2e1a23f6adfdd9d"
"mutsumi/maskon/smile02","1","mutsumi","30","136","4.5","L01","R01","0s:01","0s:01","../.mtn_exp/motions/PARAM_IMPORT__37/mutsumi/maskon_smile02.mtn","685c4f3b480d069a864f9773662d41455a61b65aa0da87358df679f4606de7aa"
"mutsumi/maskon/smile04","1","mutsumi","30","136","4.5","L01","R05","0s:01","0s:05","../.mtn_exp/motions/PARAM_IMPORT__37/mutsumi/maskon_smile04.mtn","e9362f983d8bce542ae5858a7c3aec27e44303b8ca617c47e1db7132d6bab670"
"mutsumi/maskon/surprised01","1","mutsumi","30","98","3.233","L01","R01","0s:01","0s:01","../.mtn_exp/motions/PARAM_IMPORT__37/mutsumi/maskon_surprised01.mtn","a58bb13f2654ef767b074dbb8e6a1d82617f6ac8e58c1ca9ffbaf83cb27b66ce"
"mutsumi/maskon/thinking01","1","mutsumi","30","150","4.967","L07","R05","0s:07","0s:05","../.mtn_exp/motions/PARAM_IMPORT__37/mutsumi/maskon_thinking01.mtn","c28ac8715c0376e8d5028a03bf660a2097247c4ff90cab5561db3a44f9f5fffd"
"mutsumi/mts/angry01","1","mutsumi","30","121","4","L02","R02","0s:02","0s:02","../.mtn_exp/motions/PARAM_IMPORT__37/mutsumi/mts_angry01.mtn","f93ed793985930190fa1f253d2eb222b9fb20b08d11a528d82bb411ee04ea13b"
"mutsumi/mts/angry02","1","mutsumi","30","100","3.3","L05","R05","0s:05","0s:05","../.mtn_exp/motions/PARAM_IMPORT__37/mutsumi/mts_angry02.mtn","4135c154742e6e195eb598e40bc62b502ce3efd60f23b19a328a019e89633785"
"mutsumi/mts/angry03","1","mutsumi","30","121","4","L05","R05","0s:05","0s:05","../.mtn_exp/motions/PARAM_IMPORT__37/mutsumi/mts_angry03.mtn","91fabbde2d304bc5f1e0714c915feff34f5ab8081a69c437114f84efac3bda8e"
"mutsumi/mts/angry04","1","mutsumi","30","90","2.967","L05","R06, R09","0s:05","0s:06 → 0.633s:— → 0.733s:09","../.mtn_exp/motions/PARAM_IMPORT__37/mutsumi/mts_angry04.mtn","db39d5ffbeb6de2b883dd235b7c23582697dbe46536e044ea689598f8434d934"
"mutsumi/mts/cry01","1","mutsumi","30","120","3.967","L05","R05","0s:05","0s:05","../.mtn_exp/motions/PARAM_IMPORT__37/mutsumi/mts_cry01.mtn","06574da38dce032cf5e694b59dc0651a4381147c0fc2b4a3a84454f82acc0149"
"mutsumi/mts/idle01","1","mutsumi","30","181","6","L01","R01","0s:01","0s:01","../.mtn_exp/motions/PARAM_IMPORT__37/mutsumi/mts_idle01.mtn","9cbf7f3063cf00a73e9961a261d081b806b74d44fbaf1b2c73bc994888d9ecd2"
"mutsumi/mts/nf_left01","1","mutsumi","30","121","4","L07","R05","0s:07","0s:05","../.mtn_exp/motions/PARAM_IMPORT__37/mutsumi/mts_nf_left01.mtn","39bef50e40b269c92c122393ae65388429dce06f5062ebcaa953f0448f216b98"
"mutsumi/mts/nf_right01","1","mutsumi","30","121","4","L07","R05","0s:07","0s:05","../.mtn_exp/motions/PARAM_IMPORT__37/mutsumi/mts_nf_right01.mtn","fbd2df5fe4cecc1969349416993f15fee1283fe7706f7a4e590ab2d252e2c6d7"
"mutsumi/mts/nf01","1","mutsumi","30","124","4.1","L01","R01","0s:01","0s:01","../.mtn_exp/motions/PARAM_IMPORT__37/mutsumi/mts_nf01.mtn","8275383f76bed7308200a22964634ffdf0d3006a85261b85229db6a460c91210"
"mutsumi/mts/nf02","1","mutsumi","30","107","3.533","L01","R01","0s:01","0s:01","../.mtn_exp/motions/PARAM_IMPORT__37/mutsumi/mts_nf02.mtn","9764f393dba037fdfca30273cc25559c84adf8ed04fa097355171269c7861e5d"
"mutsumi/mts/nf03","1","mutsumi","30","138","4.567","L01","R05","0s:01","0s:05","../.mtn_exp/motions/PARAM_IMPORT__37/mutsumi/mts_nf03.mtn","5cbfc22326c44f31805dda0219372035488567312bf76f33da98c489873da8a3"
"mutsumi/mts/nf04","1","mutsumi","30","116","3.833","L01","R01","0s:01","0s:01","../.mtn_exp/motions/PARAM_IMPORT__37/mutsumi/mts_nf04.mtn","0a53ab93b4c3d3ad9182cb32e0757e41e05b339e4331ed787b42023d47139894"
"mutsumi/mts/nf05","1","mutsumi","30","119","3.933","L02","R01","0s:02","0s:01","../.mtn_exp/motions/PARAM_IMPORT__37/mutsumi/mts_nf05.mtn","42fc3a09d8b70cfb5f0eed82a9d96273dc449dc903db6d948ba74bc3a701fa24"
"mutsumi/mts/nnf_left01","1","mutsumi","30","121","4","L07","R05","0s:07","0s:05","../.mtn_exp/motions/PARAM_IMPORT__37/mutsumi/mts_nnf_left01.mtn","f726497528e5bdca65a24109237c877eae9a45867b9885d54dfd99467dc90b01"
"mutsumi/mts/nnf_right01","1","mutsumi","30","121","4","L07","R05","0s:07","0s:05","../.mtn_exp/motions/PARAM_IMPORT__37/mutsumi/mts_nnf_right01.mtn","1e515528f85f60445252270212bda293f03b54fbf6e5a5237d99776f3f2103f2"
"mutsumi/mts/nnf01","1","mutsumi","30","124","4.1","L01","R01","0s:01","0s:01","../.mtn_exp/motions/PARAM_IMPORT__37/mutsumi/mts_nnf01.mtn","9042f6d3727fb72eafad5a2d53256e4661156584a91c4b4d2aca700a9e192dc8"
"mutsumi/mts/nnf02","1","mutsumi","30","107","3.533","L01","R01","0s:01","0s:01","../.mtn_exp/motions/PARAM_IMPORT__37/mutsumi/mts_nnf02.mtn","e127ad036b91810867e95bca93a2711fd63028a86d73d38b99d3a136889fb9ab"
"mutsumi/mts/nnf03","1","mutsumi","30","138","4.567","L01","R05","0s:01","0s:05","../.mtn_exp/motions/PARAM_IMPORT__37/mutsumi/mts_nnf03.mtn","9d635a3940d6f165396a5a8e63beaa130817f05b1f2260152c51faa4b8adbdb7"
"mutsumi/mts/nnf04","1","mutsumi","30","116","3.833","L01","R01","0s:01","0s:01","../.mtn_exp/motions/PARAM_IMPORT__37/mutsumi/mts_nnf04.mtn","4d1b7f4a4975e40eb20267f91d0931a2c2bfc891177d8c311bba5de8c129e16e"
"mutsumi/mts/nnf05","1","mutsumi","30","119","3.933","L02","R01","0s:02","0s:01","../.mtn_exp/motions/PARAM_IMPORT__37/mutsumi/mts_nnf05.mtn","1a15a6ccb67b846a492c7fad6fa35d5cadf1bd27d37edd83f89f0a37c5b6286f"
"mutsumi/mts/sad01","1","mutsumi","30","131","4.333","L05","R05","0s:05","0s:05","../.mtn_exp/motions/PARAM_IMPORT__37/mutsumi/mts_sad01.mtn","bab20ba0f6c864e9f8fe2bfad3ed35bdf6778c82ea194b4f0589fbd2e0da3030"
"mutsumi/mts/sad02","1","mutsumi","30","100","3.3","L07","R05","0s:07","0s:05","../.mtn_exp/motions/PARAM_IMPORT__37/mutsumi/mts_sad02.mtn","33a69f1b719050f03479824ecfc4802c439f7d0d894c464a93c3d813f4f85412"
"mutsumi/mts/sad03","1","mutsumi","30","140","4.633","L07","R05","0s:07","0s:05","../.mtn_exp/motions/PARAM_IMPORT__37/mutsumi/mts_sad03.mtn","03c290eaf00ce92727b5e0befd7511e11b8dc7432e50a05b183f7bc479c34a98"
"mutsumi/mts/smile01","1","mutsumi","30","136","4.5","L05","R01","0s:05","0s:01","../.mtn_exp/motions/PARAM_IMPORT__37/mutsumi/mts_smile01.mtn","1be5e49226dc08a6d0d0b4e25d563acecc6e34c4984595bc50b95570a259d72f"
"mutsumi/mts/smile02","1","mutsumi","30","130","4.3","L03","R01","0s:03","0s:01","../.mtn_exp/motions/PARAM_IMPORT__37/mutsumi/mts_smile02.mtn","3e2e91dc6716fde41afd74744baf0b296e3a748c20d8c8bd82ace8d591d36a5e"
"mutsumi/mts/smile03","1","mutsumi","30","110","3.633","L07","R01","0s:07","0s:01","../.mtn_exp/motions/PARAM_IMPORT__37/mutsumi/mts_smile03.mtn","8ab0413fe06a0d54626b6bbcb60597b17e8890467f8e9e2d330a001d5d9cfd78"
"mutsumi/nf_left01","1","mutsumi","30","121","4","L01","R01","0s:01","0s:01","../.mtn_exp/motions/PARAM_IMPORT__37/mutsumi/nf_left01.mtn","f1cba3b72fecd94fbfebfb62bb7929a3a604329d9f6ffaba035f8f683d29ebbf"
"mutsumi/nf_right01","1","mutsumi","30","121","4","L07","R05","0s:07","0s:05","../.mtn_exp/motions/PARAM_IMPORT__37/mutsumi/nf_right01.mtn","460106a73b07b7ea155bb41e3d312690f585013bdbe7d9c4db56332c478701ad"
"mutsumi/nf01","1","mutsumi","30","124","4.1","L01","R01","0s:01","0s:01","../.mtn_exp/motions/PARAM_IMPORT__37/mutsumi/nf01.mtn","16b7f92d0e7aa91c9eda36f3e0dcd5a1b5db5dcd854a9830004879cc69876dd7"
"mutsumi/nf02","1","mutsumi","30","107","3.533","L01","R01","0s:01","0s:01","../.mtn_exp/motions/PARAM_IMPORT__37/mutsumi/nf02.mtn","d9d1c4ea93f909976e925b77d2ea3470f01a5d4349c6454ee162009daad0e59f"
"mutsumi/nf03","1","mutsumi","30","138","4.567","L07","R01","0s:07","0s:01","../.mtn_exp/motions/PARAM_IMPORT__37/mutsumi/nf03.mtn","8795af3ebe5a0d69ceaff4bbc7aa4213494842f336aea31489b8e936b0406d48"
"mutsumi/nf04","1","mutsumi","30","126","4.167","L01","R01","0s:01","0s:01","../.mtn_exp/motions/PARAM_IMPORT__37/mutsumi/nf04.mtn","8b65c8460f2e2611d2231e25ffee5b36f9f90c6dd15363bc4cab2aec10b83f60"
"mutsumi/nf05","1","mutsumi","30","119","3.933","L05","R01","0s:05","0s:01","../.mtn_exp/motions/PARAM_IMPORT__37/mutsumi/nf05.mtn","407a9623da25485f408a9dc1dbb444553a47c3fb8a91d14f1f220aa766ac82b7"
"mutsumi/nnf_left01","1","mutsumi","30","121","4","L01","R01","0s:01","0s:01","../.mtn_exp/motions/PARAM_IMPORT__37/mutsumi/nnf_left01.mtn","1a103973572489eb6fdb503837d94af7ecef8c4ebbf3808fc69e8db26e6ba73d"
"mutsumi/nnf_right01","1","mutsumi","30","124","4.1","L07","R05","0s:07","0s:05","../.mtn_exp/motions/PARAM_IMPORT__37/mutsumi/nnf_right01.mtn","e6f7bff0ca8e44ae213b0b95f5e36c03923f4b6b5aad582247c28a8ff1a24883"
"mutsumi/nnf01","1","mutsumi","30","124","4.1","L01","R01","0s:01","0s:01","../.mtn_exp/motions/PARAM_IMPORT__37/mutsumi/nnf01.mtn","573ec7b766b986a0f9d8b4d6f0070afcc911fb13f491460b76e1d71b445b510b"
"mutsumi/nnf02","1","mutsumi","30","107","3.533","L01","R01","0s:01","0s:01","../.mtn_exp/motions/PARAM_IMPORT__37/mutsumi/nnf02.mtn","abcb82ae4adcec634fd5e4f2acf393f773618c90bbeaf3721c2c98ae4acfa13d"
"mutsumi/nnf03","1","mutsumi","30","138","4.567","L07","R01","0s:07","0s:01","../.mtn_exp/motions/PARAM_IMPORT__37/mutsumi/nnf03.mtn","840291ffbf1362d4f6ebfd02cdae9c0195ba17320597c3da7ae52940489b9646"
"mutsumi/nnf04","1","mutsumi","30","126","4.167","L01","R01","0s:01","0s:01","../.mtn_exp/motions/PARAM_IMPORT__37/mutsumi/nnf04.mtn","c1bbbbf65e3b4110ed6f3d9d2390be5a6b7aa96312207588406479346d34f5e1"
"mutsumi/nnf05","1","mutsumi","30","119","3.933","L05","R01","0s:05","0s:01","../.mtn_exp/motions/PARAM_IMPORT__37/mutsumi/nnf05.mtn","1d5374b871c7f7325c1ae02ce2dda85eec7780a5161894d617c6bca08d273d3d"
"mutsumi/odoodo01","1","mutsumi","30","119","3.933","L07","R05","0s:07","0s:05","../.mtn_exp/motions/PARAM_IMPORT__37/mutsumi/odoodo01.mtn","ef4765498fa4fa55079d5358200aa4d8c211f4822d764abb6077eb627a0625f1"
"mutsumi/sad01","1","mutsumi","30","131","4.333","L01","R01","0s:01","0s:01","../.mtn_exp/motions/PARAM_IMPORT__37/mutsumi/sad01.mtn","c100a1cfe69298053865400348e4cecdf7ea76f7acb4b36d14dce930729f8cab"
"mutsumi/sad02","1","mutsumi","30","131","4.333","L01","R01","0s:01","0s:01","../.mtn_exp/motions/PARAM_IMPORT__37/mutsumi/sad02.mtn","681d29f3cd9f4e5778cc109b3a9285776d316f3f0ee2543a3d5adffedda2284c"
"mutsumi/sad03","1","mutsumi","30","124","4.1","L05","R05","0s:05","0s:05","../.mtn_exp/motions/PARAM_IMPORT__37/mutsumi/sad03.mtn","3f23640bbfe2305bd51bfb90f4c47e203908859ce1644498c17a46a9b72f5b6c"
"mutsumi/sad04","1","mutsumi","30","131","4.333","L05","R05","0s:05","0s:05","../.mtn_exp/motions/PARAM_IMPORT__37/mutsumi/sad04.mtn","ff0550390dce988c7db51c089c6000abdce20f3c1e2fbdd227475a6a026b671b"
"mutsumi/smile01","1","mutsumi","30","136","4.5","L01","R01","0s:01","0s:01","../.mtn_exp/motions/PARAM_IMPORT__37/mutsumi/smile01.mtn","fb57e936ed474089a201ec4b4f58ab0cc3a6b598aa44456b4798252fb01d8f17"
"mutsumi/smile02","1","mutsumi","30","136","4.5","L01","R01","0s:01","0s:01","../.mtn_exp/motions/PARAM_IMPORT__37/mutsumi/smile02.mtn","e5b945f85e49c1660852384d3e6d29fe37e01a6843520e98a22903f2c68a71f1"
"mutsumi/smile04","1","mutsumi","30","136","4.5","L01","R05","0s:01","0s:05","../.mtn_exp/motions/PARAM_IMPORT__37/mutsumi/smile04.mtn","06ee467e77f82926e4b28e7d7b94735108db78c28d129e0a9cf77f1d6a617899"
"mutsumi/surprised01","1","mutsumi","30","98","3.233","L01","R01","0s:01","0s:01","../.mtn_exp/motions/PARAM_IMPORT__37/mutsumi/surprised01.mtn","26d7478e8fc658d222a7ac7a404d2b30086db2975582e10345f0dd9a0f63249e"
"mutsumi/surprised02","1","mutsumi","30","107","3.533","L05, L07","R05, R09","0s:07 → 1s:05","0s:09 → 1s:05","../.mtn_exp/motions/PARAM_IMPORT__37/mutsumi/surprised02.mtn","49a819f359125a673c6c857252f40979b1d54a712ace0fddbe3ba1e25c5d8e15"
"mutsumi/thinking01","1","mutsumi","30","150","4.967","L07","R05","0s:07","0s:05","../.mtn_exp/motions/PARAM_IMPORT__37/mutsumi/thinking01.mtn","58319cd567c04e2804f36423394103ca5919821f0213a5e255868e4b3a1692e8"
"nyamu/angry01","1","nyamu","30","120","3.967","L01","R01","0s:01","0s:01","../.mtn_exp/motions/PARAM_IMPORT__37/nyamu/angry01.mtn","4cc7b33cb89f8a75aa7deba1b38aa487f6d0e25b3f673b15d2cdcb3e7964891a"
"nyamu/bored","1","nyamu","30","141","4.667","L02","R02","0s:02","0s:02","../.mtn_exp/motions/PARAM_IMPORT__37/nyamu/bored.mtn","fb2820af79af5b9bb6dedd401f0d7b1822c8cf9663bb4daffd0220f3d07e9630"
"nyamu/bow","1","nyamu","30","119","3.933","L03, L04","R01","0s:04 → 1.6s:03","0s:01","../.mtn_exp/motions/PARAM_IMPORT__37/nyamu/bow.mtn","97391d3ee230ff60c98e84f7f7a77f43145f1ce206d6395c01be7b7b07092ebe"
"nyamu/bye01","1","nyamu","30","109","3.6","L04","R04","0s:04","0s:04","../.mtn_exp/motions/PARAM_IMPORT__37/nyamu/bye01.mtn","0e43dc4ab0d9d55bfc4f5dfab22466113083e9e99dabb3ffea2e4935fd2ac3cf"
"nyamu/cry01","1","nyamu","30","169","5.6","L01","R01","0s:01","0s:01","../.mtn_exp/motions/PARAM_IMPORT__37/nyamu/cry01.mtn","9ca5279ede977c6611eba80c39cd08e0551b54f772654a3876f2ded3c4ee6dec"
"nyamu/idle01","1","nyamu","30","210","6.967","L01","R01","0s:01","0s:01","../.mtn_exp/motions/PARAM_IMPORT__37/nyamu/idle01.mtn","d49b523040f7b378a60a766627ccd9b82d4a1f5a6dd777b7716156fc6c51cc8e"
"nyamu/kime01","1","nyamu","30","123","4.067","L04","R01","0s:04","0s:01","../.mtn_exp/motions/PARAM_IMPORT__37/nyamu/kime01.mtn","5868d24054af0eb30bed981a010bed5c246a3a290be4a0722ec9f42e4cdc513f"
"nyamu/kime02","1","nyamu","30","123","4.067","L05","R05","0s:05","0s:05","../.mtn_exp/motions/PARAM_IMPORT__37/nyamu/kime02.mtn","bc128ae83d10cfcc3467656ccaaf2893a61d89e604e82d98bfe2656b4756d1b4"
"nyamu/maskoff","1","nyamu","30","129","4.267","L04, L07","R01, R05","0s:07 → 1.367s:04","0s:05 → 1.367s:01","../.mtn_exp/motions/PARAM_IMPORT__37/nyamu/maskoff.mtn","605db9b5aed444a3f960e05bb159a713efa6f4247a076ee9fef0e928c9bff75a"
"nyamu/maskon/angry01","1","nyamu","30","120","3.967","L01","R01","0s:01","0s:01","../.mtn_exp/motions/PARAM_IMPORT__37/nyamu/maskon_angry01.mtn","62eee915b63ce4cfaa90a93fec0383bc398826597dcde5ad673e47d538a76eb8"
"nyamu/maskon/bored","1","nyamu","30","141","4.667","L02","R02","0s:02","0s:02","../.mtn_exp/motions/PARAM_IMPORT__37/nyamu/maskon_bored.mtn","7e77a19df65ef7ac739beb352d984bae039bc5a9248ac0ee89e97e09deb05005"
"nyamu/maskon/bow","1","nyamu","30","119","3.933","L03, L04","R01","0s:04 → 1.6s:03","0s:01","../.mtn_exp/motions/PARAM_IMPORT__37/nyamu/maskon_bow.mtn","7076b153f70044b0b3b9a1d85c725bb89def1447934a839446e01bffeedf63a4"
"nyamu/maskon/bye01","1","nyamu","30","109","3.6","L04","R04","0s:04","0s:04","../.mtn_exp/motions/PARAM_IMPORT__37/nyamu/maskon_bye01.mtn","39e317d576f4a36eb418413e90b9429eaf50111fc9107ce2a14423877dea469a"
"nyamu/maskon/cry01","1","nyamu","30","169","5.6","L01","R01","0s:01","0s:01","../.mtn_exp/motions/PARAM_IMPORT__37/nyamu/maskon_cry01.mtn","37dc6502e2b4e681fc38ea72952e7a864cdd8bd7435ae0a23641b1e12090c496"
"nyamu/maskon/idle01","1","nyamu","30","210","6.967","L01","R01","0s:01","0s:01","../.mtn_exp/motions/PARAM_IMPORT__37/nyamu/maskon_idle01.mtn","0c6ba7e781053a5fcc90903ebf9ff3e57765de25dd8812077c9df0d8f8907d85"
"nyamu/maskon/kime01","1","nyamu","30","123","4.067","L04","R01","0s:04","0s:01","../.mtn_exp/motions/PARAM_IMPORT__37/nyamu/maskon_kime01.mtn","2427aeb6a445e8e0ca0766221f2f17d9f6a5009f428db6986bd4f80bb05c1501"
"nyamu/maskon/kime02","1","nyamu","30","123","4.067","L05","R05","0s:05","0s:05","../.mtn_exp/motions/PARAM_IMPORT__37/nyamu/maskon_kime02.mtn","ae5120c0660727d673b564abb29891711be8d04ad3fa79b1445d586612f4fa5b"
"nyamu/maskon/nf_left01","1","nyamu","30","136","4.5","L01","R01","0s:01","0s:01","../.mtn_exp/motions/PARAM_IMPORT__37/nyamu/maskon_nf_left01.mtn","72401000ffef91ae51378bf35bf71c6803b4eb493b8a55236e6a7408b37f7659"
"nyamu/maskon/nf_right01","1","nyamu","30","134","4.433","L01","R01","0s:01","0s:01","../.mtn_exp/motions/PARAM_IMPORT__37/nyamu/maskon_nf_right01.mtn","43bfa98086c9c8a9a2391751cc2158f69caacca38f89642f9bed727baa5042e7"
"nyamu/maskon/nf01","1","nyamu","30","100","3.3","L01","R09","0s:01","0s:09","../.mtn_exp/motions/PARAM_IMPORT__37/nyamu/maskon_nf01.mtn","7b316f08ffda8e33e9d40a8bd6e6de7cbe8f80b72e85a6ed4ba07d2a051b6e0d"
"nyamu/maskon/nf02","1","nyamu","30","90","2.967","L01","R01","0s:01","0s:01","../.mtn_exp/motions/PARAM_IMPORT__37/nyamu/maskon_nf02.mtn","27b6dab005df65b667f73ba92e3865ef69d98c0292135d4b56807c2815172df5"
"nyamu/maskon/nf03","1","nyamu","30","140","4.633","L07","R01","0s:07","0s:01","../.mtn_exp/motions/PARAM_IMPORT__37/nyamu/maskon_nf03.mtn","691ae275b5ae5a78ac7a6db45c01ac677a80bc34d4ac61755dd0431006f9cff4"
"nyamu/maskon/nf04","1","nyamu","30","100","3.3","L01","R01","0s:01","0s:01","../.mtn_exp/motions/PARAM_IMPORT__37/nyamu/maskon_nf04.mtn","e94c1d5dc0527a2f12b71c75f149fcd89b73774d96fa9acd9adde3413ec7231c"
"nyamu/maskon/nf05","1","nyamu","30","118","3.9","L01","R02","0s:01","0s:02","../.mtn_exp/motions/PARAM_IMPORT__37/nyamu/maskon_nf05.mtn","c6c87da2b112643ef4dfaba14cef2cfc2b2e411c014d6cd69e9ffec843aa4383"
"nyamu/maskon/niyake","1","nyamu","30","107","3.533","L02, L05","R02","0s:05 → 0.933s:02","0s:02","../.mtn_exp/motions/PARAM_IMPORT__37/nyamu/maskon_niyake.mtn","80c115fd0bd8b3ba244bf4b08c773d3cb91089dfd351b4df56f3127b17b79b2d"
"nyamu/maskon/nnf_left01","1","nyamu","30","136","4.5","L01","R01","0s:01","0s:01","../.mtn_exp/motions/PARAM_IMPORT__37/nyamu/maskon_nnf_left01.mtn","43b1c35319701064ae6636a36372a0f3016c3698495861007baf15784aa5039f"
"nyamu/maskon/nnf_right01","1","nyamu","30","134","4.433","L01","R01","0s:01","0s:01","../.mtn_exp/motions/PARAM_IMPORT__37/nyamu/maskon_nnf_right01.mtn","95db9b95f8b871de62a3b89b055a2887f24e1737b52b6e5d1666e42c7ab78405"
"nyamu/maskon/nnf01","1","nyamu","30","100","3.3","L01","R09","0s:01","0s:09","../.mtn_exp/motions/PARAM_IMPORT__37/nyamu/maskon_nnf01.mtn","f16abc1912ab619b63f66bb3c2fff29aff065a7510da441543c3b88af1f4e510"
"nyamu/maskon/nnf02","1","nyamu","30","90","2.967","L01","R01","0s:01","0s:01","../.mtn_exp/motions/PARAM_IMPORT__37/nyamu/maskon_nnf02.mtn","0cf15bf2417299cb8b3379c5b0411c94cfb12fa66f5ee755d0f8eca3006d5585"
"nyamu/maskon/nnf03","1","nyamu","30","140","4.633","L07","R01","0s:07","0s:01","../.mtn_exp/motions/PARAM_IMPORT__37/nyamu/maskon_nnf03.mtn","2413ed1531e4c8235f7940cc16e949b4af98d7d735cf6e50584f1f72207d81bc"
"nyamu/maskon/nnf04","1","nyamu","30","100","3.3","L01","R01","0s:01","0s:01","../.mtn_exp/motions/PARAM_IMPORT__37/nyamu/maskon_nnf04.mtn","a1693c5ff6dc1871acf3e5e83c2d4aacd628bfad1b57d2f435635ac46cd5e449"
"nyamu/maskon/nnf05","1","nyamu","30","118","3.9","L01","R02","0s:01","0s:02","../.mtn_exp/motions/PARAM_IMPORT__37/nyamu/maskon_nnf05.mtn","b77d806816f7618e361edd60c479c5656426891b837d4f2d31dfd2cc292984af"
"nyamu/maskon/sad01","1","nyamu","30","131","4.333","L01","R05","0s:01","0s:05","../.mtn_exp/motions/PARAM_IMPORT__37/nyamu/maskon_sad01.mtn","13a3cad1760690912fe1b9aa11ceed7a3bb4cba6172ece04909b3915e016255a"
"nyamu/maskon/serious01","1","nyamu","30","120","3.967","L01","R01","0s:01","0s:01","../.mtn_exp/motions/PARAM_IMPORT__37/nyamu/maskon_serious01.mtn","1edcdca0be37d6513b8fff6043d99ebc464631a8d0c409e31961eba41c2ee09d"
"nyamu/maskon/smile01","1","nyamu","30","106","3.5","L06","R06","0s:06","0s:06","../.mtn_exp/motions/PARAM_IMPORT__37/nyamu/maskon_smile01.mtn","8b8bec55b8de6e02f0f5692fe1811120308510e293963827b44dc4c73a5f15b4"
"nyamu/maskon/smile02","1","nyamu","30","105","3.467","L05","R05","0s:05","0s:05","../.mtn_exp/motions/PARAM_IMPORT__37/nyamu/maskon_smile02.mtn","754dd0f4edf56cf162b93855d5b71a2b92ab53281d454c40966c32013e771fc0"
"nyamu/maskon/smile03","1","nyamu","30","122","4.033","L07","R09","0s:07","0s:09","../.mtn_exp/motions/PARAM_IMPORT__37/nyamu/maskon_smile03.mtn","6046caf32a0820d0bdfc90d792ae1b8d03a359d674ad8a10354d29282b443f62"
"nyamu/maskon/surprised01","1","nyamu","30","141","4.667","L03","R03","0s:03","0s:03","../.mtn_exp/motions/PARAM_IMPORT__37/nyamu/maskon_surprised01.mtn","c5db777148a1ef567520238bee31972f20817b63a6edcc8e5952f1468286b001"
"nyamu/maskon/surprised02","1","nyamu","30","101","3.333","L05, L07","R05, R09","0s:05 → 0.3s:07","0s:05 → 0.3s:09","../.mtn_exp/motions/PARAM_IMPORT__37/nyamu/maskon_surprised02.mtn","d89518be23e825323b0b9a43bed0b48f5186f932030879dd2ecf0af655754610"
"nyamu/nf_left01","1","nyamu","30","136","4.5","L01","R01","0s:01","0s:01","../.mtn_exp/motions/PARAM_IMPORT__37/nyamu/nf_left01.mtn","90d263e4ce854b3c845b0b5b2f4e0787e64076a1549d90560889def9d784674f"
"nyamu/nf_right01","1","nyamu","30","134","4.433","L01","R01","0s:01","0s:01","../.mtn_exp/motions/PARAM_IMPORT__37/nyamu/nf_right01.mtn","e2f4afda7b5671d97a75e4c02dd6a6edc02c7001b17123e04ced8bc0b67c759c"
"nyamu/nf01","1","nyamu","30","100","3.3","L01","R09","0s:01","0s:09","../.mtn_exp/motions/PARAM_IMPORT__37/nyamu/nf01.mtn","c8326d6a4eb1e2846fd7809c5fd258fe2f70f81feaf08c5bf7804de6a807e129"
"nyamu/nf02","1","nyamu","30","90","2.967","L01","R01","0s:01","0s:01","../.mtn_exp/motions/PARAM_IMPORT__37/nyamu/nf02.mtn","ca7bc14759ccb4cae9a5f5a03af4806e639e9752c212934fd7f57f0195453fe3"
"nyamu/nf03","1","nyamu","30","140","4.633","L07","R01","0s:07","0s:01","../.mtn_exp/motions/PARAM_IMPORT__37/nyamu/nf03.mtn","fdf89316c15e4f68e7d990b8a8fd64b83cb6d3c9ce18e74b9511f76cfe3c7e56"
"nyamu/nf04","1","nyamu","30","100","3.3","L01","R01","0s:01","0s:01","../.mtn_exp/motions/PARAM_IMPORT__37/nyamu/nf04.mtn","d85e8c2f96117a590d002ba61dff1400f8c6eb06f71e577fa3e942b4c3b929df"
"nyamu/nf05","1","nyamu","30","118","3.9","L01","R02","0s:01","0s:02","../.mtn_exp/motions/PARAM_IMPORT__37/nyamu/nf05.mtn","59a6bb0cffc83e93627e29857f536fda26b8ba73eddef7e94524fb7a940733ac"
"nyamu/niyake","1","nyamu","30","107","3.533","L02, L05","R02","0s:05 → 0.933s:02","0s:02","../.mtn_exp/motions/PARAM_IMPORT__37/nyamu/niyake.mtn","bc3f8e96f1158bde74508942a9a176788e5fef5e5aed7b3b391a9503927d90b4"
"nyamu/nnf_left01","1","nyamu","30","136","4.5","L01","R01","0s:01","0s:01","../.mtn_exp/motions/PARAM_IMPORT__37/nyamu/nnf_left01.mtn","b5626f6c2b475a1511ab4090b5cefef6854d1183c503b20072421ff47063fc74"
"nyamu/nnf_right01","1","nyamu","30","134","4.433","L01","R01","0s:01","0s:01","../.mtn_exp/motions/PARAM_IMPORT__37/nyamu/nnf_right01.mtn","15fdf8526a3d4ad8c6bfc11d628ec643181fe94e61bb2dcea84d90df941a6328"
"nyamu/nnf01","1","nyamu","30","100","3.3","L01","R09","0s:01","0s:09","../.mtn_exp/motions/PARAM_IMPORT__37/nyamu/nnf01.mtn","990edadba9f7a18b2029bf2539efd6f7ff66e2516fb6501e1ae4e015aef39217"
"nyamu/nnf02","1","nyamu","30","90","2.967","L01","R01","0s:01","0s:01","../.mtn_exp/motions/PARAM_IMPORT__37/nyamu/nnf02.mtn","f829d88d61c496c06b0787bd3b0105f0253c2e8d5b0c0de9978cb101501a5844"
"nyamu/nnf03","1","nyamu","30","140","4.633","L07","R01","0s:07","0s:01","../.mtn_exp/motions/PARAM_IMPORT__37/nyamu/nnf03.mtn","fcbe7251bb64d8bb8a2e178dc6e6ed88d9db7f8fc4237891394633e78cf457d8"
"nyamu/nnf04","1","nyamu","30","100","3.3","L01","R01","0s:01","0s:01","../.mtn_exp/motions/PARAM_IMPORT__37/nyamu/nnf04.mtn","5d6857e6062a7a9bd49a66d6c9878943a695bd7c9dcac2db47fd4b2094f66dcf"
"nyamu/nnf05","1","nyamu","30","118","3.9","L01","R02","0s:01","0s:02","../.mtn_exp/motions/PARAM_IMPORT__37/nyamu/nnf05.mtn","db3ce2a5032ebdf63745b134e8053ecc348f5f58f872b67de94a9412e57b20e6"
"nyamu/sad01","1","nyamu","30","131","4.333","L01","R05","0s:01","0s:05","../.mtn_exp/motions/PARAM_IMPORT__37/nyamu/sad01.mtn","d907a2ebf1142ae992698b3ab52011f3992a5391feebd90d424e78b089b2d4db"
"nyamu/serious01","1","nyamu","30","120","3.967","L01","R01","0s:01","0s:01","../.mtn_exp/motions/PARAM_IMPORT__37/nyamu/serious01.mtn","b99a082362622ef4c7fe28412d035eeb99da6a320f765ab4c6284f51c1301894"
"nyamu/smile01","1","nyamu","30","106","3.5","L06","R06","0s:06","0s:06","../.mtn_exp/motions/PARAM_IMPORT__37/nyamu/smile01.mtn","c6e5499fe7a06b0300c302efd32747801daa07659e31eaf7696d1163f3346821"
"nyamu/smile02","1","nyamu","30","105","3.467","L05","R05","0s:05","0s:05","../.mtn_exp/motions/PARAM_IMPORT__37/nyamu/smile02.mtn","1ba32330adb694a8af8e7eb7e5c1ed08d7f9df0a2568fe58c36130af55f724fd"
"nyamu/smile03","1","nyamu","30","122","4.033","L07","R09","0s:07","0s:09","../.mtn_exp/motions/PARAM_IMPORT__37/nyamu/smile03.mtn","65b3e5bb6ef6c798c96396c19b01e14178b8703b1fc3fd9b18f94c772f6c0573"
"nyamu/surprised01","1","nyamu","30","141","4.667","L03","R03","0s:03","0s:03","../.mtn_exp/motions/PARAM_IMPORT__37/nyamu/surprised01.mtn","f8717190bd2d287c7ace424afe27dedc82ed471ce8bae3857526d40f3ce643a2"
"nyamu/surprised02","1","nyamu","30","101","3.333","L05, L07","R05, R09","0s:05 → 0.3s:07","0s:05 → 0.3s:09","../.mtn_exp/motions/PARAM_IMPORT__37/nyamu/surprised02.mtn","df39db8a6ce4c004de30d1ce448b7cac10831576f7da658c14550047f0a617f2"
"rana/angry01","1","rana","30","135","4.467","L01","R01","0s:01","0s:01","../.mtn_exp/motions/PARAM_IMPORT__37/rana/angry01.mtn","86011247b7892358e238a853a2a4171d34b742b01ee1e332ca104edad5a64034"
"rana/angry02","1","rana","30","150","4.967","L07","R09","0s:07","0s:09","../.mtn_exp/motions/PARAM_IMPORT__37/rana/angry02.mtn","be75701dcb61e6387b3b6eafa29cf383b99cd4358cd65dec251252e6554e5d94"
"rana/angry03","1","rana","30","135","4.467","L01","R01","0s:01","0s:01","../.mtn_exp/motions/PARAM_IMPORT__37/rana/angry03.mtn","55ed48de92d5e0a2ebb7b2e3c5d2c1164f291760a50642951ba1dcbedf59cb84"
"rana/bye01","1","rana","30","211","7","L01","R01","0s:01","0s:01","../.mtn_exp/motions/PARAM_IMPORT__37/rana/bye01.mtn","04028ad98872d02839963f65449e99723aed38cee0622e83cadb87763394aa0e"
"rana/cry01","1","rana","30","135","4.467","L01","R01","0s:01","0s:01","../.mtn_exp/motions/PARAM_IMPORT__37/rana/cry01.mtn","e2a8395cee706e8e7d3d0a97cd5ec4d7a51a832f3d14319610219b5ed5947170"
"rana/gacha_b2024_01","1","rana","30","180","5.967","L01","R02","0s:01","0s:02","../.mtn_exp/motions/PARAM_IMPORT__37/rana/gacha_b2024_01.mtn","d834242ebfd2f96f1ccedefeb16d5e680613df4bb5c5c0a3d5d2a29171beb7bb"
"rana/gacha_c_a_01","1","rana","30","270","8.967","L01","R05","0s:01","0s:05","../.mtn_exp/motions/PARAM_IMPORT__37/rana/gacha_c_a_01.mtn","7986d82572f1fa4d1db2d017dd11c9c4c95481828e349db3436b0a4ed0feafe3"
"rana/gacha_df3_01","1","rana","30","165","5.467","L01","R05","0s:01","0s:05","../.mtn_exp/motions/PARAM_IMPORT__37/rana/gacha_df3_01.mtn","0298826bbac34fe88488220e9ea26ac9c3fa64e938e67ed1c949e3c60df9ef05"
"rana/gacha_e240_01","1","rana","30","180","5.967","L01","R02","0s:01","0s:02","../.mtn_exp/motions/PARAM_IMPORT__37/rana/gacha_e240_01.mtn","8f816709665327a8e1b39742db30a27be39e15f3402b71cad40ca739048af648"
"rana/gacha_e286_01","1","rana","30","346","11.5","L03, L05","R01","0s:05 → 0.233s:03 → 2.3s:05","0s:01","../.mtn_exp/motions/PARAM_IMPORT__37/rana/gacha_e286_01.mtn","009baed927c6c535cc2366b00edcb96b90f7e324dc384ae5bd47e7405858d28e"
"rana/gacha_e287_01","1","rana","30","180","5.967","L01","R02","0s:01","0s:02","../.mtn_exp/motions/PARAM_IMPORT__37/rana/gacha_e287_01.mtn","d834242ebfd2f96f1ccedefeb16d5e680613df4bb5c5c0a3d5d2a29171beb7bb"
"rana/idle01","1","rana","30","180","5.967","L01","R01","0s:01","0s:01","../.mtn_exp/motions/PARAM_IMPORT__37/rana/idle01.mtn","fff70b043d3ceb6e8bec119640312f8543757a98da00c52745822c07b725842b"
"rana/kime01","1","rana","30","150","4.967","L01","R01","0s:01","0s:01","../.mtn_exp/motions/PARAM_IMPORT__37/rana/kime01.mtn","bbf7b2dcce7cf3ccde9c5beb32d0e51300be529da8679bb10aeeb3a3483c9f88"
"rana/nf_left01","1","rana","30","150","4.967","L01","R01","0s:01","0s:01","../.mtn_exp/motions/PARAM_IMPORT__37/rana/nf_left01.mtn","e7b0ad87c451e21f7a2788b43cfe9e9230be8a95fbdb0fd8aa05456812b91755"
"rana/nf_right01","1","rana","30","150","4.967","L01","R01","0s:01","0s:01","../.mtn_exp/motions/PARAM_IMPORT__37/rana/nf_right01.mtn","9f8a1e062650a2b566e97e38b671ad5f3a6ec5f8fa0ac2da012b1db136565d11"
"rana/nf01","1","rana","30","270","8.967","L01","R05","0s:01","0s:05","../.mtn_exp/motions/PARAM_IMPORT__37/rana/nf01.mtn","29cbdedbbba54e4267374e25011462ac757a5cba6a28bc61482eae8ff592ac85"
"rana/nf01_ingameV2","1","rana","30","150","4.967","L01","R01","0s:01","0s:01","../.mtn_exp/motions/PARAM_IMPORT__37/rana/nf01_ingameV2.mtn","5540c91bad26ea3eaa6e7c115492c2b42038c1dfc109c32b73a245168affa5c1"
"rana/nf02","1","rana","30","150","4.967","L01","R01","0s:01","0s:01","../.mtn_exp/motions/PARAM_IMPORT__37/rana/nf02.mtn","0eab12ba05013bac3898234a42156be39ecf92ee5ce233a6acb95a0fead328cd"
"rana/nf03","1","rana","30","165","5.467","L07","R01","0s:07","0s:01","../.mtn_exp/motions/PARAM_IMPORT__37/rana/nf03.mtn","ce97bd7695f909502ec6fbe29913012a5e3b89d8cbe734e0d3e8055d7063f868"
"rana/nf04","1","rana","30","165","5.467","L01","R01","0s:01","0s:01","../.mtn_exp/motions/PARAM_IMPORT__37/rana/nf04.mtn","22aa62d033cf62f26e1847924e54b0651d580c0a6decfc11999e2f0b9847de55"
"rana/nf05","1","rana","30","150","4.967","L01","R01","0s:01","0s:01","../.mtn_exp/motions/PARAM_IMPORT__37/rana/nf05.mtn","b8d7774e2afa09d16bcbcb599c3fc0afcbcb1c750e1df59731dd49dcf607a6d9"
"rana/niya01","1","rana","30","195","6.467","L01","R09","0s:01","0s:09","../.mtn_exp/motions/PARAM_IMPORT__37/rana/niya01.mtn","7c7774e927bb8d6ea9ab4d18f1470aa0b4619215df21ab447938fa1d4472dbf1"
"rana/nnf01","1","rana","30","150","4.967","L01","R01","0s:01","0s:01","../.mtn_exp/motions/PARAM_IMPORT__37/rana/nnf01.mtn","b9eaf0540741d564585ec59e44205d2dcc5bde398aef849c749b0f79a7bcdcab"
"rana/nnf04","1","rana","30","165","5.467","L01","R01","0s:01","0s:01","../.mtn_exp/motions/PARAM_IMPORT__37/rana/nnf04.mtn","c45114a29eabff2ddd252019b7a981a8e3c47c3d8becc33c896349caa8b8076c"
"rana/nnf05","1","rana","30","150","4.967","L01","R01","0s:01","0s:01","../.mtn_exp/motions/PARAM_IMPORT__37/rana/nnf05.mtn","f892c561ad611c2aae7083e218ba918e87c91d0b00d16c9fc050adbd6c44fcda"
"rana/sad01","1","rana","30","180","5.967","L01","R01","0s:01","0s:01","../.mtn_exp/motions/PARAM_IMPORT__37/rana/sad01.mtn","8a90a4bc98b9921b40ff8354788f430c11adf054c9c8b4aab635667c87829b18"
"rana/serious01","1","rana","30","165","5.467","L01","R01","0s:01","0s:01","../.mtn_exp/motions/PARAM_IMPORT__37/rana/serious01.mtn","b0988269a14756f13e450a704719a5b82d54717710bde026414e16b7d4667b59"
"rana/serious02","1","rana","30","165","5.467","L01","R09","0s:01","0s:09","../.mtn_exp/motions/PARAM_IMPORT__37/rana/serious02.mtn","ad49ab68b065d7fb4228f2b3de48aacc90d152bd146c6dd2626879ef93d7c08d"
"rana/shame01","1","rana","30","150","4.967","L07","R09","0s:07","0s:09","../.mtn_exp/motions/PARAM_IMPORT__37/rana/shame01.mtn","2fcef50da57dff3edbeba600458d995025910bc54e1de18b3cd83b6b801c3ccd"
"rana/sigh01","1","rana","30","150","4.967","L01","R01","0s:01","0s:01","../.mtn_exp/motions/PARAM_IMPORT__37/rana/sigh01.mtn","c94196976489d6a24f041c6c719f00983663c10cef9f7ab9d596b50221ef732d"
"rana/smile01","1","rana","30","346","11.5","L03, L05","R01","0s:05 → 0.233s:03 → 2.3s:05","0s:01","../.mtn_exp/motions/PARAM_IMPORT__37/rana/smile01.mtn","0ae152c6c31aa2d392d359b70d6cc1e53fa59334bd389e2aee000ba7b61d209e"
"rana/smile01_ingameV2","1","rana","30","165","5.467","L01","R05","0s:01","0s:05","../.mtn_exp/motions/PARAM_IMPORT__37/rana/smile01_ingameV2.mtn","95368ba04d7f9c1b3baf6a4bd51b3fc215bedd01f1d1a3593b9f64c548db6958"
"rana/smile02","1","rana","30","180","5.967","L01","R02","0s:01","0s:02","../.mtn_exp/motions/PARAM_IMPORT__37/rana/smile02.mtn","e2b421af70f3054cce3f634d5258089f653ee9c17f615c1dfb5f49d95fec7627"
"rana/smile04","1","rana","30","165","5.467","L01","R01","0s:01","0s:01","../.mtn_exp/motions/PARAM_IMPORT__37/rana/smile04.mtn","485c18fad4acf32f0ffc6dc1af5591d5b5d15f5d9cf7d8eb40664beb13f6fab7"
"rana/surprised01","1","rana","30","150","4.967","L01","R01","0s:01","0s:01","../.mtn_exp/motions/PARAM_IMPORT__37/rana/surprised01.mtn","eb79df0799a844a919447f297b7c5f3f19175d6ccf846f9d2f5d431965f7e02c"
"rana/thinking01","1","rana","30","210","6.967","L07","R01","0s:07","0s:01","../.mtn_exp/motions/PARAM_IMPORT__37/rana/thinking01.mtn","f4203dbb6a4493cc81e29da1a69237c7f4891e1f2543d6bd80c0e7b9d1c98641"
"sakiko/angry01","1","sakiko","30","125","4.133","L01","R01","0s:01","0s:01","../.mtn_exp/motions/PARAM_IMPORT__37/sakiko/angry01.mtn","6e77491d364f1fd8d3a2007bcf36dd102bd8fab76cba57a5ffa367dc61a5d403"
"sakiko/angry02","1","sakiko","30","121","4","L05","R05","0s:05","0s:05","../.mtn_exp/motions/PARAM_IMPORT__37/sakiko/angry02.mtn","fa527f318ddcf8bd64a2b53a42a60d60baa184ba31dc373d05835db739abfb0b"
"sakiko/angry03","1","sakiko","30","130","4.3","L07","R05","0s:07","0s:05","../.mtn_exp/motions/PARAM_IMPORT__37/sakiko/angry03.mtn","ac6b36d85b6734a20e112038a3d665e8cc840c97b9827c6c47c12e496fd7b1e0"
"sakiko/angry04","1","sakiko","30","115","3.8","L07","R01","0s:07","0s:01","../.mtn_exp/motions/PARAM_IMPORT__37/sakiko/angry04.mtn","a245e328690b98a3f104401be4d27297722b5c7c4c80986078d2eae6d1bd92bb"
"sakiko/angry05","1","sakiko","30","109","3.6","L07","R01","0s:07","0s:01","../.mtn_exp/motions/PARAM_IMPORT__37/sakiko/angry05.mtn","be57ef5d2f1169a0a9650badcf40bf471afbd2fa02eb106f0342df15268bd2cf"
"sakiko/angry06","1","sakiko","30","120","3.967","L07","R09","0s:07","0s:09","../.mtn_exp/motions/PARAM_IMPORT__37/sakiko/angry06.mtn","9e1100901f4d9e5083b1e39d0b5b059d88956ef766557a0271d7f46705fec8b8"
"sakiko/angry07","1","sakiko","30","123","4.067","L01","R05","0s:01","0s:05","../.mtn_exp/motions/PARAM_IMPORT__37/sakiko/angry07.mtn","9ba16241b990bd02a0b8c8d53f4308381f43478ece8b177775fe6654b411111e"
"sakiko/bow","1","sakiko","30","120","3.967","L01","R01","0s:01","0s:01","../.mtn_exp/motions/PARAM_IMPORT__37/sakiko/bow.mtn","b8adb4ca8d9cf660c33441e67c19fcffa003bec33a19d258dd85ce054d3301cd"
"sakiko/bye01","1","sakiko","30","127","4.2","L07","R05","0s:07","0s:05","../.mtn_exp/motions/PARAM_IMPORT__37/sakiko/bye01.mtn","25278911bf96df3197667c1e5bba756c3da5acaa68feb97f2aefdc3cef6385ba"
"sakiko/bye02","1","sakiko","30","127","4.2","L07","R05","0s:07","0s:05","../.mtn_exp/motions/PARAM_IMPORT__37/sakiko/bye02.mtn","47d059122f55dd6d2e6469637747b6953608511460eda7ee8e5472f04b1cb7e8"
"sakiko/cry01","1","sakiko","30","115","3.8","L07","R05","0s:07","0s:05","../.mtn_exp/motions/PARAM_IMPORT__37/sakiko/cry01.mtn","f4682adee5d01b84f3eb8d0a2b7b4b938ea4b008ed8fc6d76c658843ced05b2a"
"sakiko/cry02","1","sakiko","30","115","3.8","L07","R09","0s:07","0s:09","../.mtn_exp/motions/PARAM_IMPORT__37/sakiko/cry02.mtn","0ec807e26d30989c23e5bcf6377166f1ac8fb06a6faea85157e4cf28bfc27a95"
"sakiko/cry03","1","sakiko","30","130","4.3","L07","R05","0s:07","0s:05","../.mtn_exp/motions/PARAM_IMPORT__37/sakiko/cry03.mtn","65ad498eaf8c43a6f85fd048e1a53506c2e4d8aebb7feb3658cf94a902148bc3"
"sakiko/cry04","1","sakiko","30","117","3.867","L05","R05","0s:05","0s:05","../.mtn_exp/motions/PARAM_IMPORT__37/sakiko/cry04.mtn","031cdd2f13333a330ce1a3a04826687d4e7a82153f08f110889bdeacc418ccff"
"sakiko/cry05","1","sakiko","30","117","3.867","L05","R05","0s:05","0s:05","../.mtn_exp/motions/PARAM_IMPORT__37/sakiko/cry05.mtn","888ab0882a286f82483e0088f0818de8cb943e6cdf9e680d5db54afb4f92d73d"
"sakiko/cry06","1","sakiko","30","139","4.6","L05","R05","0s:05","0s:05","../.mtn_exp/motions/PARAM_IMPORT__37/sakiko/cry06.mtn","db0c1f2666b56209b78acfb789910a9106df7bca26c6c1865ef674e6f79304d2"
"sakiko/idle01","1","sakiko","30","210","6.967","L07","R05","0s:07","0s:05","../.mtn_exp/motions/PARAM_IMPORT__37/sakiko/idle01.mtn","3d30d06ca81fa42e660badc3145bef77e869332f0e7aa736cc5bb894bdd9ba74"
"sakiko/kime01","1","sakiko","30","122","4.033","L01","R09","0s:01","0s:09","../.mtn_exp/motions/PARAM_IMPORT__37/sakiko/kime01.mtn","38a55a182358e87db14c01431cad49cdb6f65110b2da4fe8c342e670888ca63c"
"sakiko/maskoff","1","sakiko","30","140","4.633","L05, L07","R01","0s:05 → 0.167s:07","0s:01","../.mtn_exp/motions/PARAM_IMPORT__37/sakiko/maskoff.mtn","566de66d0d19dac4f60d7fd9ae4ff0218fc359e15b8b8faeab7f8366edc46d58"
"sakiko/maskon/angry01","1","sakiko","30","125","4.133","L01","R01","0s:01","0s:01","../.mtn_exp/motions/PARAM_IMPORT__37/sakiko/maskon_angry01.mtn","5cd9a7dffb0a189f2559340ea9b13070225cc1c8337a2b1ae2e8dbc5e6f22a30"
"sakiko/maskon/angry02","1","sakiko","30","121","4","L05","R05","0s:05","0s:05","../.mtn_exp/motions/PARAM_IMPORT__37/sakiko/maskon_angry02.mtn","6b8f2ace744edd0d88035921913d256a6cf7458b5b15c44704e5f05f84b3c4d0"
"sakiko/maskon/angry03","1","sakiko","30","130","4.3","L07","R05","0s:07","0s:05","../.mtn_exp/motions/PARAM_IMPORT__37/sakiko/maskon_angry03.mtn","e9ce5621d957bd453a9806091733207efb770214ac1a35c33c0c7b62c194a967"
"sakiko/maskon/angry04","1","sakiko","30","115","3.8","L07","R01","0s:07","0s:01","../.mtn_exp/motions/PARAM_IMPORT__37/sakiko/maskon_angry04.mtn","4c9a6d446a8d596742246d9190bea4d929feeab297d02cff67e1554d1aa90092"
"sakiko/maskon/angry05","1","sakiko","30","109","3.6","L07","R01","0s:07","0s:01","../.mtn_exp/motions/PARAM_IMPORT__37/sakiko/maskon_angry05.mtn","3d180662606b06cd4df7a8abc00962dafd019e9a2ee0e7bbeef7c0da334fecd1"
"sakiko/maskon/angry06","1","sakiko","30","120","3.967","L07","R09","0s:07","0s:09","../.mtn_exp/motions/PARAM_IMPORT__37/sakiko/maskon_angry06.mtn","1c8f845cfc09995fd4b4a87fc2539b2915bdfeb43bffe1df59a928b4cba93970"
"sakiko/maskon/angry07","1","sakiko","30","123","4.067","L01","R05","0s:01","0s:05","../.mtn_exp/motions/PARAM_IMPORT__37/sakiko/maskon_angry07.mtn","56583cd155b7f6d58178faf9c1474f70d8fc0246d433d5701139cc0bf19c10fa"
"sakiko/maskon/bow","1","sakiko","30","120","3.967","L01","R01","0s:01","0s:01","../.mtn_exp/motions/PARAM_IMPORT__37/sakiko/maskon_bow.mtn","99bdc702402d0bcb9ab8128cc9e96f0926faf9f65aa5023db5ec82d5cf73e251"
"sakiko/maskon/bye01","1","sakiko","30","127","4.2","L07","R05","0s:07","0s:05","../.mtn_exp/motions/PARAM_IMPORT__37/sakiko/maskon_bye01.mtn","c0feeb8b1ebc3c9dfc7d54a5d655339622eca417cb049bb084aa5b9fd740c9a8"
"sakiko/maskon/bye02","1","sakiko","30","127","4.2","L07","R05","0s:07","0s:05","../.mtn_exp/motions/PARAM_IMPORT__37/sakiko/maskon_bye02.mtn","5fea9b9dc50b066d2b8cbdfcce1dc5bb9427a46a2e4dabef6ce8c02fc6953de6"
"sakiko/maskon/cry01","1","sakiko","30","115","3.8","L07","R05","0s:07","0s:05","../.mtn_exp/motions/PARAM_IMPORT__37/sakiko/maskon_cry01.mtn","ed6d7008235695516ba7df9016aabb1f2cd8424d016d2f165f2dde24fc9f9471"
"sakiko/maskon/cry02","1","sakiko","30","115","3.8","L07","R09","0s:07","0s:09","../.mtn_exp/motions/PARAM_IMPORT__37/sakiko/maskon_cry02.mtn","af2b1a000db44f5d001c2ccd80ebaf80d4e4aac9b1072c997ee787823efae092"
"sakiko/maskon/cry03","1","sakiko","30","130","4.3","L07","R05","0s:07","0s:05","../.mtn_exp/motions/PARAM_IMPORT__37/sakiko/maskon_cry03.mtn","ba1bfb889c71c51ad6554bc9148735075139052423d1675bd61df39949d6605c"
"sakiko/maskon/cry04","1","sakiko","30","117","3.867","L05","R05","0s:05","0s:05","../.mtn_exp/motions/PARAM_IMPORT__37/sakiko/maskon_cry04.mtn","a8e6a67e1d6d0d349045ae8687be68b75654aa4b4e300432003acfe50ca18e7a"
"sakiko/maskon/cry05","1","sakiko","30","117","3.867","L05","R05","0s:05","0s:05","../.mtn_exp/motions/PARAM_IMPORT__37/sakiko/maskon_cry05.mtn","f14cf92465cb4751f8372dc095139ffd902728898d52b43715960f4811ec7341"
"sakiko/maskon/cry06","1","sakiko","30","139","4.6","L05","R05","0s:05","0s:05","../.mtn_exp/motions/PARAM_IMPORT__37/sakiko/maskon_cry06.mtn","c91402ad7d1f92884d4c7772be36bb57a959dcb1bf7b1d0dcb1d36c149587db4"
"sakiko/maskon/idle01","1","sakiko","30","210","6.967","L07","R05","0s:07","0s:05","../.mtn_exp/motions/PARAM_IMPORT__37/sakiko/maskon_idle01.mtn","32ada61e0cfbfbc21aabc91e20e88722050a1951de9251243b7fb928d87325a6"
"sakiko/maskon/kime01","1","sakiko","30","122","4.033","L01","R09","0s:01","0s:09","../.mtn_exp/motions/PARAM_IMPORT__37/sakiko/maskon_kime01.mtn","d4bb45a22b8d0e9836e8994034da1ce40671b17f0d8dde9c17682572d6aed114"
"sakiko/maskon/nf_left01","1","sakiko","30","125","4.133","L07","R01","0s:07","0s:01","../.mtn_exp/motions/PARAM_IMPORT__37/sakiko/maskon_nf_left01.mtn","2e2ed44dd40fd1169feea76a2c896e501596f481190173478433a2e8c972cedd"
"sakiko/maskon/nf_right01","1","sakiko","30","114","3.767","L07","R05","0s:07","0s:05","../.mtn_exp/motions/PARAM_IMPORT__37/sakiko/maskon_nf_right01.mtn","ebfdb673e70d627301cc0c21a196fbcb9145f0d23cc08c4f4c7ce65fa48d61ca"
"sakiko/maskon/nf01","1","sakiko","30","131","4.333","L07","R05","0s:07","0s:05","../.mtn_exp/motions/PARAM_IMPORT__37/sakiko/maskon_nf01.mtn","9e9b954377cfb23b3aa9fec875904317701ac0850e4d79f45848d3f7f42a0cfd"
"sakiko/maskon/nf02","1","sakiko","30","114","3.767","L07","R09","0s:07","0s:09","../.mtn_exp/motions/PARAM_IMPORT__37/sakiko/maskon_nf02.mtn","9856606728e5842693ca3435208a32f2b80b6bf2303157ffd20a6c0dbaa11c7d"
"sakiko/maskon/nf03","1","sakiko","30","115","3.8","L01","R09","0s:01","0s:09","../.mtn_exp/motions/PARAM_IMPORT__37/sakiko/maskon_nf03.mtn","17efa2527eac0af602d3f1e8a3738d79dc460ce99366ed450b580598b6217864"
"sakiko/maskon/nf04","1","sakiko","30","128","4.233","L01","R09","0s:01","0s:09","../.mtn_exp/motions/PARAM_IMPORT__37/sakiko/maskon_nf04.mtn","78896e167cca67722d8e7466edff55f850d8c14645becc8a131fd6eea2ab0ec8"
"sakiko/maskon/nf05","1","sakiko","30","122","4.033","L01","R05","0s:01","0s:05","../.mtn_exp/motions/PARAM_IMPORT__37/sakiko/maskon_nf05.mtn","10e2da85b5584225dd3e477b6d87a3c5d8143d087c4965e528a9f90c02aee763"
"sakiko/maskon/nnf_left01","1","sakiko","30","125","4.133","L07","R01","0s:07","0s:01","../.mtn_exp/motions/PARAM_IMPORT__37/sakiko/maskon_nnf_left01.mtn","49e2c654ef4898fe0f49b86bd3ec794db0d1d90918fbdf58961e79d4e903a605"
"sakiko/maskon/nnf_right01","1","sakiko","30","114","3.767","L07","R05","0s:07","0s:05","../.mtn_exp/motions/PARAM_IMPORT__37/sakiko/maskon_nnf_right01.mtn","3e3570978b3eed5911938f3e5105d74c5b3be394cb1bd07873e0e38e3a620aa2"
"sakiko/maskon/nnf01","1","sakiko","30","131","4.333","L07","R05","0s:07","0s:05","../.mtn_exp/motions/PARAM_IMPORT__37/sakiko/maskon_nnf01.mtn","0694b2be4adcf3124212133ed1bca65d00bd72d514e94df207eca43a3dd92c22"
"sakiko/maskon/nnf02","1","sakiko","30","114","3.767","L07","R09","0s:07","0s:09","../.mtn_exp/motions/PARAM_IMPORT__37/sakiko/maskon_nnf02.mtn","4c49b31b00680655e49de30339f9f3fb613f51d65b25fe626cdc932bb5e0bb2a"
"sakiko/maskon/nnf03","1","sakiko","30","115","3.8","L01","R09","0s:01","0s:09","../.mtn_exp/motions/PARAM_IMPORT__37/sakiko/maskon_nnf03.mtn","23b2ba6063888f494276b43fb2afb4a5c154518a9b00a7c476640e5acffa6e12"
"sakiko/maskon/nnf04","1","sakiko","30","128","4.233","L01","R09","0s:01","0s:09","../.mtn_exp/motions/PARAM_IMPORT__37/sakiko/maskon_nnf04.mtn","b8775e36953596e4c03249f705030ec3652646d9d54dd52a5dbcd611527a7188"
"sakiko/maskon/nnf05","1","sakiko","30","122","4.033","L01","R05","0s:01","0s:05","../.mtn_exp/motions/PARAM_IMPORT__37/sakiko/maskon_nnf05.mtn","f0d7bedfff8dacb30d73f7ed29bb82199f511fe46b4a8b7e2ce1f448fbc37980"
"sakiko/maskon/nod01","1","sakiko","30","119","3.933","L01","R09","0s:01","0s:09","../.mtn_exp/motions/PARAM_IMPORT__37/sakiko/maskon_nod01.mtn","47241817d157b4eb00a065c4277b0a1623612ab6497f0be180a7e978b4bf6791"
"sakiko/maskon/odoodo01","1","sakiko","30","115","3.8","L07","R09","0s:07","0s:09","../.mtn_exp/motions/PARAM_IMPORT__37/sakiko/maskon_odoodo01.mtn","c418a2bf5dade0fbc28312c43fd1ffd4e37ea1aa39ce45a3bd5387256febb3de"
"sakiko/maskon/sad01","1","sakiko","30","110","3.633","L07","R05","0s:07","0s:05","../.mtn_exp/motions/PARAM_IMPORT__37/sakiko/maskon_sad01.mtn","265d76aefc4c136b486f6c608d8877787c305735dd63be21bdfef4448bf74456"
"sakiko/maskon/sad02","1","sakiko","30","120","3.967","L01","R09","0s:01","0s:09","../.mtn_exp/motions/PARAM_IMPORT__37/sakiko/maskon_sad02.mtn","1ecce5ad34ee20957fcc6eb480aeeb3c8c13e5861512106a92b8279e1f11f8f8"
"sakiko/maskon/serious01","1","sakiko","30","120","3.967","L05","R01","0s:05","0s:01","../.mtn_exp/motions/PARAM_IMPORT__37/sakiko/maskon_serious01.mtn","7fc94012e4a7d4d428902c9ae6a6802a8d4999459945d8406dcd193e462c564d"
"sakiko/maskon/serious02","1","sakiko","30","137","4.533","L07","R05","0s:07","0s:05","../.mtn_exp/motions/PARAM_IMPORT__37/sakiko/maskon_serious02.mtn","1c2e4ab47408bd600e53e1b4a2b07767d0ed5466b5111ba4caa257b511b5229a"
"sakiko/maskon/shame01","1","sakiko","30","123","4.067","L05","R05","0s:05","0s:05","../.mtn_exp/motions/PARAM_IMPORT__37/sakiko/maskon_shame01.mtn","99d113a999570964bb47bd53e12b5df2d153e92ab5c866361acf150bd9fc0a60"
"sakiko/maskon/shame02","1","sakiko","30","135","4.467","L07","R05","0s:07","0s:05","../.mtn_exp/motions/PARAM_IMPORT__37/sakiko/maskon_shame02.mtn","304d6c3bb556bcbec11be221fb63539e62e042851d0e8fccd64d6b0644f586d3"
"sakiko/maskon/sigh01","1","sakiko","30","139","4.6","L05","R09","0s:05","0s:09","../.mtn_exp/motions/PARAM_IMPORT__37/sakiko/maskon_sigh01.mtn","7b9b6b67606fcac92c580af38fe7cf281b2b4f70e6a34605784ee34fff6bf015"
"sakiko/maskon/sigh02","1","sakiko","30","142","4.7","L07","R09","0s:07","0s:09","../.mtn_exp/motions/PARAM_IMPORT__37/sakiko/maskon_sigh02.mtn","e421e93ea391a8a197275abc21ea0bd2b4e41c35b5ffc3d75146f1860a1d34c2"
"sakiko/maskon/smile01","1","sakiko","30","134","4.433","L01","R09","0s:01","0s:09","../.mtn_exp/motions/PARAM_IMPORT__37/sakiko/maskon_smile01.mtn","5a36d55c6b2ee53f394f7e95f9d76ca577d27a2af396860f5aa32d8a08699e5e"
"sakiko/maskon/smile02","1","sakiko","30","131","4.333","L03","R01","0s:03","0s:01","../.mtn_exp/motions/PARAM_IMPORT__37/sakiko/maskon_smile02.mtn","41c672476168c2366e691201a993bcd68d5cf45dcf91c6cb58fee948d400b85e"
"sakiko/maskon/smile03","1","sakiko","30","120","3.967","L01, L07","R01, R05","0s:01 → 0.333s:07","0s:01 → 0.333s:05","../.mtn_exp/motions/PARAM_IMPORT__37/sakiko/maskon_smile03.mtn","684d7570888c00a3d946e9774476dcea7ca48efbab7e94a5a83f51147196492f"
"sakiko/maskon/smile04","1","sakiko","30","131","4.333","L05","R05","0s:05","0s:05","../.mtn_exp/motions/PARAM_IMPORT__37/sakiko/maskon_smile04.mtn","320099f84c41381dd71c516400643cf396009cf2595017c7488909a005ccb9b2"
"sakiko/maskon/smile05","1","sakiko","30","138","4.567","L07","R03","0s:07","0s:03","../.mtn_exp/motions/PARAM_IMPORT__37/sakiko/maskon_smile05.mtn","b8f1f6742cb123bd5e5379a340a44473ef7c03e0d0e6a02a2b2018976de63207"
"sakiko/maskon/smile06","1","sakiko","30","135","4.467","L07","R05","0s:07","0s:05","../.mtn_exp/motions/PARAM_IMPORT__37/sakiko/maskon_smile06.mtn","8733ab64a0aa619e792aecef6911237ab93c2e9825913aa3a97926650a5ac2a0"
"sakiko/maskon/smile07","1","sakiko","30","115","3.8","L06","R05","0s:06","0s:05","../.mtn_exp/motions/PARAM_IMPORT__37/sakiko/maskon_smile07.mtn","f24dac4c8eaaddc263e4c6b2bb0635843efd6f29fd7d8d75e873ba48c9799312"
"sakiko/maskon/surprised01","1","sakiko","30","110","3.633","L05","R03","0s:05","0s:03","../.mtn_exp/motions/PARAM_IMPORT__37/sakiko/maskon_surprised01.mtn","3a104ec7b41c0a72af8bf9fced9a82a50bd012442e45cc68ff3565f2b21220ea"
"sakiko/maskon/surprised02","1","sakiko","30","112","3.7","L05","R05","0s:05","0s:05","../.mtn_exp/motions/PARAM_IMPORT__37/sakiko/maskon_surprised02.mtn","ab50928d6c6b55d15b661acf48414608134b82c556b8f4ff2e3a5ceccdfadbd9"
"sakiko/maskon/thinking01","1","sakiko","30","130","4.3","L07","R09","0s:07","0s:09","../.mtn_exp/motions/PARAM_IMPORT__37/sakiko/maskon_thinking01.mtn","c3d61627186d2bece491491aad6943e9949184596740aa65dc0eb8fb59a0f5aa"
"sakiko/maskon/thinking02","1","sakiko","30","120","3.967","L05","R09","0s:05","0s:09","../.mtn_exp/motions/PARAM_IMPORT__37/sakiko/maskon_thinking02.mtn","65761e0f1e185adafbaa7221e862fecd71ef082b95890a9d56554b1ef6e635f1"
"sakiko/nf_left01","1","sakiko","30","125","4.133","L07","R01","0s:07","0s:01","../.mtn_exp/motions/PARAM_IMPORT__37/sakiko/nf_left01.mtn","9aee2ab936ca439abac26215b375c1140619c95f9608f04a7769dc2625f2877b"
"sakiko/nf_right01","1","sakiko","30","114","3.767","L07","R05","0s:07","0s:05","../.mtn_exp/motions/PARAM_IMPORT__37/sakiko/nf_right01.mtn","583572624437079bab4576b0d04f25ccc280fd9ad4f0a943d1d7b9a9ae312a2b"
"sakiko/nf01","1","sakiko","30","131","4.333","L07","R05","0s:07","0s:05","../.mtn_exp/motions/PARAM_IMPORT__37/sakiko/nf01.mtn","f769a561f9a426dfef2f3595e4b879050946d26b94777e8f7d24431b3f4e8762"
"sakiko/nf02","1","sakiko","30","114","3.767","L07","R09","0s:07","0s:09","../.mtn_exp/motions/PARAM_IMPORT__37/sakiko/nf02.mtn","071cb77d98c26c199d8cf18b36570d851940a7b65d547bb5fbf1f84ad521bf00"
"sakiko/nf03","1","sakiko","30","115","3.8","L01","R09","0s:01","0s:09","../.mtn_exp/motions/PARAM_IMPORT__37/sakiko/nf03.mtn","dbee21bdf7e95d02559e0c2bb79a8636f7eac40c7fae4c0c37e2ccd53885b375"
"sakiko/nf04","1","sakiko","30","128","4.233","L01","R09","0s:01","0s:09","../.mtn_exp/motions/PARAM_IMPORT__37/sakiko/nf04.mtn","c99030bd4054cfbe15414e006ab5f8f8201d12be2e12d40d626d7023994e54b0"
"sakiko/nf05","1","sakiko","30","122","4.033","L01","R05","0s:01","0s:05","../.mtn_exp/motions/PARAM_IMPORT__37/sakiko/nf05.mtn","6dce9d1aa63f406cf896b911b7e65a6f8448e52660689d1e0f03d8bb6b20abc1"
"sakiko/nnf_left01","1","sakiko","30","125","4.133","L07","R01","0s:07","0s:01","../.mtn_exp/motions/PARAM_IMPORT__37/sakiko/nnf_left01.mtn","f1cc79a25c913d7a7a2962e5a68e8a0510887bef1a1568f7111d3c9642a84be7"
"sakiko/nnf_right01","1","sakiko","30","114","3.767","L07","R05","0s:07","0s:05","../.mtn_exp/motions/PARAM_IMPORT__37/sakiko/nnf_right01.mtn","503889317561df0351b71528a703c1c4f8da292808f9ab765bce008faa6d340b"
"sakiko/nnf01","1","sakiko","30","131","4.333","L07","R05","0s:07","0s:05","../.mtn_exp/motions/PARAM_IMPORT__37/sakiko/nnf01.mtn","86a08298f6b03e3bff0c58828ab7be18445569193657fe717a10bd5e2c781ed9"
"sakiko/nnf02","1","sakiko","30","114","3.767","L07","R09","0s:07","0s:09","../.mtn_exp/motions/PARAM_IMPORT__37/sakiko/nnf02.mtn","45194043ad816d8517b47ef5df3d470e90b60ed159e319882a22dd5adfadcadb"
"sakiko/nnf03","1","sakiko","30","115","3.8","L01","R09","0s:01","0s:09","../.mtn_exp/motions/PARAM_IMPORT__37/sakiko/nnf03.mtn","0e3f88ad0c1b6cd348acfdca2530fb9dc63c307ddcdfd3460bf05f6a90df607a"
"sakiko/nnf04","1","sakiko","30","128","4.233","L01","R09","0s:01","0s:09","../.mtn_exp/motions/PARAM_IMPORT__37/sakiko/nnf04.mtn","60be5bd0d3d6643d7728c094ca5f4c9418b122731b6321ee75aef875fcb5d5f3"
"sakiko/nnf05","1","sakiko","30","122","4.033","L01","R05","0s:01","0s:05","../.mtn_exp/motions/PARAM_IMPORT__37/sakiko/nnf05.mtn","96f77f44d173eeedf26c1c0b35a94578d133569beae911d956eac2eabfaa2876"
"sakiko/nod01","1","sakiko","30","119","3.933","L01","R09","0s:01","0s:09","../.mtn_exp/motions/PARAM_IMPORT__37/sakiko/nod01.mtn","2337f56577e646a3f9df1ac0d13981c50c8594d6493d685ce78dd99c8ea1998e"
"sakiko/odoodo01","1","sakiko","30","115","3.8","L07","R09","0s:07","0s:09","../.mtn_exp/motions/PARAM_IMPORT__37/sakiko/odoodo01.mtn","37ccbd029085bb2000535be9edbbc5e1add48d4c6097ba3c83fd3f01d1b2d3e8"
"sakiko/sad01","1","sakiko","30","110","3.633","L07","R05","0s:07","0s:05","../.mtn_exp/motions/PARAM_IMPORT__37/sakiko/sad01.mtn","50453c781bd802197f608929ba77c2a096f294e0d4e1cdc61d541b844d5ce7ed"
"sakiko/sad02","1","sakiko","30","120","3.967","L01","R09","0s:01","0s:09","../.mtn_exp/motions/PARAM_IMPORT__37/sakiko/sad02.mtn","0eeb84f528ee7129c354989a99c16c9d678933f9114649ab266928e17220f77c"
"sakiko/serious01","1","sakiko","30","120","3.967","L05","R01","0s:05","0s:01","../.mtn_exp/motions/PARAM_IMPORT__37/sakiko/serious01.mtn","c703b7610c291d8a6e19c8db9a7ccd28dff80608645d5d8c4f7b548817c41419"
"sakiko/serious02","1","sakiko","30","137","4.533","L07","R05","0s:07","0s:05","../.mtn_exp/motions/PARAM_IMPORT__37/sakiko/serious02.mtn","be292e6d88878e90f174d301d9675ede4f0db3addfc438d946f8fac2c7d723d0"
"sakiko/shame01","1","sakiko","30","123","4.067","L05","R05","0s:05","0s:05","../.mtn_exp/motions/PARAM_IMPORT__37/sakiko/shame01.mtn","0f7f408bb5719934433da58277cd6655757ea0319156d73dab92ecc82c5dbecf"
"sakiko/shame02","1","sakiko","30","135","4.467","L07","R05","0s:07","0s:05","../.mtn_exp/motions/PARAM_IMPORT__37/sakiko/shame02.mtn","df30536fe028423691ccf9eefa983281dbe37a0cbbea3f13b23d65095aa773d0"
"sakiko/sigh01","1","sakiko","30","139","4.6","L05","R09","0s:05","0s:09","../.mtn_exp/motions/PARAM_IMPORT__37/sakiko/sigh01.mtn","b354020d372af9bd515ab90e0a4c11fe795d8112db0bdd640c0f44de96fa7ca3"
"sakiko/sigh02","1","sakiko","30","142","4.7","L07","R09","0s:07","0s:09","../.mtn_exp/motions/PARAM_IMPORT__37/sakiko/sigh02.mtn","ca2f695e93e94e482cbf6ac423a363a8372f965b23f17470d40463c439c45847"
"sakiko/smile01","1","sakiko","30","134","4.433","L01","R09","0s:01","0s:09","../.mtn_exp/motions/PARAM_IMPORT__37/sakiko/smile01.mtn","e414050bc4261c4f7dbee1db34adcf4775fe6fb6932da2d2e10e9f39109db50b"
"sakiko/smile02","1","sakiko","30","131","4.333","L03","R01","0s:03","0s:01","../.mtn_exp/motions/PARAM_IMPORT__37/sakiko/smile02.mtn","a03c68ffb6fa6f10272251eb51fbcd7271f61e430ad5e6aae222c7ae661135ef"
"sakiko/smile03","1","sakiko","30","120","3.967","L01, L07","R01, R05","0s:01 → 0.333s:07","0s:01 → 0.333s:05","../.mtn_exp/motions/PARAM_IMPORT__37/sakiko/smile03.mtn","3ce7033114c3cff9493010ae08982dfdc81a2fd690b06ae292e2b5b7af2d5c2e"
"sakiko/smile04","1","sakiko","30","131","4.333","L05","R05","0s:05","0s:05","../.mtn_exp/motions/PARAM_IMPORT__37/sakiko/smile04.mtn","9cc907a27ca4aa3afb2f7f9b40400c886f3ea9580f5ac07adc9a706fe2b61fdb"
"sakiko/smile05","1","sakiko","30","138","4.567","L07","R03","0s:07","0s:03","../.mtn_exp/motions/PARAM_IMPORT__37/sakiko/smile05.mtn","eb90a81c7aab9f6b00166cffca6145015fb9e971070322f4ff2b7f7e794b88c1"
"sakiko/smile06","1","sakiko","30","135","4.467","L07","R05","0s:07","0s:05","../.mtn_exp/motions/PARAM_IMPORT__37/sakiko/smile06.mtn","38560aef5b189e45e234765cdf118adbd1ae06bebbec876b08361326e63703b3"
"sakiko/smile07","1","sakiko","30","115","3.8","L06","R05","0s:06","0s:05","../.mtn_exp/motions/PARAM_IMPORT__37/sakiko/smile07.mtn","e9b2352c73f5cba26f26e7b9238e1e90f347f56741f7977563d508a1046af602"
"sakiko/surprised01","1","sakiko","30","110","3.633","L05","R03","0s:05","0s:03","../.mtn_exp/motions/PARAM_IMPORT__37/sakiko/surprised01.mtn","f9b224bdbd9ef91bee61cbe524683ef0f42fe2988780747677ff53b06a29b358"
"sakiko/surprised02","1","sakiko","30","112","3.7","L05","R05","0s:05","0s:05","../.mtn_exp/motions/PARAM_IMPORT__37/sakiko/surprised02.mtn","1e6d6e11dd58288c33dfbfca9ff5cb4589e33e1414ac661f5adf7784ea8aa87e"
"sakiko/thinking01","1","sakiko","30","130","4.3","L07","R09","0s:07","0s:09","../.mtn_exp/motions/PARAM_IMPORT__37/sakiko/thinking01.mtn","ae04185bdb14369b2bddc85d55590ca49b4aa536d65a3a2da6e4a0b2a20bd8b3"
"sakiko/thinking02","1","sakiko","30","120","3.967","L05","R09","0s:05","0s:09","../.mtn_exp/motions/PARAM_IMPORT__37/sakiko/thinking02.mtn","9f89df94379d70d16e92ad58d9a5c54466ecee08d287d0a178bcdcc3037a9802"
"soyo/ando01","1","soyo","30","180","5.967","L01","R05, R09","0s:01","0s:09 → 1.733s:05","../.mtn_exp/motions/PARAM_IMPORT__37/soyo/ando01.mtn","cfb998e3fd5e0a299e8d8d534cdd6032f77d6270b3a80c97146f45eafe6ea067"
"soyo/angry01","1","soyo","30","210","6.967","L05","R09","0s:05","0s:09","../.mtn_exp/motions/PARAM_IMPORT__37/soyo/angry01.mtn","a48d93f2f8fd47dfd4daa8c32aa6b6e9d048cbc9c32b66f8475cec1be1c3cea3"
"soyo/angry02","1","soyo","30","195","6.467","L01","R05","0s:01","0s:05","../.mtn_exp/motions/PARAM_IMPORT__37/soyo/angry02.mtn","ef9f204c092e39be16e13344fb341d3d6bcf697b3d7a17e34be88726af1d378b"
"soyo/angry03","1","soyo","30","210","6.967","L01, L05","R01, R05","0s:05 → 1.067s:01","0s:05 → 1.067s:01","../.mtn_exp/motions/PARAM_IMPORT__37/soyo/angry03.mtn","3d533e162fcc36081099950d77a573ca16778fc05393f9b2d859664a1404154a"
"soyo/angry04","1","soyo","30","195","6.467","L01","R05","0s:01","0s:05","../.mtn_exp/motions/PARAM_IMPORT__37/soyo/angry04.mtn","645a4d40e68d991b1df9da380c523fe3444b8c601fdbf55be4a2823007030d99"
"soyo/angry05","1","soyo","30","195","6.467","L07","R09","0s:07","0s:09","../.mtn_exp/motions/PARAM_IMPORT__37/soyo/angry05.mtn","e001e576e7399e238e80b1a40fe616a3da28678be1f838d78300b16f335454c5"
"soyo/angry06","1","soyo","30","195","6.467","L05","R05","0s:05","0s:05","../.mtn_exp/motions/PARAM_IMPORT__37/soyo/angry06.mtn","6aefb9f559d61a2825b5110393162fd0cf5a5187ac94ae51853e079eeea527db"
"soyo/bye01","1","soyo","30","165","5.467","L01","R04","0s:01","0s:04","../.mtn_exp/motions/PARAM_IMPORT__37/soyo/bye01.mtn","0a6f6b76e18d4690b5bcb86ecc6618862a246961c25303827cc6b15292938620"
"soyo/bye02","1","soyo","30","195","6.467","L01","R05","0s:01","0s:05","../.mtn_exp/motions/PARAM_IMPORT__37/soyo/bye02.mtn","42a119f4006ffb0375c183af2996cf96d25d20fdc64b77549b2ef8ad5f5d381d"
"soyo/cry01","1","soyo","30","180","5.967","L07","R05, R09","0s:07","0s:09 → 1.2s:05","../.mtn_exp/motions/PARAM_IMPORT__37/soyo/cry01.mtn","75cc8dedc075f764b76edf279b98fb0d19a44436278b5ccfdeac19c433951856"
"soyo/cry02","1","soyo","30","195","6.467","L05","R05","0s:05","0s:05","../.mtn_exp/motions/PARAM_IMPORT__37/soyo/cry02.mtn","818b1ac0846f234961f5b56fbfe419d70f42a4d7a79555e679afecb948656ad8"
"soyo/gacha_b2024_01","1","soyo","30","165","5.467","L01","R05","0s:01","0s:05","../.mtn_exp/motions/PARAM_IMPORT__37/soyo/gacha_b2024_01.mtn","3d2145ebd236788940455fd777df8d0801edd717d0e82768efb6a101418f127f"
"soyo/gacha_c_a_01","1","soyo","30","240","7.967","L07","R05","0s:07","0s:05","../.mtn_exp/motions/PARAM_IMPORT__37/soyo/gacha_c_a_01.mtn","05f5dbf0f8a955849baefdc1b6d75de09fa3481bb7eed7730f9014f7acd41747"
"soyo/gacha_df3_01","1","soyo","30","180","5.967","L01","R05","0s:01","0s:05","../.mtn_exp/motions/PARAM_IMPORT__37/soyo/gacha_df3_01.mtn","cc700e8d8fee5324297a549355204d4e289145b93935631c757c9773b4dc4473"
"soyo/gacha_e235_01","1","soyo","30","165","5.467","L01","R05","0s:01","0s:05","../.mtn_exp/motions/PARAM_IMPORT__37/soyo/gacha_e235_01.mtn","eef6538fae6bdd632d570c1b48c613d09b19647b871f5a267c7e5fde582f3b11"
"soyo/gacha_e250_01","1","soyo","30","165","5.467","L01","R05","0s:01","0s:05","../.mtn_exp/motions/PARAM_IMPORT__37/soyo/gacha_e250_01.mtn","eef6538fae6bdd632d570c1b48c613d09b19647b871f5a267c7e5fde582f3b11"
"soyo/gacha_e289_01","1","soyo","30","240","7.967","L01, L07","R09","0s:07 → 2.333s:01","0s:09","../.mtn_exp/motions/PARAM_IMPORT__37/soyo/gacha_e289_01.mtn","74c41f1a0aca62952a6556af9dd9e8b4c6479a79ad987e16ba720932d8572d36"
"soyo/gacha_e297_01","1","soyo","30","271","9","L06, L07","R05, R06","0s:07 → 4.9s:06","0s:06 → 2.333s:05 → 4.8s:06","../.mtn_exp/motions/PARAM_IMPORT__37/soyo/gacha_e297_01.mtn","fe13fe6df9cd3976b231e83019725ba057cfd4911788ca214151319baaad6ddb"
"soyo/idle01","1","soyo","30","209","6.933","L01","R05","0s:01","0s:05","../.mtn_exp/motions/PARAM_IMPORT__37/soyo/idle01.mtn","e54d7207218bf474e3922ef8f416bf57b324b794ddf31ab71154ae30dcfe183f"
"soyo/kandou01","1","soyo","30","375","12.467","L05","R05, R09","0s:05","0s:09 → 3.967s:05","../.mtn_exp/motions/PARAM_IMPORT__37/soyo/kandou01.mtn","3ad51fa56e81d84c869b6b5f59047e546a60e5d1b463ccfbf23ca175913179f3"
"soyo/kime01","1","soyo","30","195","6.467","L06","R06","0s:06","0s:06","../.mtn_exp/motions/PARAM_IMPORT__37/soyo/kime01.mtn","fd06697c86f1b46a1b6eb79eea2e064a09ecf2d92728f62342272fc5dd1380c0"
"soyo/nf_left01","1","soyo","30","150","4.967","L01","R05","0s:01","0s:05","../.mtn_exp/motions/PARAM_IMPORT__37/soyo/nf_left01.mtn","e0a322b94ad0ec4208364cf060538db643a5c3847e77ea4f4f0f13d272842813"
"soyo/nf_right01","1","soyo","30","150","4.967","L07","R09","0s:07","0s:09","../.mtn_exp/motions/PARAM_IMPORT__37/soyo/nf_right01.mtn","b6520912444d703636252cb5a5b30e9b6280cba5262f16d41e2e24819f74f919"
"soyo/nf01","1","soyo","30","210","6.967","L07","R09","0s:07","0s:09","../.mtn_exp/motions/PARAM_IMPORT__37/soyo/nf01.mtn","5e94a553ac367e3884e2cd5097de17aea021e1c231fde658dba0916617f9a6fe"
"soyo/nf02","1","soyo","30","165","5.467","L05","R05","0s:05","0s:05","../.mtn_exp/motions/PARAM_IMPORT__37/soyo/nf02.mtn","961676ecf1efb465cb6531b0443929935949021566b8d9896c5e55fe603af494"
"soyo/nf03","1","soyo","30","195","6.467","L07","R09","0s:07","0s:09","../.mtn_exp/motions/PARAM_IMPORT__37/soyo/nf03.mtn","98439a77e811c9510a5048375b4059e5800a3ed61e82f932cebb681388a2f7db"
"soyo/nf04","1","soyo","30","180","5.967","L07","R09","0s:07","0s:09","../.mtn_exp/motions/PARAM_IMPORT__37/soyo/nf04.mtn","25ff7bc56cac6b70f47345d397c5929e8c36e732ca6c460dc54fd797edd59e72"
"soyo/nf05","1","soyo","30","180","5.967","L01","R05","0s:01","0s:05","../.mtn_exp/motions/PARAM_IMPORT__37/soyo/nf05.mtn","93e2d67947016017c7e489037b501b692decc9c5f332d04abc59e0a830b06cc7"
"soyo/nnf_left01","1","soyo","30","150","4.967","L01","R05","0s:01","0s:05","../.mtn_exp/motions/PARAM_IMPORT__37/soyo/nnf_left01.mtn","bd1c7c369435d7b6cb2a5a86aee69d9f00c2b245e7b269e18402160e78303a51"
"soyo/nnf_right01","1","soyo","30","150","4.967","L07","R09","0s:07","0s:09","../.mtn_exp/motions/PARAM_IMPORT__37/soyo/nnf_right01.mtn","b0d8a6ee786bb616f3f83c0c9fa76f9f34cc47383d6af6b59aec5e935e228494"
"soyo/nnf01","1","soyo","30","210","6.967","L07","R09","0s:07","0s:09","../.mtn_exp/motions/PARAM_IMPORT__37/soyo/nnf01.mtn","780cdf44c00b95da9e20f6f8279f1c418ea61f0a5647dd859c982477db3fc5d9"
"soyo/nnf02","1","soyo","30","165","5.467","L05","R05","0s:05","0s:05","../.mtn_exp/motions/PARAM_IMPORT__37/soyo/nnf02.mtn","bb85b4e7642caeaaac5d7785c538687b2f8c54a37ad76eeb3960fc77668b9de5"
"soyo/nnf03","1","soyo","30","195","6.467","L07","R09","0s:07","0s:09","../.mtn_exp/motions/PARAM_IMPORT__37/soyo/nnf03.mtn","5e49e7bd8c012f7c46b87ef0aca4df31334ab78269c0b48919b91283480f0730"
"soyo/nnf04","1","soyo","30","180","5.967","L07","R09","0s:07","0s:09","../.mtn_exp/motions/PARAM_IMPORT__37/soyo/nnf04.mtn","9a38a09b51dc7b5ab1abfe8da82fe0b37d5a7e199b56d17e7d9b6635fbdf73db"
"soyo/nnf05","1","soyo","30","180","5.967","L01","R05","0s:01","0s:05","../.mtn_exp/motions/PARAM_IMPORT__37/soyo/nnf05.mtn","c564e8074329c2638a7b421e818ab1cf7fb40ca23336b2f8095d756e21ec588d"
"soyo/odoodo01","1","soyo","30","180","5.967","L07","R05","0s:07","0s:05","../.mtn_exp/motions/PARAM_IMPORT__37/soyo/odoodo01.mtn","96a95702cf22025aa6f4b2a4b4a21277e69259a44935bfcb086d43f4f73d5957"
"soyo/sad01","1","soyo","30","180","5.967","L07","R05","0s:07","0s:05","../.mtn_exp/motions/PARAM_IMPORT__37/soyo/sad01.mtn","64e9f6ef5626039598e2e106324fc12985d2ce8691fb3322d84dfe70b0d508d9"
"soyo/sad02","1","soyo","30","195","6.467","L07","R05, R09","0s:07","0s:09 → 1.4s:05","../.mtn_exp/motions/PARAM_IMPORT__37/soyo/sad02.mtn","6e4f8c1d4c3b57e5e1c8500c9780d0cb296c70015358ac5cb2f7a823cf561bd0"
"soyo/sad03","1","soyo","30","165","5.467","L05","R05","0s:05","0s:05","../.mtn_exp/motions/PARAM_IMPORT__37/soyo/sad03.mtn","7db1b5c24746b1d4fb64e9d7e0a0b8234ec1d0ab567192fb87254a86647812d4"
"soyo/scared01","1","soyo","30","150","4.967","L07","R05","0s:07","0s:05","../.mtn_exp/motions/PARAM_IMPORT__37/soyo/scared01.mtn","4c7450bef3d222bb195ae14bc0e071d55a911275609d9906807a06a8719348a9"
"soyo/serious01","1","soyo","30","180","5.967","L01","R05","0s:01","0s:05","../.mtn_exp/motions/PARAM_IMPORT__37/soyo/serious01.mtn","972c34dd7a37c4da04411fdb155d518fe884ce7d88082f1ab56adc18402a6e5b"
"soyo/serious02","1","soyo","30","180","5.967","L07","R05","0s:07","0s:05","../.mtn_exp/motions/PARAM_IMPORT__37/soyo/serious02.mtn","1df87e71a3924846334f9135d966f52ee17918e9f486bf64a3d6036de9f330dc"
"soyo/serious03","1","soyo","30","180","5.967","L07","R05","0s:07","0s:05","../.mtn_exp/motions/PARAM_IMPORT__37/soyo/serious03.mtn","58f074ee9b5c3652f110733df89d4b4235a5ab05b8226623d946ded29e90f6c2"
"soyo/serious04","1","soyo","30","180","5.967","L07","R05","0s:07","0s:05","../.mtn_exp/motions/PARAM_IMPORT__37/soyo/serious04.mtn","f24eb0ae5bf44cf60b6967f864c2f54cdbd762cdfcf0fc1397e4c5ac707a887a"
"soyo/shame01","1","soyo","30","195","6.467","L01","R01","0s:01","0s:01","../.mtn_exp/motions/PARAM_IMPORT__37/soyo/shame01.mtn","3ce83dfc3a761cb4d2797948b49d556c3814735f34b3acda046a4451d6bf10ac"
"soyo/shame02","1","soyo","30","210","6.967","L07","R09","0s:07","0s:09","../.mtn_exp/motions/PARAM_IMPORT__37/soyo/shame02.mtn","84ff747073c117740973c960311d605cb2e33dd80bd49863241c5b169e9577fa"
"soyo/smile01","1","soyo","30","240","7.967","L01, L07","R09","0s:07 → 2.333s:01","0s:09","../.mtn_exp/motions/PARAM_IMPORT__37/soyo/smile01.mtn","483aad4a460ee7bc6e5dca0daf460a8c260d2b86f95f796435a7e95d83847f32"
"soyo/smile01_ingameV2","1","soyo","30","165","5.467","L01","R05","0s:01","0s:05","../.mtn_exp/motions/PARAM_IMPORT__37/soyo/smile01_ingameV2.mtn","8c675a1ab3b7a9e49d9037df0f294c6db19ea6342d99791c8d9413b3ace64200"
"soyo/smile02","1","soyo","30","210","6.967","L05, L06","R05, R06","0s:05 → 1.6s:06","0s:05 → 1.6s:06","../.mtn_exp/motions/PARAM_IMPORT__37/soyo/smile02.mtn","1203328b6523bd67e9612ef7ae980f811a911b558cd13265c284ced626cb354e"
"soyo/smile03","1","soyo","30","165","5.467","L01","R09","0s:01","0s:09","../.mtn_exp/motions/PARAM_IMPORT__37/soyo/smile03.mtn","791f9b2bd600ba6b8885ad309c68433006a8b57c65d7bf630637000318dbcd95"
"soyo/smile04","1","soyo","30","210","6.967","L06, L07","R05, R06","0s:07 → 1.867s:06","0s:05 → 1.867s:06","../.mtn_exp/motions/PARAM_IMPORT__37/soyo/smile04.mtn","6ea5a927dba576ac63356285d5e698cab40a923624a26e149a8a711d6a582c9e"
"soyo/smile05","1","soyo","30","165","5.467","L07","R05","0s:07","0s:05","../.mtn_exp/motions/PARAM_IMPORT__37/soyo/smile05.mtn","2da218a984fcf6b2ad3d0b1562835b058391b77910115d739d3eca447f0b0223"
"soyo/smile06","1","soyo","30","165","5.467","L01","R05","0s:01","0s:05","../.mtn_exp/motions/PARAM_IMPORT__37/soyo/smile06.mtn","3cf65affc33aa1d7bbe1efca1d49da2a869422958576b666e5c0f45bb2c41cda"
"soyo/surprised01","1","soyo","30","150","4.967","L07","R05","0s:07","0s:05","../.mtn_exp/motions/PARAM_IMPORT__37/soyo/surprised01.mtn","0a8c6ee25105c8b33bee208bca4a791efcf6bdb3293a013b9b63b234a96f9ad5"
"soyo/thinking01","1","soyo","30","195","6.467","L07","R05","0s:07","0s:05","../.mtn_exp/motions/PARAM_IMPORT__37/soyo/thinking01.mtn","aa83e279f1c4ec2325580ebdab9ca0ee807cc11f6123d381a2dfb214ef98d7da"
"soyo/thinking02_01","1","soyo","30","240","7.967","L07","R05","0s:07","0s:05","../.mtn_exp/motions/PARAM_IMPORT__37/soyo/thinking02_01.mtn","a4b98b702e64f63024671dd434e531b76f377e85f268515751533f3c9a0d6a65"
"soyo/thinking02_02","1","soyo","30","271","9","L06, L07","R05, R06","0s:07 → 4.9s:06","0s:06 → 2.333s:05 → 4.8s:06","../.mtn_exp/motions/PARAM_IMPORT__37/soyo/thinking02_02.mtn","501714b1f1cedd75d6871d42ec950716d1e4cd93b46396c3c1e9920b6ad14b1b"
"soyo/thinking02_ingameV2","1","soyo","30","225","7.467","L07","R05, R09","0s:07","0s:05 → 1.367s:09","../.mtn_exp/motions/PARAM_IMPORT__37/soyo/thinking02_ingameV2.mtn","a116248eb86c1df7ac443a4214bb0f86671d22b2a4d55e032b4de500ff672d79"
"soyo/wink01","1","soyo","30","165","5.467","L06","R06","0s:06","0s:06","../.mtn_exp/motions/PARAM_IMPORT__37/soyo/wink01.mtn","50a1375ebf8e6c037aa377d52ae4feaffe4cb7eff914a975a888964a2638bb26"
"taki/ando01","1","taki","30","170","5.633","L01","R05","0s:01","0s:05","../.mtn_exp/motions/PARAM_IMPORT__37/taki/ando01.mtn","a3671d26e83889ad2b170df5e6f6f26808d039f47ba6cbc5037670972e2c5404"
"taki/angry01","1","taki","30","141","4.667","L07","R01","0s:07","0s:01","../.mtn_exp/motions/PARAM_IMPORT__37/taki/angry01.mtn","3a91406b5f05c36a5cef5053418a061c006806b25f8335a243f5c8cc8408d837"
"taki/angry02","1","taki","30","183","6.067","L07","R09","0s:07","0s:09","../.mtn_exp/motions/PARAM_IMPORT__37/taki/angry02.mtn","441f26e2fe89a892a371788ac97b516ca06c0825bad00da9439cd0fc1abb00f0"
"taki/angry03","1","taki","30","180","5.967","L01, L05","R05","0s:01 → 0.767s:01+05 → 0.8s:05","0s:05","../.mtn_exp/motions/PARAM_IMPORT__37/taki/angry03.mtn","1a00c754fedde1a403bb26408f39d6313960531533b7cd2faa7f07a828db07de"
"taki/angry04","1","taki","30","170","5.633","L05","R05","0s:05","0s:05","../.mtn_exp/motions/PARAM_IMPORT__37/taki/angry04.mtn","455376e0f497972698a9920be34bf722ed14a505847803ad91e3223c5016f474"
"taki/bye01","1","taki","30","160","5.3","L07","R04","0s:07","0s:04","../.mtn_exp/motions/PARAM_IMPORT__37/taki/bye01.mtn","03f13033b4c1fdac4e32e00b74ee7dad9845d72aa1469a76772142e533d24ccc"
"taki/bye02","1","taki","30","195","6.467","L01","R01","0s:01","0s:01","../.mtn_exp/motions/PARAM_IMPORT__37/taki/bye02.mtn","5b9cc3e99283b3668dbd2fd87f9c387f5ece480009e834d3a4fb1fc36ef36a20"
"taki/cry01","1","taki","30","135","4.467","L07","R09","0s:07","0s:09","../.mtn_exp/motions/PARAM_IMPORT__37/taki/cry01.mtn","130363e2517824df813e7809d2a093f5eb5841b0e2601b9e94b7b37387a095d7"
"taki/cry02","1","taki","30","210","6.967","L05, L07","R01","0s:07 → 1.133s:05","0s:01","../.mtn_exp/motions/PARAM_IMPORT__37/taki/cry02.mtn","9b59e8e68bf47d8433065778c88616053e47f4f8890ff584c6d4f5c45e9b4731"
"taki/gacha_b2024_01","1","taki","30","128","4.233","L01","R02","0s:01","0s:02","../.mtn_exp/motions/PARAM_IMPORT__37/taki/gacha_b2024_01.mtn","f78fea6a97baea34b6bf62cbc499992eac5d131aaafb1f85be3f541728357db7"
"taki/gacha_c_a_01","1","taki","30","288","9.567","L01, L02","R02, R05","0s:01 → 4.8s:02","0s:05 → 4.867s:02","../.mtn_exp/motions/PARAM_IMPORT__37/taki/gacha_c_a_01.mtn","8cc62fa5f1d3d8960a781d7affd60f1b54cf7c9d9944d5a0032ee2829cce18f1"
"taki/gacha_df3_01","1","taki","30","115","3.8","L01","R01","0s:01","0s:01","../.mtn_exp/motions/PARAM_IMPORT__37/taki/gacha_df3_01.mtn","43b9bc7340314d98670144dccfc333939de6df93c3552ba47ebdc089fb40e234"
"taki/gacha_e240_01","1","taki","30","165","5.467","L01","R02","0s:01","0s:02","../.mtn_exp/motions/PARAM_IMPORT__37/taki/gacha_e240_01.mtn","43f1a87b6d4439b6585b187712b7a6bb9648c4163bc377e5a762fa9330662b7a"
"taki/gacha_e277_01","1","taki","30","115","3.8","L01","R01","0s:01","0s:01","../.mtn_exp/motions/PARAM_IMPORT__37/taki/gacha_e277_01.mtn","43b9bc7340314d98670144dccfc333939de6df93c3552ba47ebdc089fb40e234"
"taki/gacha_e297_01","1","taki","30","286","9.5","L01, L02, L05","R01, R05, R09","0s:01 → 0.4s:— → 0.433s:05 → 4.8s:— → 4.833s:02","0s:01 → 0.4s:— → 0.433s:09 → 4.367s:05 → 4.567s:01","../.mtn_exp/motions/PARAM_IMPORT__37/taki/gacha_e297_01.mtn","bf84e2c1e6865205ad9d66c14a3ea01df060c24fbfc40abf45531752b0e141d9"
"taki/idle01","1","taki","30","262","8.7","L07","R09","0s:07","0s:09","../.mtn_exp/motions/PARAM_IMPORT__37/taki/idle01.mtn","85861217e381b97bcbcd1f8650b2cc53d378b1cb5d57c538dcd220a7882c7b81"
"taki/kandou01","1","taki","30","250","8.3","L01","R05, R09","0s:01","0s:09 → 1.367s:05","../.mtn_exp/motions/PARAM_IMPORT__37/taki/kandou01.mtn","7687ba18e1f008ea75598df3a2b35c731a22807fe6d869493a6bf6c67da200e7"
"taki/kime01","1","taki","30","165","5.467","L01","R02","0s:01","0s:02","../.mtn_exp/motions/PARAM_IMPORT__37/taki/kime01.mtn","062158d843fe48f4f8cff43af02db2d720ef57346c5cb35bd0b8160a04ff0cfa"
"taki/nf_left01","1","taki","30","180","5.967","L07","R01","0s:07","0s:01","../.mtn_exp/motions/PARAM_IMPORT__37/taki/nf_left01.mtn","48cdd148748dab13aa3157ecc5fa6ed1d1b9a8fef60c5fb10ee9096722306f05"
"taki/nf_right01","1","taki","30","130","4.3","L07","R09","0s:07","0s:09","../.mtn_exp/motions/PARAM_IMPORT__37/taki/nf_right01.mtn","0ce1407bda62539c3c968d17e55b14386de7d2652f4f01df6e9d24e9a6b82b54"
"taki/nf01","1","taki","30","135","4.467","L01","R01","0s:01","0s:01","../.mtn_exp/motions/PARAM_IMPORT__37/taki/nf01.mtn","f0358a137fc8b03a5b91c591a471ba341fe0d53871c7cd44ad81e7c792359c5c"
"taki/nf02","1","taki","30","288","9.567","L01, L02","R02, R05","0s:01 → 4.8s:02","0s:05 → 4.867s:02","../.mtn_exp/motions/PARAM_IMPORT__37/taki/nf02.mtn","7eeefe5eb5ea8c6e09e13ad781576a912dc3127dd6cf94ef9cf9dd0597121b86"
"taki/nf02_ingameV2","1","taki","30","120","3.967","L01","R09","0s:01","0s:09","../.mtn_exp/motions/PARAM_IMPORT__37/taki/nf02_ingameV2.mtn","606de7fd6c3dd9350fda743f934e24abae43cb1e52757250c4963bfa156325e0"
"taki/nf03","1","taki","30","140","4.633","L07","R09","0s:07","0s:09","../.mtn_exp/motions/PARAM_IMPORT__37/taki/nf03.mtn","3b57fc1a0bea94cb9e2d939bfbdfcb7f0c476a4bf56ce24a0adfe1e219f85a75"
"taki/nf04","1","taki","30","286","9.5","L01, L02, L05","R01, R05, R09","0s:01 → 0.4s:— → 0.433s:05 → 4.8s:— → 4.833s:02","0s:01 → 0.4s:— → 0.433s:09 → 4.367s:05 → 4.567s:01","../.mtn_exp/motions/PARAM_IMPORT__37/taki/nf04.mtn","de19c86a6ebd4083d5ffa7633e8c99c24330024b3f9bcbc3a053fea05f21587c"
"taki/nf04_ingameV2","1","taki","30","150","4.967","L02","R01","0s:02","0s:01","../.mtn_exp/motions/PARAM_IMPORT__37/taki/nf04_ingameV2.mtn","538c2927c862cf01c7d519b621e8bce98f308bd9e8caf527d8495b737e6dc830"
"taki/nf05","1","taki","30","150","4.967","L07","R09","0s:07","0s:09","../.mtn_exp/motions/PARAM_IMPORT__37/taki/nf05.mtn","dd1ffe4d49c3b6c38c2942d1df11bcbf66b14154978e164c7304157b1e4e11b7"
"taki/pui01","1","taki","30","110","3.633","L07","R09","0s:07","0s:09","../.mtn_exp/motions/PARAM_IMPORT__37/taki/pui01.mtn","8a8e6f5ee30a10339f044b882af3d494940e404cbef89939ec5b5545443c031e"
"taki/sad01","1","taki","30","130","4.3","L01","R01","0s:01","0s:01","../.mtn_exp/motions/PARAM_IMPORT__37/taki/sad01.mtn","436a0ea24ba2c2154c2e0dd7ee4c06012f8caecce3027e42e19b7b2aaea5054d"
"taki/sad02","1","taki","30","160","5.3","L01","R01","0s:01","0s:01","../.mtn_exp/motions/PARAM_IMPORT__37/taki/sad02.mtn","4bb537e786bf6879d730296d5a36f393d545f5be09a3e9efad10596857ab6050"
"taki/sad03","1","taki","30","205","6.8","L01","R01, R05, R09","0s:01","0s:01 → 0.667s:05 → 2.667s:09","../.mtn_exp/motions/PARAM_IMPORT__37/taki/sad03.mtn","263c9cc87a3d095da861fc4840e9be628afc4a6a17333f01b34526ff4ed466a1"
"taki/serious01","1","taki","30","154","5.1","L01, L05","R05, R09","0s:01 → 1.133s:— → 1.167s:05","0s:09 → 1.067s:05","../.mtn_exp/motions/PARAM_IMPORT__37/taki/serious01.mtn","5642f925428bae951a5d2c55bfd25354b652f176ba920be657823298d1f204b3"
"taki/serious02","1","taki","30","196","6.5","L05, L07","R01","0s:07 → 0.9s:— → 0.933s:05","0s:01","../.mtn_exp/motions/PARAM_IMPORT__37/taki/serious02.mtn","00557bb3ddbb79f5bbe028da2582262d53042fe115947c1f3a6b035fb9568993"
"taki/shame01","1","taki","30","125","4.133","L01","R01","0s:01","0s:01","../.mtn_exp/motions/PARAM_IMPORT__37/taki/shame01.mtn","a7df79f108472d8222b51a73d7d39a72e2710acf7fc5b2cb9785ab1d6e2c25c3"
"taki/shame02","1","taki","30","185","6.133","L01","R09","0s:01","0s:09","../.mtn_exp/motions/PARAM_IMPORT__37/taki/shame02.mtn","60a0aeab28838d208d5479ee5294c00c9e8458116ab374408a066083e4f80597"
"taki/sigh01","1","taki","30","130","4.3","L02","R02","0s:02","0s:02","../.mtn_exp/motions/PARAM_IMPORT__37/taki/sigh01.mtn","9b0fc924721d5f97a3555f7a68e093f91a1a10166770a531a416aa522ba12314"
"taki/sigh02","1","taki","30","180","5.967","L07","R01","0s:07","0s:01","../.mtn_exp/motions/PARAM_IMPORT__37/taki/sigh02.mtn","b7cb6d21ebb18985a92179f338f39f26cc41fee5111b837c9a5f81c68731b2e8"
"taki/smile01","1","taki","30","115","3.8","L01","R01","0s:01","0s:01","../.mtn_exp/motions/PARAM_IMPORT__37/taki/smile01.mtn","550e707a357f2cc2ebc991ebb670a54f5483179eb8bb92d33fd14e45a1d1a8e1"
"taki/smile02","1","taki","30","128","4.233","L01","R02","0s:01","0s:02","../.mtn_exp/motions/PARAM_IMPORT__37/taki/smile02.mtn","07b72ef87509403dc716bfab14396508f5558febd38df906159cd1a52f335966"
"taki/smile03","1","taki","30","150","4.967","L02","R01","0s:02","0s:01","../.mtn_exp/motions/PARAM_IMPORT__37/taki/smile03.mtn","d4766c27dd8607038a2f4cb4f425385af17b9611f5ed4623d7b2f2769955263f"
"taki/smile04","1","taki","30","135","4.467","L07","R09","0s:07","0s:09","../.mtn_exp/motions/PARAM_IMPORT__37/taki/smile04.mtn","5066a563a08a6004fd0f6237fbf6f93baf026fc2697ffe48f14155718a252e34"
"taki/surprised01","1","taki","30","94","3.1","L01","R01","0s:01","0s:01","../.mtn_exp/motions/PARAM_IMPORT__37/taki/surprised01.mtn","84d483460c628f26eeb5fc2c2fcb1c132fc4fa91902f4570d756a6f159fc2b14"
"taki/surprised02","1","taki","30","94","3.1","L01","R05","0s:01","0s:05","../.mtn_exp/motions/PARAM_IMPORT__37/taki/surprised02.mtn","c0dbbc892d50fc6a0957197d2983a034a04d18cdb57deeebb0ad3b5649897487"
"taki/thinking01","1","taki","30","117","3.867","L05","R09","0s:05","0s:09","../.mtn_exp/motions/PARAM_IMPORT__37/taki/thinking01.mtn","e5eb750ab30186f9e12fbfef301fe2b2a7cfa44fbe9f39b63e287ed76bbd9c07"
"tomori/angry01","1","tomori","30","135","4.467","L01","R01","0s:01","0s:01","../.mtn_exp/motions/PARAM_IMPORT__37/tomori/angry01.mtn","cdbc8efd3c8bee27e27a7f70874c74b8567b01614e5f7479d88bc4c8ec31efe1"
"tomori/angry02","1","tomori","30","180","5.967","L01","R01","0s:01","0s:01","../.mtn_exp/motions/PARAM_IMPORT__37/tomori/angry02.mtn","508d335506fffab38688fbadb0cd32d2e7d849d74f2ffbe6d6ddf8a6ffc1a692"
"tomori/bye01","1","tomori","30","120","3.967","L01","R03, R04","0s:01","0s:04","../.mtn_exp/motions/PARAM_IMPORT__37/tomori/bye01.mtn","2397d4e8fe2ccdc17dcf4ee14d900409dba1b1ad7302b871670e9901a2800474"
"tomori/c_d3/angry01","1","tomori","30","135","4.467","L01","R01","0s:01","0s:01","../.mtn_exp/motions/PARAM_IMPORT__37/tomori/collabo_d_3_ur/angry01.mtn","cdbc8efd3c8bee27e27a7f70874c74b8567b01614e5f7479d88bc4c8ec31efe1"
"tomori/c_d3/angry02","1","tomori","30","180","5.967","L01","R01","0s:01","0s:01","../.mtn_exp/motions/PARAM_IMPORT__37/tomori/collabo_d_3_ur/angry02.mtn","53594069a25037b4718298ec295d88fa04c368f813aefe51be87bedb0f74c1e3"
"tomori/c_d3/bye01","1","tomori","30","120","3.967","L01","R01","0s:01","0s:01","../.mtn_exp/motions/PARAM_IMPORT__37/tomori/collabo_d_3_ur/bye01.mtn","55d65754ebcf13dce9284dd03c1cd3d61a5a98ad2ad9c67277545af7079ad20a"
"tomori/c_d3/cry01","1","tomori","30","117","3.867","L01","R01","0s:01","0s:01","../.mtn_exp/motions/PARAM_IMPORT__37/tomori/collabo_d_3_ur/cry01.mtn","3a2c8532dc9e0a8f30bc765c26129b3e9eb22fabc702776ccc2088ad388cad25"
"tomori/c_d3/cry02","1","tomori","30","150","4.967","L01","R01","0s:01","0s:01","../.mtn_exp/motions/PARAM_IMPORT__37/tomori/collabo_d_3_ur/cry02.mtn","5ebe2cff07da686f011925eaaa1bceae38621b630bc4b1e9a962bc94deb22fb1"
"tomori/c_d3/gacha01","1","tomori","30","195","6.467","L01","R01","0s:01","0s:01","../.mtn_exp/motions/PARAM_IMPORT__37/tomori/collabo_d_3_ur/gacha01.mtn","7cc6e767bf4293abda0323b068b19f16ac6e4f990afc23db3676b8e67aae078c"
"tomori/c_d3/idle01","1","tomori","30","180","5.967","L01","R01","0s:01","0s:01","../.mtn_exp/motions/PARAM_IMPORT__37/tomori/collabo_d_3_ur/idle01.mtn","3efccdb4560580fc756d3d3f0123d2121aec41d68b7d50f726c7cd53dff05883"
"tomori/c_d3/kandou01","1","tomori","30","165","5.467","L01","R01","0s:01","0s:01","../.mtn_exp/motions/PARAM_IMPORT__37/tomori/collabo_d_3_ur/kandou01.mtn","a01a59e9cc2514ae4e99c16625de6c7a2dd8072d20024b00b35d6ea379fe956a"
"tomori/c_d3/kandou02","1","tomori","30","270","8.967","L01","R01","0s:01","0s:01","../.mtn_exp/motions/PARAM_IMPORT__37/tomori/collabo_d_3_ur/kandou02.mtn","4b6c471e3cef29c0fe16677aa3dfee2833b8faeabf49e0ee4915b7915e0ed866"
"tomori/c_d3/kandou03","1","tomori","30","240","7.967","L01","R01","0s:01","0s:01","../.mtn_exp/motions/PARAM_IMPORT__37/tomori/collabo_d_3_ur/kandou03.mtn","7d260e0bab5b6a58f6e476204f330cde92c53431c9ec445538cd6fbcd0f94390"
"tomori/c_d3/kime01","1","tomori","30","150","4.967","L01","R01","0s:01","0s:01","../.mtn_exp/motions/PARAM_IMPORT__37/tomori/collabo_d_3_ur/kime01.mtn","d5e125c006069c582af2c3c8506402182cad2ff460cbf22f6e14eb0b0bf7fdcd"
"tomori/c_d3/kime02","1","tomori","30","120","3.967","L01","R01","0s:01","0s:01","../.mtn_exp/motions/PARAM_IMPORT__37/tomori/collabo_d_3_ur/kime02.mtn","4c3e6858fc9b5f1417d505dfa764878918817a937cfdf50b8ec747327ec93949"
"tomori/c_d3/nf_left01","1","tomori","30","120","3.967","L01","R01","0s:01","0s:01","../.mtn_exp/motions/PARAM_IMPORT__37/tomori/collabo_d_3_ur/nf_left01.mtn","f2b702abb04bb12c26d8cd4e9739bbdd45cf99686531e758714321680f1d0e49"
"tomori/c_d3/nf_right01","1","tomori","30","120","3.967","L01","R01","0s:01","0s:01","../.mtn_exp/motions/PARAM_IMPORT__37/tomori/collabo_d_3_ur/nf_right01.mtn","66808ca9b3704255e3f86be5828fc02f60fc246d3fc4bda4748d466fc50afa0d"
"tomori/c_d3/nf01","1","tomori","30","150","4.967","L01","R01","0s:01","0s:01","../.mtn_exp/motions/PARAM_IMPORT__37/tomori/collabo_d_3_ur/nf01.mtn","31704e0ed3c9b3a95ddb71d8593d659ca3f7d0c71ea4ceeb3c4dc42a18aa5584"
"tomori/c_d3/nf02","1","tomori","30","150","4.967","L01","R01","0s:01","0s:01","../.mtn_exp/motions/PARAM_IMPORT__37/tomori/collabo_d_3_ur/nf02.mtn","5d16bb54ebd3cb61385fa361813ff428927145d88658a13a62340412789b59d2"
"tomori/c_d3/nf03","1","tomori","30","165","5.467","L01","R01","0s:01","0s:01","../.mtn_exp/motions/PARAM_IMPORT__37/tomori/collabo_d_3_ur/nf03.mtn","f6958c901d142ab3c47192b54b4e084154e6180b0995c2ba5f537964d8263f2b"
"tomori/c_d3/nf04","1","tomori","30","120","3.967","L01","R01","0s:01","0s:01","../.mtn_exp/motions/PARAM_IMPORT__37/tomori/collabo_d_3_ur/nf04.mtn","b9d249e3cda8a4b3ca6a1bbaeb736d29eb9665e4d93b108ab923ecafedeaab1b"
"tomori/c_d3/nf05","1","tomori","30","120","3.967","L01","R01","0s:01","0s:01","../.mtn_exp/motions/PARAM_IMPORT__37/tomori/collabo_d_3_ur/nf05.mtn","75fdbada7a17ae0498c5836a604959016d8f46111e0b25a9a76d6b878881811a"
"tomori/c_d3/nnf_left01","1","tomori","30","120","3.967","L01","R01","0s:01","0s:01","../.mtn_exp/motions/PARAM_IMPORT__37/tomori/collabo_d_3_ur/nnf_left01.mtn","f2b702abb04bb12c26d8cd4e9739bbdd45cf99686531e758714321680f1d0e49"
"tomori/c_d3/nnf_right01","1","tomori","30","120","3.967","L01","R01","0s:01","0s:01","../.mtn_exp/motions/PARAM_IMPORT__37/tomori/collabo_d_3_ur/nnf_right01.mtn","30e0b6a7e1a9b07eed2646acf532c7314c260ced2e11ad802871e70eeae90aa9"
"tomori/c_d3/nnf01","1","tomori","30","150","4.967","L01","R01","0s:01","0s:01","../.mtn_exp/motions/PARAM_IMPORT__37/tomori/collabo_d_3_ur/nnf01.mtn","31704e0ed3c9b3a95ddb71d8593d659ca3f7d0c71ea4ceeb3c4dc42a18aa5584"
"tomori/c_d3/nnf02","1","tomori","30","150","4.967","L01","R01","0s:01","0s:01","../.mtn_exp/motions/PARAM_IMPORT__37/tomori/collabo_d_3_ur/nnf02.mtn","5d16bb54ebd3cb61385fa361813ff428927145d88658a13a62340412789b59d2"
"tomori/c_d3/nnf03","1","tomori","30","165","5.467","L01","R01","0s:01","0s:01","../.mtn_exp/motions/PARAM_IMPORT__37/tomori/collabo_d_3_ur/nnf03.mtn","f6958c901d142ab3c47192b54b4e084154e6180b0995c2ba5f537964d8263f2b"
"tomori/c_d3/nnf04","1","tomori","30","120","3.967","L01","R01","0s:01","0s:01","../.mtn_exp/motions/PARAM_IMPORT__37/tomori/collabo_d_3_ur/nnf04.mtn","b9d249e3cda8a4b3ca6a1bbaeb736d29eb9665e4d93b108ab923ecafedeaab1b"
"tomori/c_d3/nnf05","1","tomori","30","120","3.967","L01","R01","0s:01","0s:01","../.mtn_exp/motions/PARAM_IMPORT__37/tomori/collabo_d_3_ur/nnf05.mtn","75fdbada7a17ae0498c5836a604959016d8f46111e0b25a9a76d6b878881811a"
"tomori/c_d3/sad01","1","tomori","30","150","4.967","L01","R01","0s:01","0s:01","../.mtn_exp/motions/PARAM_IMPORT__37/tomori/collabo_d_3_ur/sad01.mtn","b5819105a82f5cbc0725cdce85e62b29086725e437d5c79e09074ba3804fc765"
"tomori/c_d3/sad02","1","tomori","30","135","4.467","L01, L05","R01, R05","0s:01 → 1.1s:— → 1.233s:05","0s:01 → 1.1s:— → 1.233s:05","../.mtn_exp/motions/PARAM_IMPORT__37/tomori/collabo_d_3_ur/sad02.mtn","bb2bd3fdad8e86af535dd683e4aac549d49fb56bdc1cfc9cef2fcf94f6fdaa13"
"tomori/c_d3/sad03","1","tomori","30","150","4.967","L01","R01","0s:01","0s:01","../.mtn_exp/motions/PARAM_IMPORT__37/tomori/collabo_d_3_ur/sad03.mtn","008135803f7a622dbd151ee5d967bfa0cb721b79baaf35f4b3b53f8d876ebaaf"
"tomori/c_d3/sad04","1","tomori","30","165","5.467","L01","R01","0s:01","0s:01","../.mtn_exp/motions/PARAM_IMPORT__37/tomori/collabo_d_3_ur/sad04.mtn","7fc116cd4f94bddcfafc374166b86b6ba934176d8a8ac3b5f1f11a1c922a8ddb"
"tomori/c_d3/serious01","1","tomori","30","135","4.467","L01","R01","0s:01","0s:01","../.mtn_exp/motions/PARAM_IMPORT__37/tomori/collabo_d_3_ur/serious01.mtn","a9713ef047293e7424ec9d145d343037f944e850e83b2813ee4c7ec894d9c257"
"tomori/c_d3/serious02","1","tomori","30","165","5.467","L01","R01","0s:01","0s:01","../.mtn_exp/motions/PARAM_IMPORT__37/tomori/collabo_d_3_ur/serious02.mtn","9a484765c50a1289430cff2569452d81f0808473d86d92a82d188c2b5be72b63"
"tomori/c_d3/shame01","1","tomori","30","195","6.467","L05","R05","0s:05","0s:05","../.mtn_exp/motions/PARAM_IMPORT__37/tomori/collabo_d_3_ur/shame01.mtn","0532cdab19d89010edd94cd8ce363542c1a004ac29339c31c3319943926244a6"
"tomori/c_d3/shame02","1","tomori","30","150","4.967","L01","R01","0s:01","0s:01","../.mtn_exp/motions/PARAM_IMPORT__37/tomori/collabo_d_3_ur/shame02.mtn","02718c362aa189b36e668e85781c40b0b4f5dc3273e2d1f5014ee63e0087d70a"
"tomori/c_d3/sing01","1","tomori","30","140","4.633","L05","R05","0s:05","0s:05","../.mtn_exp/motions/PARAM_IMPORT__37/tomori/collabo_d_3_ur/sing01.mtn","5738fb01a707ac771b8eca547cc1e950ad912d5bd1abdc8db22c8c42dcc03c93"
"tomori/c_d3/sing02","1","tomori","30","140","4.633","L05","R05","0s:05","0s:05","../.mtn_exp/motions/PARAM_IMPORT__37/tomori/collabo_d_3_ur/sing02.mtn","82594c92895fccd939f2ff578e0850096ad4ed61c60d03df4d1206467068a40b"
"tomori/c_d3/smile01","1","tomori","30","195","6.467","L01","R01","0s:01","0s:01","../.mtn_exp/motions/PARAM_IMPORT__37/tomori/collabo_d_3_ur/smile01.mtn","d12230500a2f605f7ab27052d4ee9a4f85cb4164cce8c63353965b6e8182de50"
"tomori/c_d3/smile02","1","tomori","30","135","4.467","L01","R01","0s:01","0s:01","../.mtn_exp/motions/PARAM_IMPORT__37/tomori/collabo_d_3_ur/smile02.mtn","d655beaffaa6ea3f009dea0992430c7b896ff19abd437834c52fc2871c199574"
"tomori/c_d3/smile03","1","tomori","30","165","5.467","L01","R01","0s:01","0s:01","../.mtn_exp/motions/PARAM_IMPORT__37/tomori/collabo_d_3_ur/smile03.mtn","06e94cb27fb7b6aa877060e5fcef3ce30691f64cadbbc83c96a03d7225c9d5e2"
"tomori/c_d3/smile04","1","tomori","30","165","5.467","L01","R01","0s:01","0s:01","../.mtn_exp/motions/PARAM_IMPORT__37/tomori/collabo_d_3_ur/smile04.mtn","fd59b4679fda3a9a07cfd33397ec0871dd99c29f8de5f69557a088777cafade5"
"tomori/c_d3/surprised01","1","tomori","30","135","4.467","L01","R01","0s:01","0s:01","../.mtn_exp/motions/PARAM_IMPORT__37/tomori/collabo_d_3_ur/surprised01.mtn","a714864f11415cae757664baffee724e4a591ede8df1b34a48abb63e70ffedb8"
"tomori/c_d3/thinking01","1","tomori","30","180","5.967","L01","R01","0s:01","0s:01","../.mtn_exp/motions/PARAM_IMPORT__37/tomori/collabo_d_3_ur/thinking01.mtn","c6904bb8cd39a6ff9d710e2a12ae092119269d331a74ec0cb728a22a8f2e7b05"
"tomori/c_d3/thinking02","1","tomori","30","180","5.967","L01","R01","0s:01","0s:01","../.mtn_exp/motions/PARAM_IMPORT__37/tomori/collabo_d_3_ur/thinking02.mtn","3579e993d915e9954a354430ab0c1280d8ae4473377a5e9391150be6a17db4ca"
"tomori/cry01","1","tomori","30","117","3.867","L01","R04, R05","0s:01","0s:05","../.mtn_exp/motions/PARAM_IMPORT__37/tomori/cry01.mtn","f4a36c82a89fb3ee553a3eb8a56797ac4390bf325b92e5dc100fb0d5794061f1"
"tomori/cry02","1","tomori","30","150","4.967","L05, L07","R05","0s:07 → 1.9s:05","0s:05","../.mtn_exp/motions/PARAM_IMPORT__37/tomori/cry02.mtn","f86aede25b0510bd30fa4e4d97c643f58864dad6718579f381ad47d5d600df31"
"tomori/cry03","1","tomori","30","240","7.967","L05","R05","0s:05","0s:05","../.mtn_exp/motions/PARAM_IMPORT__37/tomori/cry03.mtn","7135f452906e10638a2e38a6f7a4b7110aa194564f45d92508b804fb2b02a065"
"tomori/cry04","1","tomori","30","117","3.867","L01","R04, R05","0s:01","0s:05","../.mtn_exp/motions/PARAM_IMPORT__37/tomori/cry04.mtn","865bb35b77f7be1371e1fb4288b883fa3f969bc85146153a495c2d4f9398a2e0"
"tomori/cry05","1","tomori","30","150","4.967","L05, L07","R05","0s:07 → 1.767s:05","0s:05","../.mtn_exp/motions/PARAM_IMPORT__37/tomori/cry05.mtn","6c44628271a436154b47220cb1f8d39845733b863c615602b5f8c4a4ad559abb"
"tomori/gacha_b2024_01","1","tomori","30","135","4.467","L07","R05","0s:07","0s:05","../.mtn_exp/motions/PARAM_IMPORT__37/tomori/gacha_b2024_01.mtn","b29fa99089c2aeb2ac7098994cb70fcbd19d00da4859b4bd5a3448829132c28a"
"tomori/gacha_c_a_01","1","tomori","30","150","4.967","L01","R05","0s:01","0s:05","../.mtn_exp/motions/PARAM_IMPORT__37/tomori/gacha_c_a_01.mtn","d63f8b13c0de2d1a514967bb178608a921545a112c7400803f209b4541fb0ce2"
"tomori/gacha_df3_01","1","tomori","30","165","5.467","L07","R01","0s:07","0s:01","../.mtn_exp/motions/PARAM_IMPORT__37/tomori/gacha_df3_01.mtn","702c37d992b2b45e9cf3599c06d7e6b3ac59f6ee87709debaf8eadfc3bed99e5"
"tomori/gacha_e235_01","1","tomori","30","120","3.967","L01","R05","0s:01","0s:05","../.mtn_exp/motions/PARAM_IMPORT__37/tomori/gacha_e235_01.mtn","befe8061b46d0c59b1b64aed12911a1926bd9341a507e93c41e1954c5e477b4a"
"tomori/gacha_e250_01","1","tomori","30","195","6.467","L01","R05","0s:01","0s:05","../.mtn_exp/motions/PARAM_IMPORT__37/tomori/gacha_e250_01.mtn","26435fc0409ebb3330b9e92391c2086eceab6a572a2ffa810885e608984de5b9"
"tomori/gacha_e286_01","1","tomori","30","360","11.967","L01, L03, L05","R05","0s:01 → 6.167s:05 → 6.367s:03","0s:05","../.mtn_exp/motions/PARAM_IMPORT__37/tomori/gacha_e286_01.mtn","934071e83d249aa307a81017ee4be66d3ffd2b14303b7c31115f887258571e45"
"tomori/gacha_e289_01","1","tomori","30","270","8.967","L05","R05","0s:— → 5.233s:05","0s:— → 5.233s:05","../.mtn_exp/motions/PARAM_IMPORT__37/tomori/gacha_e289_01.mtn","78597c131de11a83044c49a93ac22c239f426750af77006a024422d29d0c1f45"
"tomori/gacha_e297_01","1","tomori","30","210","6.967","L03","R01","0s:03","0s:01","../.mtn_exp/motions/PARAM_IMPORT__37/tomori/gacha_e297_01.mtn","d552c0a7e3aea3ed7f6f7b9032cfb1168d6fb3599bfe6e01f4736339c9eed7a3"
"tomori/idle01","1","tomori","30","180","5.967","L01","R05","0s:01","0s:05","../.mtn_exp/motions/PARAM_IMPORT__37/tomori/idle01.mtn","9dda48e233b7180df8e965e6488175ac4841cb06e4df0bbf3ce82c78094bfab3"
"tomori/kandou01","1","tomori","30","165","5.467","L05","R05","0s:05","0s:05","../.mtn_exp/motions/PARAM_IMPORT__37/tomori/kandou01.mtn","6815da12632a9291af4623ac5df70606b067a37b13dcc65946de4b70dd522838"
"tomori/kandou02","1","tomori","30","270","8.967","L05","R05","0s:05","0s:05","../.mtn_exp/motions/PARAM_IMPORT__37/tomori/kandou02.mtn","5ef9c68ea8678920ffb5dfe7fb7223b559cc3a929f98920a4c0afb74b4440377"
"tomori/kandou03","1","tomori","30","240","7.967","L05","R05","0s:05","0s:05","../.mtn_exp/motions/PARAM_IMPORT__37/tomori/kandou03.mtn","9da16265a2ba388134944db34e83466e094ec7c257df358e2554e22ddbba2243"
"tomori/kime01","1","tomori","30","150","4.967","L01","R05","0s:01","0s:05","../.mtn_exp/motions/PARAM_IMPORT__37/tomori/kime01.mtn","2ab29e9db57e972ac8fd6f772e0d50a8762e4e3e6ae0315be60cf08e71dbc878"
"tomori/kime02","1","tomori","30","120","3.967","L01","R05","0s:01","0s:05","../.mtn_exp/motions/PARAM_IMPORT__37/tomori/kime02.mtn","91f15ee5c1fe3c604341508c4a3866b566f3c39d41f9a1a1fcd014cb69f4d55b"
"tomori/nf_left01","1","tomori","30","120","3.967","L01","R01","0s:01","0s:01","../.mtn_exp/motions/PARAM_IMPORT__37/tomori/nf_left01.mtn","e373ced9645e360831d0b0f36571322a5abbd20085d8b0339e898749426bad33"
"tomori/nf_right01","1","tomori","30","120","3.967","L05","R01","0s:05","0s:01","../.mtn_exp/motions/PARAM_IMPORT__37/tomori/nf_right01.mtn","23ad7c5d2ae0ce76ebfa48026a7d9edf8f2ee4af3485cdbd0c7908d774c1f427"
"tomori/nf01","1","tomori","30","150","4.967","L01","R05","0s:01","0s:05","../.mtn_exp/motions/PARAM_IMPORT__37/tomori/nf01.mtn","4cdcd8e3074cbed9e7429a83d0dde952c754acd9d346584d2052579269d30272"
"tomori/nf02","1","tomori","30","150","4.967","L01","R05","0s:01","0s:05","../.mtn_exp/motions/PARAM_IMPORT__37/tomori/nf02.mtn","5a5319b2e50aa2b9324af76e7beddc6b7fc212fb1aaaaf2d87fbce1feadf4593"
"tomori/nf02_ingameV2","1","tomori","30","150","4.967","L01","R01","0s:01","0s:01","../.mtn_exp/motions/PARAM_IMPORT__37/tomori/nf02_ingameV2.mtn","f96377fc9763414fb44aec4a6c1f0900fec19506e121fb629cfba32a900cac01"
"tomori/nf03","1","tomori","30","360","11.967","L01, L03, L05","R05","0s:01 → 6.167s:05 → 6.367s:03","0s:05","../.mtn_exp/motions/PARAM_IMPORT__37/tomori/nf03.mtn","104254717cd10399e56a145c026e36d53e8ccccfaa298efb95c8e7237c453bb5"
"tomori/nf03_ingameV2","1","tomori","30","165","5.467","L07","R01","0s:07","0s:01","../.mtn_exp/motions/PARAM_IMPORT__37/tomori/nf03_ingameV2.mtn","b24fb6333580863bda37b8900834032a33c9f5cc8e83fd89a7ddc5f53f7213b0"
"tomori/nf04","1","tomori","30","120","3.967","L01","R05","0s:01","0s:05","../.mtn_exp/motions/PARAM_IMPORT__37/tomori/nf04.mtn","2d6448f7bf9360bc7deae2dbfcea5c3a7ecd1f91a47a6420650a560d2fc73e46"
"tomori/nf05","1","tomori","30","120","3.967","L01","R05","0s:01","0s:05","../.mtn_exp/motions/PARAM_IMPORT__37/tomori/nf05.mtn","cdc395fba5924115e834385b08609d080ab566da0604db5e03d1f1f23645ad83"
"tomori/nnf_left01","1","tomori","30","120","3.967","L01","R01","0s:01","0s:01","../.mtn_exp/motions/PARAM_IMPORT__37/tomori/nnf_left01.mtn","e373ced9645e360831d0b0f36571322a5abbd20085d8b0339e898749426bad33"
"tomori/nnf_right01","1","tomori","30","120","3.967","L05","R01","0s:05","0s:01","../.mtn_exp/motions/PARAM_IMPORT__37/tomori/nnf_right01.mtn","f4eb2ddd5f984070a4f3d166570768b8cce8b988b67154fef88d33b4dd1fb19b"
"tomori/nnf01","1","tomori","30","150","4.967","L01","R05","0s:01","0s:05","../.mtn_exp/motions/PARAM_IMPORT__37/tomori/nnf01.mtn","4cdcd8e3074cbed9e7429a83d0dde952c754acd9d346584d2052579269d30272"
"tomori/nnf02","1","tomori","30","150","4.967","L01","R01","0s:01","0s:01","../.mtn_exp/motions/PARAM_IMPORT__37/tomori/nnf02.mtn","7c6d47f3bda7db707b86e4951291e8afc93f8fd38c51b57aca6b16c500e330e5"
"tomori/nnf03","1","tomori","30","165","5.467","L07","R01","0s:07","0s:01","../.mtn_exp/motions/PARAM_IMPORT__37/tomori/nnf03.mtn","e1bb20076713a48d79f1a5992cd00df3b74dba46df8eca6bfbef8cd60e0e331c"
"tomori/nnf04","1","tomori","30","120","3.967","L01","R05","0s:01","0s:05","../.mtn_exp/motions/PARAM_IMPORT__37/tomori/nnf04.mtn","2d6448f7bf9360bc7deae2dbfcea5c3a7ecd1f91a47a6420650a560d2fc73e46"
"tomori/nnf05","1","tomori","30","120","3.967","L01","R05","0s:01","0s:05","../.mtn_exp/motions/PARAM_IMPORT__37/tomori/nnf05.mtn","cdc395fba5924115e834385b08609d080ab566da0604db5e03d1f1f23645ad83"
"tomori/sad01","1","tomori","30","150","4.967","L01","R05, R09","0s:01","0s:09 → 1.267s:05","../.mtn_exp/motions/PARAM_IMPORT__37/tomori/sad01.mtn","5bbd9fc2bbd8fe5a9155cb285ecafda1e8d79d555b59a76d93cf00d283860274"
"tomori/sad02","1","tomori","30","135","4.467","L01, L05","R01, R05","0s:01 → 1.067s:05","0s:01 → 1.067s:05","../.mtn_exp/motions/PARAM_IMPORT__37/tomori/sad02.mtn","ac2267e8b78bf358c0f3618adfb1f8bfefaec039275566a630c109ee50f8f9c6"
"tomori/sad03","1","tomori","30","150","4.967","L05","R05","0s:05","0s:05","../.mtn_exp/motions/PARAM_IMPORT__37/tomori/sad03.mtn","5215adb02582826414270f68cda8c172fbefd631058765365a7dde5f00ff58fb"
"tomori/sad04","1","tomori","30","165","5.467","L05","R05","0s:05","0s:05","../.mtn_exp/motions/PARAM_IMPORT__37/tomori/sad04.mtn","2737324154f203457eea97ebb64d193d39524a2ff0f7b021b8098ae5d2a0296e"
"tomori/serious01","1","tomori","30","135","4.467","L01","R05","0s:01","0s:05","../.mtn_exp/motions/PARAM_IMPORT__37/tomori/serious01.mtn","bb0cf8b09deef29856f16a0cd6234aa083099bf017879a3b7ad1a216bcf0c5ba"
"tomori/serious02","1","tomori","30","165","5.467","L05, L07","R05","0s:07 → 2.7s:05","0s:05","../.mtn_exp/motions/PARAM_IMPORT__37/tomori/serious02.mtn","4c1839e83bc55ce3266cdd681ccb4fe3d71599279b637164830533cc4a7b0137"
"tomori/shame01","1","tomori","30","195","6.467","L07","R05","0s:07","0s:05","../.mtn_exp/motions/PARAM_IMPORT__37/tomori/shame01.mtn","70fcff05810ec8701af48e9304539b981d76cfc96c3c3eb4e6f3513a691335d1"
"tomori/shame02","1","tomori","30","150","4.967","L01","R09","0s:01","0s:09","../.mtn_exp/motions/PARAM_IMPORT__37/tomori/shame02.mtn","0ccbd4c3ec98008ae0047a7df57cf57a3309bca72c60afe56ee6b2320bcfcd92"
"tomori/sing01","1","tomori","30","140","4.633","L05","R05","0s:05","0s:05","../.mtn_exp/motions/PARAM_IMPORT__37/tomori/sing01.mtn","d5ce6bee14a8393b2ec89508ea7fe676b4538610d8746b4df4060ca3281f3186"
"tomori/sing02","1","tomori","30","140","4.633","L05","R05","0s:05","0s:05","../.mtn_exp/motions/PARAM_IMPORT__37/tomori/sing02.mtn","5471de9608b05d84ca78116ca122ae36b6f936736c6c4185fce0f4d389d649cc"
"tomori/smile01","1","tomori","30","195","6.467","L01","R05","0s:01","0s:05","../.mtn_exp/motions/PARAM_IMPORT__37/tomori/smile01.mtn","d862f473a1639b75e4afa3abdeeb3d1d32bab85a7a924ed82d30d6fc7a9738c0"
"tomori/smile01_e289","1","tomori","30","270","8.967","L05","R05","0s:— → 5.233s:05","0s:— → 5.233s:05","../.mtn_exp/motions/PARAM_IMPORT__37/tomori/smile01_e289.mtn","157471d2b7ee8158bb15af8983c38075d3552cab2afe8ddbe102edaafec6a411"
"tomori/smile01_e297","1","tomori","30","210","6.967","L03","R01","0s:03","0s:01","../.mtn_exp/motions/PARAM_IMPORT__37/tomori/smile01_e297.mtn","11687e2718f068f4900a69460b48b7a818a92abd48718fc70cee9c2171d9bdb8"
"tomori/smile02","1","tomori","30","135","4.467","L07","R05","0s:07","0s:05","../.mtn_exp/motions/PARAM_IMPORT__37/tomori/smile02.mtn","68379ac7599cfed1036edf9cd6f0481dab9790033cfac2139d56b4a7ab71f36e"
"tomori/smile03","1","tomori","30","165","5.467","L05","R05","0s:05","0s:05","../.mtn_exp/motions/PARAM_IMPORT__37/tomori/smile03.mtn","b9fbef8c6932652944098a4490b1136cb0afed667e7167f57eefebdafc3253ee"
"tomori/smile04","1","tomori","30","165","5.467","L05","R05","0s:05","0s:05","../.mtn_exp/motions/PARAM_IMPORT__37/tomori/smile04.mtn","4e5a9eb930deaa54235fdb38e6acea453f13fb88c97ff483d5058a53cc253b01"
"tomori/surprised01","1","tomori","30","135","4.467","L05","R05","0s:05","0s:05","../.mtn_exp/motions/PARAM_IMPORT__37/tomori/surprised01.mtn","eef4c4e77b9427bb7725b427ab2b0cded5eb111283d324d007c116064d7d7e98"
"tomori/thinking01","1","tomori","30","180","5.967","L05","R05","0s:05","0s:05","../.mtn_exp/motions/PARAM_IMPORT__37/tomori/thinking01.mtn","302f589b840831286884b270ac514088c14575931349d7f634eb1713844ff51e"
"tomori/thinking02","1","tomori","30","180","5.967","L01","R09","0s:01","0s:09","../.mtn_exp/motions/PARAM_IMPORT__37/tomori/thinking02.mtn","ba222a64d8f504934cfd351caabaeec9f0053f6612fb3418443a10376694e453"
"uika/angry01","1","uika","30","143","4.733","L07","R09","0s:07","0s:09","../.mtn_exp/motions/PARAM_IMPORT__37/uika/angry01.mtn","ac239e6613b3b6aa59c85df93981d6f75b12a2680a2db74361065043f14b5595"
"uika/bow","1","uika","30","120","3.967","L03","R01","0s:03","0s:01","../.mtn_exp/motions/PARAM_IMPORT__37/uika/bow.mtn","02fb4bbff23306024b5c365a284ec0a2fd389df714c30c101f5296cb4bfa7498"
"uika/cry01","1","uika","30","124","4.1","L07","R01","0s:07","0s:01","../.mtn_exp/motions/PARAM_IMPORT__37/uika/cry01.mtn","118d08aa1d4a44f1137a85c9a40d205fb0b3c431f918501805c973440da8dc34"
"uika/idle01","1","uika","30","180","5.967","L01","R01","0s:01","0s:01","../.mtn_exp/motions/PARAM_IMPORT__37/uika/idle01.mtn","52a87a42ec1cebb259f7b99c6378fd647b221f47fba4254ec82630d71cfead4d"
"uika/kime01","1","uika","30","112","3.7","L01","R02","0s:01","0s:02","../.mtn_exp/motions/PARAM_IMPORT__37/uika/kime01.mtn","5ee0deabb08c11e5d93a00427c8bc335a18959c858b51323adbc002f1efef53f"
"uika/maskoff","1","uika","30","143","4.733","L07","R01","0s:07","0s:01","../.mtn_exp/motions/PARAM_IMPORT__37/uika/maskoff.mtn","5e11eab08cb45314a493c8e3219ebf69bc3cdadf4334cca3041c4d961618b33c"
"uika/maskon/angry01","1","uika","30","143","4.733","L07","R09","0s:07","0s:09","../.mtn_exp/motions/PARAM_IMPORT__37/uika/maskon_angry01.mtn","1cfa9a7c0cd17146a1da063f8475b8eb962c514cc8bcd1b570587abcea91814d"
"uika/maskon/bow","1","uika","30","120","3.967","L03","R01","0s:03","0s:01","../.mtn_exp/motions/PARAM_IMPORT__37/uika/maskon_bow.mtn","176429556619c57d96e155bc7ab13bf2d463f54648ba79a282a325bc64b5dd50"
"uika/maskon/cry01","1","uika","30","124","4.1","L07","R01","0s:07","0s:01","../.mtn_exp/motions/PARAM_IMPORT__37/uika/maskon_cry01.mtn","1f5d77b15dbcc2d182a06e0b618245591c27ee6fc661d718c50439ca5cf08839"
"uika/maskon/idle01","1","uika","30","180","5.967","L01","R01","0s:01","0s:01","../.mtn_exp/motions/PARAM_IMPORT__37/uika/maskon_idle01.mtn","dc5ac1596c41ce88e275240788674260fb1ff212e1998c155b2223fd7c7faf39"
"uika/maskon/kime01","1","uika","30","112","3.7","L01","R02","0s:01","0s:02","../.mtn_exp/motions/PARAM_IMPORT__37/uika/maskon_kime01.mtn","b33d40ff95bff4f7c5a6cf92af00a6c4e56076cf4636ef20f17e0b6db37a1ccb"
"uika/maskon/mitore01","1","uika","30","116","3.833","L07","R09","0s:07","0s:09","../.mtn_exp/motions/PARAM_IMPORT__37/uika/maskon_mitore01.mtn","3724714f3f2d4a4a59cb1f25493879ea2825a057f7c3fb8e52dcd590b98c74d5"
"uika/maskon/nf_left01","1","uika","30","135","4.467","L01","R01","0s:01","0s:01","../.mtn_exp/motions/PARAM_IMPORT__37/uika/maskon_nf_left01.mtn","d713a9632f904b339c3e10dbaacd4ec2c6c8293c6f7040be239a201bfb75cd9d"
"uika/maskon/nf_right01","1","uika","30","119","3.933","L01","R02","0s:01","0s:02","../.mtn_exp/motions/PARAM_IMPORT__37/uika/maskon_nf_right01.mtn","3de317b669db40bba5c75282ecf9e9c84d819241d43f8d996fba01bf113214fb"
"uika/maskon/nf01","1","uika","30","146","4.833","L01","R01","0s:01","0s:01","../.mtn_exp/motions/PARAM_IMPORT__37/uika/maskon_nf01.mtn","97503e0ac5b133d487f7496f926cdf71d6f6d86c7102b6c0222c3d83fb610dfc"
"uika/maskon/nf02","1","uika","30","100","3.3","L01","R01","0s:01","0s:01","../.mtn_exp/motions/PARAM_IMPORT__37/uika/maskon_nf02.mtn","b07c5280dd534f1f1b04d4a9243112c4d90bc30e7ca64f7bd6de76eeacfa55a1"
"uika/maskon/nf03","1","uika","30","120","3.967","L01","R02","0s:01","0s:02","../.mtn_exp/motions/PARAM_IMPORT__37/uika/maskon_nf03.mtn","0db2509a3e3efe3142b8e0366e0ea855b5dc74ae374ca9e4c486091b6e2014ea"
"uika/maskon/nf04","1","uika","30","119","3.933","L01","R02","0s:01","0s:02","../.mtn_exp/motions/PARAM_IMPORT__37/uika/maskon_nf04.mtn","e976d8e404620bd8c684e176ad15c0de64e33f8163ac3fc2c61013fceb773eef"
"uika/maskon/nf05","1","uika","30","110","3.633","L07","R09","0s:07","0s:09","../.mtn_exp/motions/PARAM_IMPORT__37/uika/maskon_nf05.mtn","93d802f3611b3fbaeeeb42c91f6ddeda4ee50bbdfe11207b5eb554af619627a8"
"uika/maskon/nnf_left01","1","uika","30","135","4.467","L01","R01","0s:01","0s:01","../.mtn_exp/motions/PARAM_IMPORT__37/uika/maskon_nnf_left01.mtn","5ac73ef1ec3790d227cbc640cf93c1c9548734d9030e886e9383fe0f2d149905"
"uika/maskon/nnf_right01","1","uika","30","119","3.933","L01","R02","0s:01","0s:02","../.mtn_exp/motions/PARAM_IMPORT__37/uika/maskon_nnf_right01.mtn","0ac92e0be141b1ed4ea3e1dead6b7c4f2ee252539931175c190c7c271e444bcf"
"uika/maskon/nnf01","1","uika","30","146","4.833","L01","R01","0s:01","0s:01","../.mtn_exp/motions/PARAM_IMPORT__37/uika/maskon_nnf01.mtn","cbee4789c37a72d647b8fbf2eabff5b4b6d24f6868736eaf2abbd38b8b521c1d"
"uika/maskon/nnf02","1","uika","30","100","3.3","L01","R01","0s:01","0s:01","../.mtn_exp/motions/PARAM_IMPORT__37/uika/maskon_nnf02.mtn","b19f7b288ea0e25ecfff13d5730df8b5d9b14a1bf839a95182306f139b3549ea"
"uika/maskon/nnf03","1","uika","30","120","3.967","L01","R02","0s:01","0s:02","../.mtn_exp/motions/PARAM_IMPORT__37/uika/maskon_nnf03.mtn","8ee5e36fe51f069cb43d540e344bf993af6cb46bc6b02a0c2c7bea23d71bec50"
"uika/maskon/nnf04","1","uika","30","119","3.933","L01","R02","0s:01","0s:02","../.mtn_exp/motions/PARAM_IMPORT__37/uika/maskon_nnf04.mtn","3119c951ada88a6281e543c5bd2a3e4373450088d33d8b4bd1f6ff91cce1d5c8"
"uika/maskon/nnf05","1","uika","30","110","3.633","L07","R09","0s:07","0s:09","../.mtn_exp/motions/PARAM_IMPORT__37/uika/maskon_nnf05.mtn","05aad1662de2fd486e2fab6442cfe631012b956f6eabde9e9c07a66befa7ffe3"
"uika/maskon/sad01","1","uika","30","113","3.733","L01","R01","0s:01","0s:01","../.mtn_exp/motions/PARAM_IMPORT__37/uika/maskon_sad01.mtn","189853959d2c17d2ea890895006afff94510585181f7a37feaeee0535b09f53e"
"uika/maskon/serious01","1","uika","30","106","3.5","L07","R09","0s:07","0s:09","../.mtn_exp/motions/PARAM_IMPORT__37/uika/maskon_serious01.mtn","88b6e5cdd5ff23ea674643389e7838694e6483432dd4ba9791c19dd52f83278f"
"uika/maskon/shame01","1","uika","30","119","3.933","L01","R01","0s:01","0s:01","../.mtn_exp/motions/PARAM_IMPORT__37/uika/maskon_shame01.mtn","f0396762deea4180ed1430955eff5d61ee5fdad2128f51720a2159fe6e58ddb5"
"uika/maskon/smile01","1","uika","30","115","3.8","L07","R09","0s:07","0s:09","../.mtn_exp/motions/PARAM_IMPORT__37/uika/maskon_smile01.mtn","6d6a7ef5827037a22fdcdef8946fca6ec9d715ac8b1606bedcba7406956a6f67"
"uika/maskon/smile02","1","uika","30","110","3.633","L07","R09","0s:07","0s:09","../.mtn_exp/motions/PARAM_IMPORT__37/uika/maskon_smile02.mtn","5bb5816429630921bc9b8666d561133f197a5a8a151bc199e0cf172fd1fdc51b"
"uika/maskon/smile03","1","uika","30","115","3.8","L01","R02","0s:01","0s:02","../.mtn_exp/motions/PARAM_IMPORT__37/uika/maskon_smile03.mtn","e9840465a6fa3704d549aaabe0d34eec0e2144267d5c336f9be7e508a060d8e6"
"uika/maskon/surprised01","1","uika","30","118","3.9","L01","R01","0s:01","0s:01","../.mtn_exp/motions/PARAM_IMPORT__37/uika/maskon_surprised01.mtn","dead0062882274262ea64fece6cfd0e46b301c5b43a927faf72cf71e634cc4ed"
"uika/mitore01","1","uika","30","116","3.833","L07","R09","0s:07","0s:09","../.mtn_exp/motions/PARAM_IMPORT__37/uika/mitore01.mtn","35de34e0bc8e4e28de259f40d3b8e9aa56fb845084675102db6aa49ed97175db"
"uika/nf_left01","1","uika","30","135","4.467","L01","R01","0s:01","0s:01","../.mtn_exp/motions/PARAM_IMPORT__37/uika/nf_left01.mtn","f88dd77d486a4f191465ebf0185bb2fc919ac828562d0ba77b957b2bc954045b"
"uika/nf_right01","1","uika","30","119","3.933","L01","R02","0s:01","0s:02","../.mtn_exp/motions/PARAM_IMPORT__37/uika/nf_right01.mtn","db70050a620bd3230981fb932afd795e77956b3ad06d1d1a331158ec962c1ebe"
"uika/nf01","1","uika","30","146","4.833","L01","R01","0s:01","0s:01","../.mtn_exp/motions/PARAM_IMPORT__37/uika/nf01.mtn","b1187005d922907be300bce5afc9c783d914bc2120ddc8afa6895792310e6f3d"
"uika/nf02","1","uika","30","100","3.3","L01","R01","0s:01","0s:01","../.mtn_exp/motions/PARAM_IMPORT__37/uika/nf02.mtn","221179ee57eb44edc920009a414f452ae7f57845422fdc9305b11ed2ed95f486"
"uika/nf03","1","uika","30","120","3.967","L01","R02","0s:01","0s:02","../.mtn_exp/motions/PARAM_IMPORT__37/uika/nf03.mtn","7ab58ca91a253fe035dd3ea85ced4952d867c3fa92a035d83ab1d37440f70cec"
"uika/nf04","1","uika","30","119","3.933","L01","R02","0s:01","0s:02","../.mtn_exp/motions/PARAM_IMPORT__37/uika/nf04.mtn","aef2f31de65303beddf8e56f5951602baffa872afaceddd5ddf569c3a6acc8d2"
"uika/nf05","1","uika","30","110","3.633","L07","R09","0s:07","0s:09","../.mtn_exp/motions/PARAM_IMPORT__37/uika/nf05.mtn","b9897e78fa5a86f97c0216d95ad6cc91d62be397c9e3b8fa65e298df83b5794f"
"uika/nnf_left01","1","uika","30","135","4.467","L01","R01","0s:01","0s:01","../.mtn_exp/motions/PARAM_IMPORT__37/uika/nnf_left01.mtn","d380dcc9efce651482183334cf51c9a4cf5ddc289bd40b0ab690fbcf814668d4"
"uika/nnf_right01","1","uika","30","119","3.933","L01","R02","0s:01","0s:02","../.mtn_exp/motions/PARAM_IMPORT__37/uika/nnf_right01.mtn","b46865b8976efd863598c9ef1d2d0a82f4d0ac7bc53c82eb7242436afa3a9c05"
"uika/nnf01","1","uika","30","146","4.833","L01","R01","0s:01","0s:01","../.mtn_exp/motions/PARAM_IMPORT__37/uika/nnf01.mtn","a3c73028e039deb5b6fd8ad71c3fea2494de71396b453e9351791534b15f1088"
"uika/nnf02","1","uika","30","100","3.3","L01","R01","0s:01","0s:01","../.mtn_exp/motions/PARAM_IMPORT__37/uika/nnf02.mtn","af1b28c1f694fe38c18932a3256e74212eca4dc0afbbe3ab7d5017e5d99c099d"
"uika/nnf03","1","uika","30","120","3.967","L01","R02","0s:01","0s:02","../.mtn_exp/motions/PARAM_IMPORT__37/uika/nnf03.mtn","8c0cd8ecd6bee1b44e1943e15c99d5f8ada6e2d3caf4ddc7aa9d7804f23df451"
"uika/nnf04","1","uika","30","119","3.933","L01","R02","0s:01","0s:02","../.mtn_exp/motions/PARAM_IMPORT__37/uika/nnf04.mtn","f68b729c244afff2b01c06db09b9549c4873c99416d8597ab06e207d055231c1"
"uika/nnf05","1","uika","30","110","3.633","L07","R09","0s:07","0s:09","../.mtn_exp/motions/PARAM_IMPORT__37/uika/nnf05.mtn","f8a411f1cef7be8e0775a773fe3b069202a2614ba9bfb75af93cef98dd714482"
"uika/sad01","1","uika","30","113","3.733","L01","R01","0s:01","0s:01","../.mtn_exp/motions/PARAM_IMPORT__37/uika/sad01.mtn","2bc558c6d312b48dfc1d3322590e33661b15b05598d702e6cb2e9ae9de5c79a3"
"uika/serious01","1","uika","30","106","3.5","L07","R09","0s:07","0s:09","../.mtn_exp/motions/PARAM_IMPORT__37/uika/serious01.mtn","4cb2d7d12219ffd77489154bd3e58c6d3e24069e7292ab1b57b469bc0dd6a81c"
"uika/shame01","1","uika","30","119","3.933","L01","R01","0s:01","0s:01","../.mtn_exp/motions/PARAM_IMPORT__37/uika/shame01.mtn","da3a071f0cda13d3ed64e8c0e24499b015f5d57fe119b75602f3d5845ccb586e"
"uika/smile01","1","uika","30","115","3.8","L07","R09","0s:07","0s:09","../.mtn_exp/motions/PARAM_IMPORT__37/uika/smile01.mtn","fc5c2d0ca7b8810a900073a9c96977e97b21594f9aaeadc777a25a1a981f0bf7"
"uika/smile02","1","uika","30","110","3.633","L07","R09","0s:07","0s:09","../.mtn_exp/motions/PARAM_IMPORT__37/uika/smile02.mtn","dc972f8b402018d2f0c661ff8f625f07b0fcab3d9de2428fe749eb08206c5209"
"uika/smile03","1","uika","30","115","3.8","L01","R02","0s:01","0s:02","../.mtn_exp/motions/PARAM_IMPORT__37/uika/smile03.mtn","df62c33c5b005982aa25946a91727ce0a6d0553ab4ba0d1455b4f2c2d14cc42c"
"uika/surprised01","1","uika","30","118","3.9","L01","R01","0s:01","0s:01","../.mtn_exp/motions/PARAM_IMPORT__37/uika/surprised01.mtn","e2e7c410f95bcc0edf570b480660f872f7a6f4a779a5e0387fa3a20c05a8f729"
"umiri/angry01","1","umiri","30","123","4.067","L07","R09","0s:07","0s:09","../.mtn_exp/motions/PARAM_IMPORT__37/umiri/angry01.mtn","18baf782346ab89dee342a1f23670d612bbb5debd90adb4ad2381989ebe53e4a"
"umiri/angry02","1","umiri","30","123","4.067","L07","R09","0s:07","0s:09","../.mtn_exp/motions/PARAM_IMPORT__37/umiri/angry02.mtn","42ca26360adba0187ac94eedc4d5bb9681e7f5f6dc0f4259641658659984d3a9"
"umiri/bow","1","umiri","30","105","3.467","L01","R01","0s:01","0s:01","../.mtn_exp/motions/PARAM_IMPORT__37/umiri/bow.mtn","aa267fac44693454cbf3d9965222ef0c827b9eb0eb0e3f59b9b69772273b0e0f"
"umiri/bye01","1","umiri","30","108","3.567","L07","R09","0s:07","0s:09","../.mtn_exp/motions/PARAM_IMPORT__37/umiri/bye01.mtn","13972db99e9b431d62f64c5dcda8feaf232ccf881049274e50c698a18eb07d8e"
"umiri/idle01","1","umiri","30","150","4.967","L07","R09","0s:07","0s:09","../.mtn_exp/motions/PARAM_IMPORT__37/umiri/idle01.mtn","05f58b5f13201c220814c8d05eab2d615a49a2ff87014d35e5741838ccddc13c"
"umiri/kime01","1","umiri","30","107","3.533","L01","R02","0s:01","0s:02","../.mtn_exp/motions/PARAM_IMPORT__37/umiri/kime01.mtn","11a2826525ecedf3b4a35181256fbd901354f936f62fe6532a32ae96cb56f9a4"
"umiri/maskon/angry01","1","umiri","30","123","4.067","L07","R09","0s:07","0s:09","../.mtn_exp/motions/PARAM_IMPORT__37/umiri/maskon_angry01.mtn","32ea0004acac69326911f7c7711f226b00b0995c75c34552d8b072ebb153e104"
"umiri/maskon/angry02","1","umiri","30","123","4.067","L07","R09","0s:07","0s:09","../.mtn_exp/motions/PARAM_IMPORT__37/umiri/maskon_angry02.mtn","4f7ef229249abd832f18778032bca36260a2c78124d14ccd23d4ed53e6fc8d2a"
"umiri/maskon/bow","1","umiri","30","105","3.467","L01","R01","0s:01","0s:01","../.mtn_exp/motions/PARAM_IMPORT__37/umiri/maskon_bow.mtn","a8e7b627f820479854a0db66e776d8bbffe78bc143a7a206b2478b8181f6d301"
"umiri/maskon/bye01","1","umiri","30","108","3.567","L07","R09","0s:07","0s:09","../.mtn_exp/motions/PARAM_IMPORT__37/umiri/maskon_bye01.mtn","11e234a5852bd8b415038579e4ad4bc981917a9fb53a46b7f40363ed6cccc388"
"umiri/maskon/idle01","1","umiri","30","150","4.967","L07","R09","0s:07","0s:09","../.mtn_exp/motions/PARAM_IMPORT__37/umiri/maskon_idle01.mtn","c4fec76f3df26f3dfd34fdbd9df90dd65518569c9be47fa1f76be0262fd6483a"
"umiri/maskon/kime01","1","umiri","30","107","3.533","L01","R02","0s:01","0s:02","../.mtn_exp/motions/PARAM_IMPORT__37/umiri/maskon_kime01.mtn","c2c8bf38d57e3ebb317e684c7a4cb934bf0f44125f9bbb7d6e3cdb52f375ad71"
"umiri/maskon/nf_left01","1","umiri","30","132","4.367","L07","R09","0s:07","0s:09","../.mtn_exp/motions/PARAM_IMPORT__37/umiri/maskon_nf_left01.mtn","b5df21e736ee31ed42c61db673ad7da638cb1c3b4613a48095a4193c87c8cdc6"
"umiri/maskon/nf_right01","1","umiri","30","111","3.667","L01","R02","0s:01","0s:02","../.mtn_exp/motions/PARAM_IMPORT__37/umiri/maskon_nf_right01.mtn","30e37f1338cc48125d600b76d935c36e7ba11703a87052409a848b2748ad5be1"
"umiri/maskon/nf01","1","umiri","30","140","4.633","L07","R09","0s:07","0s:09","../.mtn_exp/motions/PARAM_IMPORT__37/umiri/maskon_nf01.mtn","877112f70e297d0a0dcec63c6fc2d4a4950be857f96fdf1995f1a4c5c6a37b38"
"umiri/maskon/nf02","1","umiri","30","117","3.867","L07","R09","0s:07","0s:09","../.mtn_exp/motions/PARAM_IMPORT__37/umiri/maskon_nf02.mtn","e30f4e0e26f6a76763af19ce2f0720fada2348663b36f7a5881f1253844cb47b"
"umiri/maskon/nf03","1","umiri","30","130","4.3","L01","R02","0s:01","0s:02","../.mtn_exp/motions/PARAM_IMPORT__37/umiri/maskon_nf03.mtn","0a4842fe8f0869166d7c97565add75d72aad11fc53d71e8895f12ad411685236"
"umiri/maskon/nf04","1","umiri","30","122","4.033","L07","R09","0s:07","0s:09","../.mtn_exp/motions/PARAM_IMPORT__37/umiri/maskon_nf04.mtn","29df0db8eec7c06ed5b7f848507269e62ed147096e28000e1efb918b4aae4724"
"umiri/maskon/nf05","1","umiri","30","111","3.667","L01","R02","0s:01","0s:02","../.mtn_exp/motions/PARAM_IMPORT__37/umiri/maskon_nf05.mtn","84dba2083eeb21240e802c51596796a5b3fa876fe22e283db6ab6d010726b553"
"umiri/maskon/sad01","1","umiri","30","175","5.8","L07","R09","0s:07","0s:09","../.mtn_exp/motions/PARAM_IMPORT__37/umiri/maskon_sad01.mtn","9169496160036b67696ea531d547913e54a63edda353bf5fdc473e8314261893"
"umiri/maskon/serious01","1","umiri","30","104","3.433","L07","R09","0s:07","0s:09","../.mtn_exp/motions/PARAM_IMPORT__37/umiri/maskon_serious01.mtn","4328a10168ee98a70ea31fb366e0eea6975b2d1e9ec37a088375bddd2b95ed9e"
"umiri/maskon/sigh01","1","umiri","30","126","4.167","L07","R09","0s:07","0s:09","../.mtn_exp/motions/PARAM_IMPORT__37/umiri/maskon_sigh01.mtn","a275f5441a32410f481dd1b18e6c39bfcf445f9a3413856963f0d0c503e8e8e5"
"umiri/maskon/smile01","1","umiri","30","112","3.7","L01","R02","0s:01","0s:02","../.mtn_exp/motions/PARAM_IMPORT__37/umiri/maskon_smile01.mtn","107e78b2c08127c9d4579e54e8d2d3d316d1365381dc4fd6d3226f11f020b9b2"
"umiri/maskon/smile02","1","umiri","30","118","3.9","L07","R09","0s:07","0s:09","../.mtn_exp/motions/PARAM_IMPORT__37/umiri/maskon_smile02.mtn","02154dc3509316b25a3e83550247b545fbeaf36f37fe4ed6ad38b67c24937266"
"umiri/maskon/smile03","1","umiri","30","112","3.7","L07","R09","0s:07","0s:09","../.mtn_exp/motions/PARAM_IMPORT__37/umiri/maskon_smile03.mtn","e3495b3233d764d2b31817641def5ed536aacfbdf072c1ba3237a60fb7836180"
"umiri/maskon/smile04","1","umiri","30","118","3.9","L07","R09","0s:07","0s:09","../.mtn_exp/motions/PARAM_IMPORT__37/umiri/maskon_smile04.mtn","7e764d1b56192ad689f5bf89c3c8ee82b5ae28800133c9fe95314fee0e0052d4"
"umiri/maskon/smile05","1","umiri","30","112","3.7","L07","R05","0s:07","0s:05","../.mtn_exp/motions/PARAM_IMPORT__37/umiri/maskon_smile05.mtn","d1c42ce03956b786a03653a2ddc65b3394a0bbe1db166f2e40617c382fac5e0f"
"umiri/maskon/surprised01","1","umiri","30","97","3.2","L01","R01","0s:01","0s:01","../.mtn_exp/motions/PARAM_IMPORT__37/umiri/maskon_surprised01.mtn","e2dcb2aab95be866867c5679db4c1f7d856e67cd37b3c8c6aa5648e132bf24cf"
"umiri/maskon/thinking01","1","umiri","30","125","4.133","L07","R01","0s:07","0s:01","../.mtn_exp/motions/PARAM_IMPORT__37/umiri/maskon_thinking01.mtn","f9c2a24590596365150f2dd67d67023f564642ce7a23e4c4a3e5d00ea38fd1ce"
"umiri/nf_left01","1","umiri","30","132","4.367","L07","R09","0s:07","0s:09","../.mtn_exp/motions/PARAM_IMPORT__37/umiri/nf_left01.mtn","25b8ef20c8f86b30c96107744296624f603fb80178ece4f6887fc93c56761329"
"umiri/nf_right01","1","umiri","30","111","3.667","L01","R02","0s:01","0s:02","../.mtn_exp/motions/PARAM_IMPORT__37/umiri/nf_right01.mtn","6075948fbc5ad13ff197b9eeb404eadbf495cd4bb54747dfcd643ad81ed667ec"
"umiri/nf01","1","umiri","30","140","4.633","L07","R09","0s:07","0s:09","../.mtn_exp/motions/PARAM_IMPORT__37/umiri/nf01.mtn","3f46d532db6e15b88c446359613337fd6b5224507f1587ff091fec2ddf81a18f"
"umiri/nf02","1","umiri","30","117","3.867","L07","R09","0s:07","0s:09","../.mtn_exp/motions/PARAM_IMPORT__37/umiri/nf02.mtn","f810159e7993aa82717a25073c8b98901cb318e7d64e265f985b967bb8e1ff2a"
"umiri/nf03","1","umiri","30","130","4.3","L01","R02","0s:01","0s:02","../.mtn_exp/motions/PARAM_IMPORT__37/umiri/nf03.mtn","f3d1eecfa693e3f04cfc01cbec4863e75c0248c063c0ac93cce30a094d2f0a40"
"umiri/nf04","1","umiri","30","122","4.033","L07","R09","0s:07","0s:09","../.mtn_exp/motions/PARAM_IMPORT__37/umiri/nf04.mtn","99eb57f86d30cbffa7f37213d2d02698a6a8ec4d5bd699ede4df6df5d3e18be5"
"umiri/nf05","1","umiri","30","111","3.667","L01","R02","0s:01","0s:02","../.mtn_exp/motions/PARAM_IMPORT__37/umiri/nf05.mtn","d4b03300897950822261a717d6dda53e0069d53d8e442e899c16d1f4ba953a84"
"umiri/sad01","1","umiri","30","175","5.8","L07","R09","0s:07","0s:09","../.mtn_exp/motions/PARAM_IMPORT__37/umiri/sad01.mtn","7cd5551f204d9dd2231aac4f541d061d81bacb9c99898daed65fd24a6136c914"
"umiri/serious01","1","umiri","30","104","3.433","L07","R09","0s:07","0s:09","../.mtn_exp/motions/PARAM_IMPORT__37/umiri/serious01.mtn","bc95911f2250c1ea0d0ae4d8a69cf21980b9886a5dac5bf6758f71dda946773b"
"umiri/sigh01","1","umiri","30","126","4.167","L07","R09","0s:07","0s:09","../.mtn_exp/motions/PARAM_IMPORT__37/umiri/sigh01.mtn","752f75397d561752e2c20788e60afb003251d98de7e2486f855bde37c2f0d8cb"
"umiri/smile01","1","umiri","30","112","3.7","L01","R02","0s:01","0s:02","../.mtn_exp/motions/PARAM_IMPORT__37/umiri/smile01.mtn","b030bb7c1f30e9ef5b88aae9236f9dbd063af7b431a848f84a4c677cd9403365"
"umiri/smile02","1","umiri","30","118","3.9","L07","R09","0s:07","0s:09","../.mtn_exp/motions/PARAM_IMPORT__37/umiri/smile02.mtn","401fa18ff5f6c42d8ffb752939eeca70076fc532b130382b66c274888d8a43d5"
"umiri/smile03","1","umiri","30","112","3.7","L07","R09","0s:07","0s:09","../.mtn_exp/motions/PARAM_IMPORT__37/umiri/smile03.mtn","4830e3a9da3eb22a0b91a4802b6cd37a922f9a777988694bf20f926ddf8b8a2a"
"umiri/smile04","1","umiri","30","118","3.9","L07","R09","0s:07","0s:09","../.mtn_exp/motions/PARAM_IMPORT__37/umiri/smile04.mtn","b520a135f164393df707568eea0226d7aeb1cd3d0da8a76810040684ebbfc70d"
"umiri/smile05","1","umiri","30","112","3.7","L07","R05","0s:07","0s:05","../.mtn_exp/motions/PARAM_IMPORT__37/umiri/smile05.mtn","170a00105d7ab7a909d18c175685529b8233f0ffd0702dc5d21c9fd1e5dded58"
"umiri/surprised01","1","umiri","30","97","3.2","L01","R01","0s:01","0s:01","../.mtn_exp/motions/PARAM_IMPORT__37/umiri/surprised01.mtn","34e66994bfd5f8ff884ba2a7d608b623b07a78aca2fefd6389a5ef381a0f9c6e"
"umiri/thinking01","1","umiri","30","125","4.133","L07","R01","0s:07","0s:01","../.mtn_exp/motions/PARAM_IMPORT__37/umiri/thinking01.mtn","cee23e8c1b627a6cecc73c6539b5c64c01f9b3fd9114ed823cb36c8a481b9ce6"